<?xml version="1.0" encoding="utf-8"?>
<ClinicalDocument xmlns:xsi="http://www.w3.org/2001/XMLSchema-instance" xmlns="urn:hl7-org:v3" xmlns:voc="urn:hl7-org:v3/voc" xmlns:sdtc="urn:hl7-org:sdtc">

<!-- QRDA Header -->
<realmCode code="US"/>
<typeId root="2.16.840.1.113883.1.3" extension="POCD_HD000040"/>
<!-- US Realm Header Template Id -->
<templateId root="2.16.840.1.113883.10.20.22.1.1" extension="2015-08-01"/>
<!-- QRDA templateId -->
<templateId root="2.16.840.1.113883.10.20.24.1.1" extension="2017-08-01"/>
<!-- QDM-based QRDA templateId -->
<templateId root="2.16.840.1.113883.10.20.24.1.2" extension="2018-10-01"/>
<!-- CMS QRDA templateId -->
<templateId root="2.16.840.1.113883.10.20.24.1.3" extension="2019-02-01"/>
<!-- This is the globally unique identifier for this QRDA document -->
<id root="54b054b0-fb51-0138-88e2-080027e672fa"/>
<!-- QRDA document type code -->
<code code="55182-0" codeSystem="2.16.840.1.113883.6.1" codeSystemName="LOINC" displayName="Quality Measure Report"/>
<title>QRDA Incidence Report</title>
<!-- This is the document creation time -->
<effectiveTime value="20201028134222"/>
<confidentialityCode code="N" codeSystem="2.16.840.1.113883.5.25"/>
<languageCode code="en"/>
<!-- reported patient -->
<recordTarget>
  <patientRole>
    <id extension="5f99753e63623903c1fcd891" root="1.3.6.1.4.1.115" />
      <addr use="HP">
          <streetAddressLine>80493 Sebastian Island Cape</streetAddressLine>
        <city>Handbury</city>
        <state>MO</state>
        <postalCode>65026</postalCode>
        <country>US</country>
      </addr>
      <telecom use="HP" value="tel:1-381-553-5336"/>
    <patient>
        <name>
          <given>Salvador</given>
          <family>Flowers</family>
        </name>
          <administrativeGenderCode code="M" codeSystem="2.16.840.1.113883.5.1" codeSystemName="AdministrativeGender"/>
        <birthTime value='20000210154800'/>
          <raceCode code="2076-8" codeSystem="2.16.840.1.113883.6.238" codeSystemName="CDCREC"/>
          <ethnicGroupCode code="2135-2" codeSystem="2.16.840.1.113883.6.238" codeSystemName="CDCREC"/>
      <languageCommunication>
        <languageCode code="eng"/>
      </languageCommunication>
    </patient>
  </patientRole>
</recordTarget>
<author>
  <time value="20201028134222"/>
  <assignedAuthor>
    <!-- NPI -->
      <id extension="1154640274" root="2.16.840.1.113883.4.6"/>
    <addr>
      <streetAddressLine>202 Burlington Rd.</streetAddressLine>
      <city>Bedford</city>
      <state>MA</state>
      <postalCode>01730</postalCode>
      <country>US</country>
    </addr>
    <telecom use="WP" value="tel:(781)271-3000"/>
    <assignedAuthoringDevice>
      <manufacturerModelName>Cypress</manufacturerModelName>
      <softwareName>Cypress</softwareName>
    </assignedAuthoringDevice>
  </assignedAuthor>
</author><custodian>
  <assignedCustodian>
    <representedCustodianOrganization>
        <id extension="444022" root="2.16.840.1.113883.4.336"/>
      <name>Cypress Test Deck</name>
      <telecom use="WP" value="tel:(781)271-3000"/>
      <addr use="HP">
        <streetAddressLine>4171 Schulist Brook Springs</streetAddressLine>
        <city>Othaborough</city>
        <state>GA</state>
        <postalCode>30173</postalCode>
        <country>US</country>
      </addr>
    </representedCustodianOrganization>
  </assignedCustodian>
</custodian>
<legalAuthenticator>
  <time value="20201028134222"/>
  <signatureCode code="S"/>
  <assignedEntity>
    <id root="bc01a5d1-3a34-4286-82cc-43eb04c972a7"/>
    <addr>
      <streetAddressLine>202 Burlington Rd.</streetAddressLine>
      <city>Bedford</city>
      <state>MA</state>
      <postalCode>01730</postalCode>
      <country>US</country>
    </addr>
    <telecom use="WP" value="tel:(781)271-3000"/>
    <assignedPerson>
      <name>
        <given>Henry</given>
        <family>Seven</family>
      </name>
    </assignedPerson>
    <representedOrganization>
      <id root="2.16.840.1.113883.19.5"/>
      <name>Cypress</name>
    </representedOrganization>
  </assignedEntity>
</legalAuthenticator><participant typeCode="DEV">
  <associatedEntity classCode="RGPR">
    <!-- CMS EHR Certification Number (formerly known as Office of the 
        National Coordinator Certification Number) -->
    <id extension="123456789" root="2.16.840.1.113883.3.2074.1"/>
  </associatedEntity>
</participant><documentationOf typeCode="DOC">
  <serviceEvent classCode="PCPR">
    <!-- care provision -->
    <effectiveTime>
      <low nullFlavor="UNK"/>
      <high nullFlavor="UNK"/>
    </effectiveTime>
    <!-- You can include multiple performers, each with an NPI, TIN, CCN. -->
    <performer typeCode="PRF">
      <time>
        <low nullFlavor="UNK"/>
        <high nullFlavor="UNK"/>
      </time>
      <assignedEntity>
          <id extension="1154640274" root="2.16.840.1.113883.4.6"/>
          <id extension="444022" root="2.16.840.1.113883.4.336"/>
        <code code="207Q00000X" codeSystem="2.16.840.1.113883.6.101" codeSystemName="Healthcare Provider Taxonomy (HIPAA)"/>
        <addr use="HP">
          <streetAddressLine>4171 Schulist Brook Springs</streetAddressLine>
          <city>Othaborough</city>
          <state>GA</state>
          <postalCode>30173</postalCode>
          <country>US</country>
        </addr>
        <assignedPerson>
          <name>
            <given>Sarah</given>
            <family>Hampton</family>
          </name>
        </assignedPerson>
        <representedOrganization>
          <id extension="240625642" root="2.16.840.1.113883.4.2"/>
          <addr use="HP">
            <streetAddressLine>4171 Schulist Brook Springs</streetAddressLine>
            <city>Othaborough</city>
            <state>GA</state>
            <postalCode>30173</postalCode>
            <country>US</country>
          </addr>
        </representedOrganization>
      </assignedEntity>
    </performer>
  </serviceEvent>
</documentationOf>
<component>
  <structuredBody>
    <component>
      <section>
        <!-- 
          *****************************************************************
          Measure Section
          *****************************************************************
        -->
        <!-- This is the templateId for Measure Section -->
        <templateId root="2.16.840.1.113883.10.20.24.2.2"/>
        <!-- This is the templateId for Measure Section QDM -->
        <templateId root="2.16.840.1.113883.10.20.24.2.3"/>
        <!-- This is the LOINC code for "Measure document". This stays the same for all measure section required by QRDA standard -->
        <code code="55186-1" codeSystem="2.16.840.1.113883.6.1"/>
        <title>Measure Section</title>
        <text>
          <table border="1" width="100%">
            <thead>
              <tr>
                <th>eMeasure Title</th>
                <th>Version specific identifier</th>
              </tr>
            </thead>
            <tbody>
              <tr>
                <td>Percentage of patients 13 years of age and older with a new episode of alcohol or other drug abuse or (AOD) dependence who received the following. Two rates are reported.

a. Percentage of patients who initiated treatment including either an intervention or medication for the treatment of AOD abuse or dependence within 14 days of the diagnosis 
b. Percentage of patients who engaged in ongoing treatment including two additional interventions or a medication for the treatment of AOD abuse or dependence within 34 days of the initiation visit. For patients who initiated treatment with a medication, at least one of the two engagement events must be a treatment intervention.</td>
                <td>40280382-6963-BF5E-0169-EEFCE996426D</td>
                <td/>
              </tr>
            </tbody>
          </table>
        </text>
        <!-- 1..* Organizers, each containing a reference to an eMeasure -->
        <entry>
          <organizer classCode="CLUSTER" moodCode="EVN">
            <!-- This is the templateId for Measure Reference -->
            <templateId root="2.16.840.1.113883.10.20.24.3.98"/>
            <!-- This is the templateId for eMeasure Reference QDM -->
            <templateId root="2.16.840.1.113883.10.20.24.3.97"/>
            <id extension="54b6b0b0-fb51-0138-88e2-080027e672fa" root="1.3.6.1.4.1.115"/>
            <statusCode code="completed"/>
            <!-- Containing isBranch external references -->
            <reference typeCode="REFR">
              <externalDocument classCode="DOC" moodCode="EVN">
                <!-- SHALL: This is the version specific identifier for eMeasure: QualityMeasureDocument/id it is a GUID-->
                <id extension="40280382-6963-BF5E-0169-EEFCE996426D" root="2.16.840.1.113883.4.738"/>
                <!-- SHOULD This is the title of the eMeasure -->
                <text>Percentage of patients 13 years of age and older with a new episode of alcohol or other drug abuse or (AOD) dependence who received the following. Two rates are reported.

a. Percentage of patients who initiated treatment including either an intervention or medication for the treatment of AOD abuse or dependence within 14 days of the diagnosis 
b. Percentage of patients who engaged in ongoing treatment including two additional interventions or a medication for the treatment of AOD abuse or dependence within 34 days of the initiation visit. For patients who initiated treatment with a medication, at least one of the two engagement events must be a treatment intervention.</text>
                <!-- SHOULD: setId is the eMeasure version neutral id  -->
                <setId root="C3657D72-21B4-4675-820A-86C7FE293BF5"/>
              </externalDocument>
            </reference>
          </organizer>
        </entry>
      </section>
    </component>    <component>
      <section>
        <!-- This is the templateId for Reporting Parameters section -->
        <templateId root="2.16.840.1.113883.10.20.17.2.1"/>
        <templateId extension="2016-03-01" root="2.16.840.1.113883.10.20.17.2.1.1"/>
        <code code="55187-9" codeSystem="2.16.840.1.113883.6.1"/>
        <title>Reporting Parameters</title>
        <text></text>
        <entry typeCode="DRIV">
          <act classCode="ACT" moodCode="EVN">
            <!-- This is the templateId for Reporting Parameteres Act -->
            <templateId root="2.16.840.1.113883.10.20.17.3.8"/>
            <templateId extension="2016-03-01" root="2.16.840.1.113883.10.20.17.3.8.1"/>
            <id extension="54b6cbc0-fb51-0138-88e2-080027e672fa" root="1.3.6.1.4.1.115"/>
            <code code="252116004" codeSystem="2.16.840.1.113883.6.96" displayName="Observation Parameters"/>
            <effectiveTime>
              <low value="20200101000000"/>
              <high value="20201231235959"/>
            </effectiveTime>
          </act>
        </entry>
      </section>
    </component>    <component>
        <section>
          <!-- This is the templateId for Patient Data section -->
          <templateId root="2.16.840.1.113883.10.20.17.2.4"/>
          <!-- This is the templateId for Patient Data QDM section -->
          <templateId extension="2018-10-01" root="2.16.840.1.113883.10.20.24.2.1"/>
          <templateId extension="2019-02-01" root="2.16.840.1.113883.10.20.24.2.1.1"/>
          <code code="55188-7" codeSystem="2.16.840.1.113883.6.1"/>
          <title>Patient Data</title>
          <text/>







            <entry>
              <act classCode="ACT" moodCode="EVN">
                <!-- Conforms to C-CDA 2.1 Problem Concern Act (V3) -->
                <templateId root="2.16.840.1.113883.10.20.22.4.3" extension="2015-08-01" />
                <!-- Diagnosis Concern Act -->
                <templateId root="2.16.840.1.113883.10.20.24.3.137" extension="2017-08-01"/>
                <id root="1.3.6.1.4.1.115" extension="5f99752f63623903c1fcccba"/>
                <code code="CONC" codeSystem="2.16.840.1.113883.5.6" displayName="Concern" />
                <statusCode code="active" />
                <effectiveTime><low value='20200223081500'/><high nullFlavor='UNK'/></effectiveTime>
                <entryRelationship typeCode="SUBJ">
                  <observation classCode="OBS" moodCode="EVN">
                    <!-- Conforms to C-CDA R2.1 Problem Observation (V3) -->
                    <templateId root="2.16.840.1.113883.10.20.22.4.4" extension="2015-08-01" />
                    <!-- Diagnosis template -->
                    <templateId root="2.16.840.1.113883.10.20.24.3.135" extension="2017-08-01" />
                    <id root="1.3.6.1.4.1.115" extension="5f99752f63623903c1fcccba"/>
                    <code code="29308-4" codeSystem="2.16.840.1.113883.6.1">
                      <translation code="282291009" codeSystem="2.16.840.1.113883.6.96"/>
                    </code>
                    <statusCode code="completed" />
                    <!-- QDM Attribute: Prevalence Period -->
                    <effectiveTime><low value='20200223081500'/><high nullFlavor='UNK'/></effectiveTime>
                    <!-- QDM Attribute: Code -->
                      <value xsi:type="CD" code="5602001" codeSystem="2.16.840.1.113883.6.96" codeSystemName="SNOMEDCT">
                      <translation code="F11.129" codeSystem="2.16.840.1.113883.6.90" codeSystemName="ICD10CM"/>
                      </value>
                  </observation>
                </entryRelationship>
              </act>
            </entry>








            <entry>
              <act classCode="ACT" moodCode="EVN" >
                <!--Encounter performed Act -->
                <templateId extension="2017-08-01" root="2.16.840.1.113883.10.20.24.3.133"/>
                <code code="ENC" codeSystem="2.16.840.1.113883.5.6" codeSystemName="ActClass" displayName="Encounter"/>
                <entryRelationship typeCode="SUBJ">
                  <encounter classCode="ENC" moodCode="EVN">
                    <!--  Encounter activities template -->
                    <templateId extension="2015-08-01" root="2.16.840.1.113883.10.20.22.4.49"/>
                    <!-- Encounter performed template -->
                    <templateId extension="2017-08-01" root="2.16.840.1.113883.10.20.24.3.23"/>
                    <id extension="5f99752f63623903c1fcccbc" root="1.3.6.1.4.1.115"/>
                    <!-- QDM Attribute: Code -->
                      <code code="99203" codeSystem="2.16.840.1.113883.6.12" codeSystemName="CPT"/>
                    <text>Office Visit</text>
                    <statusCode code="completed"/>
                      <!-- QDM Attribute: Relevant Period -->
                      <effectiveTime><low value='20200223080000'/><high value='20200223083000'/></effectiveTime>
                  </encounter>
                </entryRelationship>
              </act>
            </entry>            <entry>
              <act classCode="ACT" moodCode="EVN" >
                <!--Encounter performed Act -->
                <templateId extension="2017-08-01" root="2.16.840.1.113883.10.20.24.3.133"/>
                <code code="ENC" codeSystem="2.16.840.1.113883.5.6" codeSystemName="ActClass" displayName="Encounter"/>
                <entryRelationship typeCode="SUBJ">
                  <encounter classCode="ENC" moodCode="EVN">
                    <!--  Encounter activities template -->
                    <templateId extension="2015-08-01" root="2.16.840.1.113883.10.20.22.4.49"/>
                    <!-- Encounter performed template -->
                    <templateId extension="2017-08-01" root="2.16.840.1.113883.10.20.24.3.23"/>
                    <id extension="5f99752f63623903c1fcccbe" root="1.3.6.1.4.1.115"/>
                    <!-- QDM Attribute: Code -->
                      <code code="32485007" codeSystem="2.16.840.1.113883.6.96" codeSystemName="SNOMEDCT"/>
                    <text>Encounter Inpatient</text>
                    <statusCode code="completed"/>
                      <!-- QDM Attribute: Relevant Period -->
                      <effectiveTime><low value='20200722080000'/><high value='20200730113000'/></effectiveTime>
                      <!-- QDM Attribute: Discharge Disposition -->
                      <sdtc:dischargeDispositionCode code="428371000124100" codeSystem="2.16.840.1.113883.6.96" codeSystemName="SNOMEDCT"/>
                  </encounter>
                </entryRelationship>
              </act>
            </entry>






























            <entry>
              <!-- Patient Characteristic Payer -->
              <observation classCode="OBS" moodCode="EVN">
                <templateId root="2.16.840.1.113883.10.20.24.3.55"/>
                <id root="54ba8030-fb51-0138-88e2-080027e672fa"/> 
                <code code="48768-6" codeSystemName="LOINC" codeSystem="2.16.840.1.113883.6.1" displayName="Payment source"/> 
                <statusCode code="completed"/>
                  <!-- QDM Attribute: Relevant Period -->
                  <effectiveTime><low value='20000210154800'/><high nullFlavor='UNK'/></effectiveTime>
                  <value xsi:type="CD" code="2" codeSystem="2.16.840.1.113883.3.221.5" codeSystemName="Source of Payment Typology"/>
              </observation>            
            </entry>
        </section>
      </component>
    </structuredBody>
  </component>
</ClinicalDocument>