<?xml version="1.0" encoding="utf-8"?>
<ClinicalDocument xmlns:xsi="http://www.w3.org/2001/XMLSchema-instance" xmlns="urn:hl7-org:v3" xmlns:voc="urn:hl7-org:v3/voc" xmlns:sdtc="urn:hl7-org:sdtc">

<!-- QRDA Header -->
<realmCode code="US"/>
<typeId root="2.16.840.1.113883.1.3" extension="POCD_HD000040"/>
<!-- US Realm Header Template Id -->
<templateId root="2.16.840.1.113883.10.20.22.1.1" extension="2015-08-01"/>
<!-- QRDA templateId -->
<templateId root="2.16.840.1.113883.10.20.24.1.1" extension="2017-08-01"/>
<!-- QDM-based QRDA templateId -->
<templateId root="2.16.840.1.113883.10.20.24.1.2" extension="2017-08-01"/>
<!-- CMS QRDA templateId -->
<templateId root="2.16.840.1.113883.10.20.24.1.3" extension="2018-02-01"/>
<!-- This is the globally unique identifier for this QRDA document -->
<id root="a85fcc50-b79d-0137-1c4c-0800274d695b"/>
<!-- QRDA document type code -->
<code code="55182-0" codeSystem="2.16.840.1.113883.6.1" codeSystemName="LOINC" displayName="Quality Measure Report"/>
<title>QRDA Incidence Report</title>
<!-- This is the document creation time -->
<effectiveTime value="20190912151228"/>
<confidentialityCode code="N" codeSystem="2.16.840.1.113883.5.25"/>
<languageCode code="en"/>
<!-- reported patient -->
<recordTarget>
  <patientRole>
    <id extension="dcb98f93-3b46-49f9-a457-7287ddb74cda_3" root="1.3.6.1.4.1.115" />
    <addr use="HP">
      <streetAddressLine>202 Burlington Rd.</streetAddressLine>
      <city>Bedford</city>
      <state>MA</state>
      <postalCode>01730</postalCode>
      <country>US</country>
    </addr>
    <telecom use="WP" value="tel:+1-781-271-3000"/>
    <patient>
      <name>
        <given>Troy</given>
        <family>Romero</family>
      </name>
      <administrativeGenderCode code="M" codeSystem="2.16.840.1.113883.5.1" codeSystemName="HL7 AdministrativeGender"/>
      <birthTime value="19560523132400"/>
      <raceCode code="2054-5" codeSystemName="CDC Race and Ethnicity" codeSystem="2.16.840.1.113883.6.238"/>
      <ethnicGroupCode code="2186-5" codeSystemName="CDC Race and Ethnicity" codeSystem="2.16.840.1.113883.6.238"/>
      <languageCommunication>
        <templateId root="2.16.840.1.113883.3.88.11.83.2" assigningAuthorityName="HITSP/C83"/>
        <templateId root="1.3.6.1.4.1.19376.1.5.3.1.2.1" assigningAuthorityName="IHE/PCC"/>
        <languageCode code="eng"/>
      </languageCommunication>
    </patient>
  </patientRole>
</recordTarget><author>
  <time value="20190912151228"/>
  <assignedAuthor>
    <!-- NPI -->
      <id extension="1831240969" root="2.16.840.1.113883.4.6"/>
    <addr>
      <streetAddressLine>202 Burlington Rd.</streetAddressLine>
      <city>Bedford</city>
      <state>MA</state>
      <postalCode>01730</postalCode>
      <country>US</country>
    </addr>
    <telecom use="WP" value="tel:(781)271-3000"/>
    <assignedAuthoringDevice>
      <manufacturerModelName>Cypress</manufacturerModelName>
      <softwareName>Cypress</softwareName>
    </assignedAuthoringDevice>
  </assignedAuthor>
</author><custodian>
  <assignedCustodian>
    <representedCustodianOrganization>
        <id extension="200267" root="2.16.840.1.113883.4.336"/>
      <name>Cypress Test Deck</name>
      <telecom use="WP" value="tel:(781)271-3000"/>
        <addr use="HP">
          <streetAddressLine>490 Orville Ridges Camp</streetAddressLine>
          <city>New Joaniechester</city>
          <state>IN</state>
          <postalCode>46368</postalCode>
          <country>US</country>
        </addr>
    </representedCustodianOrganization>
  </assignedCustodian>
</custodian>
<legalAuthenticator>
  <time value="20190912151228"/>
  <signatureCode code="S"/>
  <assignedEntity>
    <id root="bc01a5d1-3a34-4286-82cc-43eb04c972a7"/>
    <addr>
      <streetAddressLine>202 Burlington Rd.</streetAddressLine>
      <city>Bedford</city>
      <state>MA</state>
      <postalCode>01730</postalCode>
      <country>US</country>
    </addr>
    <telecom use="WP" value="tel:(781)271-3000"/>
    <assignedPerson>
      <name>
        <given>Henry</given>
        <family>Seven</family>
      </name>
    </assignedPerson>
    <representedOrganization>
      <id root="2.16.840.1.113883.19.5"/>
      <name>Cypress</name>
    </representedOrganization>
  </assignedEntity>
</legalAuthenticator><participant typeCode="DEV">
  <associatedEntity classCode="RGPR">
    <!-- CMS EHR Certification Number (formerly known as Office of the 
        National Coordinator Certification Number) -->
    <id extension="123456789" root="2.16.840.1.113883.3.2074.1"/>
  </associatedEntity>
</participant><documentationOf typeCode="DOC">
  <serviceEvent classCode="PCPR">
    <!-- care provision -->
    <effectiveTime>
      <low nullFlavor="UNK"/>
      <high nullFlavor="UNK"/>
    </effectiveTime>
    <!-- You can include multiple performers, each with an NPI, TIN, CCN. -->
    <performer typeCode="PRF">
      <time>
        <low nullFlavor="UNK"/>
        <high nullFlavor="UNK"/>
      </time>
      <assignedEntity>
        <id extension="1831240969" root="2.16.840.1.113883.4.6"/>
          <id extension="200267" root="2.16.840.1.113883.4.336"/>
        <code code="207Q00000X" codeSystem="2.16.840.1.113883.6.101" codeSystemName="Healthcare Provider Taxonomy (HIPAA)"/>
        <addr use="HP">
          <streetAddressLine>490 Orville Ridges Camp</streetAddressLine>
          <city>New Joaniechester</city>
          <state>IN</state>
          <postalCode>46368</postalCode>
          <country>US</country>
        </addr>
        <assignedPerson>
          <name>
            <given>Alicia</given>
            <family>Fields</family>
          </name>
        </assignedPerson>
        <representedOrganization>
          <id extension="248380266" root="2.16.840.1.113883.4.2"/>
          <addr use="HP">
            <streetAddressLine>490 Orville Ridges Camp</streetAddressLine>
            <city>New Joaniechester</city>
            <state>IN</state>
            <postalCode>46368</postalCode>
            <country>US</country>
          </addr>
        </representedOrganization>
      </assignedEntity>
    </performer>
  </serviceEvent>
</documentationOf>
<component>
  <structuredBody>
    <component>
      <section>
        <!-- 
          *****************************************************************
          Measure Section
          *****************************************************************
        -->
        <!-- This is the templateId for Measure Section -->
        <templateId root="2.16.840.1.113883.10.20.24.2.2"/>
        <!-- This is the templateId for Measure Section QDM -->
        <templateId root="2.16.840.1.113883.10.20.24.2.3"/>
        <!-- This is the LOINC code for "Measure document". This stays the same for all measure section required by QRDA standard -->
        <code code="55186-1" codeSystem="2.16.840.1.113883.6.1"/>
        <title>Measure Section</title>
        <text>
          <table border="1" width="100%">
            <thead>
              <tr>
                <th>eMeasure Title</th>
                <th>Version specific identifier</th>
              </tr>
            </thead>
            <tbody>
              <tr>
                <td>Percentage of patients aged 18 years and older with a diagnosis of diabetic retinopathy who had a dilated macular or fundus exam performed which included documentation of the level of severity of retinopathy and the presence or absence of macular edema during one or more office visits within 12 months</td>
                <td>40280382-6240-B6B9-0162-549464D50CAB</td>
                <td/>
              </tr>
            </tbody>
          </table>
        </text>
        <!-- 1..* Organizers, each containing a reference to an eMeasure -->
        <entry>
          <organizer classCode="CLUSTER" moodCode="EVN">
            <!-- This is the templateId for Measure Reference -->
            <templateId root="2.16.840.1.113883.10.20.24.3.98"/>
            <!-- This is the templateId for eMeasure Reference QDM -->
            <templateId root="2.16.840.1.113883.10.20.24.3.97"/>
            <id extension="a8644d80-b79d-0137-1c4c-0800274d695b" root="1.3.6.1.4.1.115"/>
            <statusCode code="completed"/>
            <!-- Containing isBranch external references -->
            <reference typeCode="REFR">
              <externalDocument classCode="DOC" moodCode="EVN">
                <!-- SHALL: This is the version specific identifier for eMeasure: QualityMeasureDocument/id it is a GUID-->
                <id extension="40280382-6240-B6B9-0162-549464D50CAB" root="2.16.840.1.113883.4.738"/>
                <!-- SHOULD This is the title of the eMeasure -->
                <text>Percentage of patients aged 18 years and older with a diagnosis of diabetic retinopathy who had a dilated macular or fundus exam performed which included documentation of the level of severity of retinopathy and the presence or absence of macular edema during one or more office visits within 12 months</text>
                <!-- SHOULD: setId is the eMeasure version neutral id  -->
                <setId root="50164228-9D64-4EFC-AF67-DA0547FF61F1"/>
              </externalDocument>
            </reference>
          </organizer>
        </entry>
      </section>
    </component>    <component>
      <section>
        <!-- This is the templateId for Reporting Parameters section -->
        <templateId root="2.16.840.1.113883.10.20.17.2.1"/>
        <templateId extension="2016-03-01" root="2.16.840.1.113883.10.20.17.2.1.1"/>
        <code code="55187-9" codeSystem="2.16.840.1.113883.6.1"/>
        <title>Reporting Parameters</title>
        <text></text>
        <entry typeCode="DRIV">
          <act classCode="ACT" moodCode="EVN">
            <!-- This is the templateId for Reporting Parameteres Act -->
            <templateId root="2.16.840.1.113883.10.20.17.3.8"/>
            <templateId extension="2016-03-01" root="2.16.840.1.113883.10.20.17.3.8.1"/>
            <id extension="a8646930-b79d-0137-1c4c-0800274d695b" root="1.3.6.1.4.1.115"/>
            <code code="252116004" codeSystem="2.16.840.1.113883.6.96" displayName="Observation Parameters"/>
            <effectiveTime>
              <low value="20190101000000"/>
              <high value="20191231235959"/>
            </effectiveTime>
          </act>
        </entry>
      </section>
    </component>    <component>
        <section>
          <!-- This is the templateId for Patient Data section -->
          <templateId root="2.16.840.1.113883.10.20.17.2.4"/>
          <!-- This is the templateId for Patient Data QDM section -->
          <templateId extension="2017-08-01" root="2.16.840.1.113883.10.20.24.2.1"/>
          <templateId extension="2018-02-01" root="2.16.840.1.113883.10.20.24.2.1.1"/>
          <code code="55188-7" codeSystem="2.16.840.1.113883.6.1"/>
          <title>Patient Data</title>
          <text/>







            <entry>
              <act classCode="ACT" moodCode="EVN">
                <!-- Conforms to C-CDA 2.1 Problem Concern Act (V3) -->
                <templateId root="2.16.840.1.113883.10.20.22.4.3" extension="2015-08-01" />
                <!-- Diagnosis Concern Act -->
                <templateId root="2.16.840.1.113883.10.20.24.3.137" extension="2017-08-01"/>
                <id root="1.3.6.1.4.1.115" extension="5d7a605a63623903a8053632"/>
                <code code="CONC" codeSystem="2.16.840.1.113883.5.6" displayName="Concern" />
                <statusCode code="completed" />
                <effectiveTime><low value='20151003080000'/><high nullFlavor='UNK'/></effectiveTime>
                <entryRelationship typeCode="SUBJ">
                  <observation classCode="OBS" moodCode="EVN">
                    <!-- Conforms to C-CDA R2.1 Problem Observation (V3) -->
                    <templateId root="2.16.840.1.113883.10.20.22.4.4" extension="2015-08-01" />
                    <!-- Diagnosis template -->
                    <templateId root="2.16.840.1.113883.10.20.24.3.135" extension="2017-08-01" />
                    <id root="1.3.6.1.4.1.115" extension="5d7a605a63623903a8053632"/>
                    <code code="29308-4" codeSystem="2.16.840.1.113883.6.1">
                      <translation code="282291009" codeSystem="2.16.840.1.113883.6.96"/>
                    </code>
                    <statusCode code="completed" />
                    <effectiveTime><low value='20151003080000'/><high nullFlavor='UNK'/></effectiveTime>
                      <value xsi:type="CD" code="E10.319" codeSystem="2.16.840.1.113883.6.90" codeSystemName="ICD-10-CM">
                      <translation code="362.03" codeSystem="2.16.840.1.113883.6.103" codeSystemName="ICD-9-CM"/>
                      </value>
                  </observation>
                </entryRelationship>
              </act>
            </entry>
            <entry>
              <act classCode="ACT" moodCode="EVN">
                <!-- Conforms to C-CDA 2.1 Problem Concern Act (V3) -->
                <templateId root="2.16.840.1.113883.10.20.22.4.3" extension="2015-08-01" />
                <!-- Diagnosis Concern Act -->
                <templateId root="2.16.840.1.113883.10.20.24.3.137" extension="2017-08-01"/>
                <id root="1.3.6.1.4.1.115" extension="5d7a605a63623903a805363c"/>
                <code code="CONC" codeSystem="2.16.840.1.113883.5.6" displayName="Concern" />
                <statusCode code="completed" />
                <effectiveTime><low value='20151003080000'/><high nullFlavor='UNK'/></effectiveTime>
                <entryRelationship typeCode="SUBJ">
                  <observation classCode="OBS" moodCode="EVN">
                    <!-- Conforms to C-CDA R2.1 Problem Observation (V3) -->
                    <templateId root="2.16.840.1.113883.10.20.22.4.4" extension="2015-08-01" />
                    <!-- Diagnosis template -->
                    <templateId root="2.16.840.1.113883.10.20.24.3.135" extension="2017-08-01" />
                    <id root="1.3.6.1.4.1.115" extension="5d7a605a63623903a805363c"/>
                    <code code="29308-4" codeSystem="2.16.840.1.113883.6.1">
                      <translation code="282291009" codeSystem="2.16.840.1.113883.6.96"/>
                    </code>
                    <statusCode code="completed" />
                    <effectiveTime><low value='20151003080000'/><high nullFlavor='UNK'/></effectiveTime>
                      <value xsi:type="CD" code="362.03" codeSystem="2.16.840.1.113883.6.103" codeSystemName="ICD-9-CM"/>
                  </observation>
                </entryRelationship>
              </act>
            </entry>




            <entry>
              <observation classCode="OBS" moodCode="EVN" >
                <!-- Consolidated Procedure Activity Observation templateId 
                   (Implied Template) -->
                <templateId root="2.16.840.1.113883.10.20.22.4.13" extension="2014-06-09"/>
                <!-- Diagnostic Study, Performed template -->
                <templateId root="2.16.840.1.113883.10.20.24.3.18" extension="2017-08-01"/>
                <id root="1.3.6.1.4.1.115" extension="5d7a605a63623903a8053652"/>
                  <code code="32451-7" codeSystem="2.16.840.1.113883.6.1" codeSystemName="LOINC"/>
                <text>Diagnostic Study, Performed: Macular Exam</text>
                <statusCode code="completed"/>
                <effectiveTime><low value='20190503080000'/><high value='20190503080000'/></effectiveTime>
                <value nullFlavor="NA" xsi:type="CD" />
                <author>
                  <templateId root="2.16.840.1.113883.10.20.24.3.155" extension="2017-08-01"/>
                  <time value='20190503080000'/>
                  <assignedAuthor>
                      <id nullFlavor="NA"/>
                  </assignedAuthor>
                </author>                <entryRelationship typeCode="REFR">
                 <observation classCode="OBS" moodCode="EVN">
                    <!-- Conforms to C-CDA R2 Result Observation (V2) -->
                    <templateId root="2.16.840.1.113883.10.20.22.4.2" extension="2015-08-01"/>
                    <id root="1.3.6.1.4.1.115" extension="a8672c20-b79d-0137-1c4c-0800274d695b"/>
                      <code code="32451-7" codeSystem="2.16.840.1.113883.6.1" codeSystemName="LOINC"/>
                    <statusCode code="completed"/>
                    <effectiveTime value='20190503080000'/>
                    <value xsi:type="CD" code="428341000124108" codeSystem="2.16.840.1.113883.6.96" codeSystemName="SNOMED-CT"/>
                 </observation>
                </entryRelationship>
                
              </observation>
            </entry>

            <entry>
              <act classCode="ACT" moodCode="EVN">
                <!--Encounter performed Act -->
                <templateId extension="2017-08-01" root="2.16.840.1.113883.10.20.24.3.133"/>
                <code code="ENC" codeSystem="2.16.840.1.113883.5.6" codeSystemName="ActClass" displayName="Encounter"/>
                <entryRelationship typeCode="SUBJ">
                  <encounter classCode="ENC" moodCode="EVN">
                    <!--  Encounter activities template -->
                    <templateId extension="2015-08-01" root="2.16.840.1.113883.10.20.22.4.49"/>
                    <!-- Encounter performed template -->
                    <templateId extension="2017-08-01" root="2.16.840.1.113883.10.20.24.3.23"/>
                    <id extension="5d7a605a63623903a8053646" root="1.3.6.1.4.1.115"/>
                      <code code="99201" codeSystem="2.16.840.1.113883.6.12" codeSystemName="CPT"/>
                    <text>Encounter, Performed: Office Visit</text>
                    <statusCode code="completed"/>
                    <effectiveTime><low value='20190503080000'/><high value='20190503081500'/></effectiveTime>
                    <author>
                      <templateId root="2.16.840.1.113883.10.20.24.3.155" extension="2017-08-01"/>
                      <time value='20190503080000'/>
                      <assignedAuthor>
                          <id nullFlavor="NA"/>
                      </assignedAuthor>
                    </author>                  </encounter>
                </entryRelationship>
              </act>
            </entry>














            <entry>
              <!-- Patient Characteristic Payer -->
              <observation classCode="OBS" moodCode="EVN">
                <templateId root="2.16.840.1.113883.10.20.24.3.55"/>
                <id root="a8696490-b79d-0137-1c4c-0800274d695b"/> 
                <code code="48768-6" codeSystemName="LOINC" codeSystem="2.16.840.1.113883.6.1" displayName="Payment source"/> 
                <statusCode code="completed"/>
                <effectiveTime><low value='19700101003236'/><high nullFlavor='UNK'/></effectiveTime>
                <value xsi:type="CD" code="349" codeSystem="2.16.840.1.113883.3.221.5" codeSystemName="SOP" sdtc:valueSet="2.16.840.1.114222.4.11.3591"/>
              </observation>            
            </entry>
        </section>
      </component>
    </structuredBody>
  </component>
</ClinicalDocument>