<?xml version="1.0" encoding="utf-8"?>
<ClinicalDocument xmlns:xsi="http://www.w3.org/2001/XMLSchema-instance" xmlns="urn:hl7-org:v3" xmlns:voc="urn:hl7-org:v3/voc" xmlns:sdtc="urn:hl7-org:sdtc">

<!-- QRDA Header -->
<realmCode code="US"/>
<typeId root="2.16.840.1.113883.1.3" extension="POCD_HD000040"/>
<!-- US Realm Header Template Id -->
<templateId root="2.16.840.1.113883.10.20.22.1.1" extension="2015-08-01"/>
<!-- QRDA templateId -->
<templateId root="2.16.840.1.113883.10.20.24.1.1" extension="2017-08-01"/>
<!-- QDM-based QRDA templateId -->
<templateId root="2.16.840.1.113883.10.20.24.1.2" extension="2018-10-01"/>
<!-- CMS QRDA templateId -->
<templateId root="2.16.840.1.113883.10.20.24.1.3" extension="2019-02-01"/>
<!-- This is the globally unique identifier for this QRDA document -->
<id root="7bc4b4c0-fb52-0138-88e2-080027e672fa"/>
<!-- QRDA document type code -->
<code code="55182-0" codeSystem="2.16.840.1.113883.6.1" codeSystemName="LOINC" displayName="Quality Measure Report"/>
<title>QRDA Incidence Report</title>
<!-- This is the document creation time -->
<effectiveTime value="20201028135037"/>
<confidentialityCode code="N" codeSystem="2.16.840.1.113883.5.25"/>
<languageCode code="en"/>
<!-- reported patient -->
<recordTarget>
  <patientRole>
    <id extension="5f99772d63623903c1fdaa7e" root="1.3.6.1.4.1.115" />
      <addr use="HP">
          <streetAddressLine>5320 Sanford Junction Way</streetAddressLine>
        <city>South Colby</city>
        <state>WA</state>
        <postalCode>99021</postalCode>
        <country>US</country>
      </addr>
      <telecom use="HP" value="tel:771.491.7024"/>
    <patient>
        <name>
          <given>Nelson</given>
          <family>Chavez</family>
        </name>
          <administrativeGenderCode code="M" codeSystem="2.16.840.1.113883.5.1" codeSystemName="AdministrativeGender"/>
        <birthTime value='19501017140000'/>
          <raceCode code="1002-5" codeSystem="2.16.840.1.113883.6.238" codeSystemName="CDCREC"/>
          <ethnicGroupCode code="2135-2" codeSystem="2.16.840.1.113883.6.238" codeSystemName="CDCREC"/>
      <languageCommunication>
        <languageCode code="eng"/>
      </languageCommunication>
    </patient>
  </patientRole>
</recordTarget>
<author>
  <time value="20201028135037"/>
  <assignedAuthor>
    <!-- NPI -->
      <id extension="1103719930" root="2.16.840.1.113883.4.6"/>
    <addr>
      <streetAddressLine>202 Burlington Rd.</streetAddressLine>
      <city>Bedford</city>
      <state>MA</state>
      <postalCode>01730</postalCode>
      <country>US</country>
    </addr>
    <telecom use="WP" value="tel:(781)271-3000"/>
    <assignedAuthoringDevice>
      <manufacturerModelName>Cypress</manufacturerModelName>
      <softwareName>Cypress</softwareName>
    </assignedAuthoringDevice>
  </assignedAuthor>
</author><custodian>
  <assignedCustodian>
    <representedCustodianOrganization>
        <id extension="441801" root="2.16.840.1.113883.4.336"/>
      <name>Cypress Test Deck</name>
      <telecom use="WP" value="tel:(781)271-3000"/>
      <addr use="HP">
        <streetAddressLine>812 Schulist Ways Rapid</streetAddressLine>
        <city>Magnoliaberg</city>
        <state>VT</state>
        <postalCode>05039</postalCode>
        <country>US</country>
      </addr>
    </representedCustodianOrganization>
  </assignedCustodian>
</custodian>
<informationRecipient>
  <intendedRecipient>
    <id extension="HQR_IQR" root="2.16.840.1.113883.3.249.7"/>
  </intendedRecipient>
</informationRecipient>
<legalAuthenticator>
  <time value="20201028135037"/>
  <signatureCode code="S"/>
  <assignedEntity>
    <id root="bc01a5d1-3a34-4286-82cc-43eb04c972a7"/>
    <addr>
      <streetAddressLine>202 Burlington Rd.</streetAddressLine>
      <city>Bedford</city>
      <state>MA</state>
      <postalCode>01730</postalCode>
      <country>US</country>
    </addr>
    <telecom use="WP" value="tel:(781)271-3000"/>
    <assignedPerson>
      <name>
        <given>Henry</given>
        <family>Seven</family>
      </name>
    </assignedPerson>
    <representedOrganization>
      <id root="2.16.840.1.113883.19.5"/>
      <name>Cypress</name>
    </representedOrganization>
  </assignedEntity>
</legalAuthenticator><participant typeCode="DEV">
  <associatedEntity classCode="RGPR">
    <!-- CMS EHR Certification Number (formerly known as Office of the 
        National Coordinator Certification Number) -->
    <id extension="123456789" root="2.16.840.1.113883.3.2074.1"/>
  </associatedEntity>
</participant><documentationOf typeCode="DOC">
  <serviceEvent classCode="PCPR">
    <!-- care provision -->
    <effectiveTime>
      <low nullFlavor="UNK"/>
      <high nullFlavor="UNK"/>
    </effectiveTime>
    <!-- You can include multiple performers, each with an NPI, TIN, CCN. -->
    <performer typeCode="PRF">
      <time>
        <low nullFlavor="UNK"/>
        <high nullFlavor="UNK"/>
      </time>
      <assignedEntity>
          <id extension="1103719930" root="2.16.840.1.113883.4.6"/>
          <id extension="441801" root="2.16.840.1.113883.4.336"/>
        <code code="282N00000X" codeSystem="2.16.840.1.113883.6.101" codeSystemName="Healthcare Provider Taxonomy (HIPAA)"/>
        <addr use="HP">
          <streetAddressLine>812 Schulist Ways Rapid</streetAddressLine>
          <city>Magnoliaberg</city>
          <state>VT</state>
          <postalCode>05039</postalCode>
          <country>US</country>
        </addr>
        <assignedPerson>
          <name>
            <given>Peggy</given>
            <family>Ryan</family>
          </name>
        </assignedPerson>
        <representedOrganization>
          <id extension="384372990" root="2.16.840.1.113883.4.2"/>
          <addr use="HP">
            <streetAddressLine>812 Schulist Ways Rapid</streetAddressLine>
            <city>Magnoliaberg</city>
            <state>VT</state>
            <postalCode>05039</postalCode>
            <country>US</country>
          </addr>
        </representedOrganization>
      </assignedEntity>
    </performer>
  </serviceEvent>
</documentationOf>
<component>
  <structuredBody>
    <component>
      <section>
        <!-- 
          *****************************************************************
          Measure Section
          *****************************************************************
        -->
        <!-- This is the templateId for Measure Section -->
        <templateId root="2.16.840.1.113883.10.20.24.2.2"/>
        <!-- This is the templateId for Measure Section QDM -->
        <templateId root="2.16.840.1.113883.10.20.24.2.3"/>
        <!-- This is the LOINC code for "Measure document". This stays the same for all measure section required by QRDA standard -->
        <code code="55186-1" codeSystem="2.16.840.1.113883.6.1"/>
        <title>Measure Section</title>
        <text>
          <table border="1" width="100%">
            <thead>
              <tr>
                <th>eMeasure Title</th>
                <th>Version specific identifier</th>
              </tr>
            </thead>
            <tbody>
              <tr>
                <td>This measure assesses the number of patients who received VTE prophylaxis or have documentation why no VTE prophylaxis was given the day of or the day after hospital admission or surgery end date for surgeries that start the day of or the day after hospital admission</td>
                <td>40280382-6963-BF5E-0169-7333B8990827</td>
                <td/>
              </tr>
            </tbody>
          </table>
        </text>
        <!-- 1..* Organizers, each containing a reference to an eMeasure -->
        <entry>
          <organizer classCode="CLUSTER" moodCode="EVN">
            <!-- This is the templateId for Measure Reference -->
            <templateId root="2.16.840.1.113883.10.20.24.3.98"/>
            <!-- This is the templateId for eMeasure Reference QDM -->
            <templateId root="2.16.840.1.113883.10.20.24.3.97"/>
            <id extension="7bccc6e0-fb52-0138-88e2-080027e672fa" root="1.3.6.1.4.1.115"/>
            <statusCode code="completed"/>
            <!-- Containing isBranch external references -->
            <reference typeCode="REFR">
              <externalDocument classCode="DOC" moodCode="EVN">
                <!-- SHALL: This is the version specific identifier for eMeasure: QualityMeasureDocument/id it is a GUID-->
                <id extension="40280382-6963-BF5E-0169-7333B8990827" root="2.16.840.1.113883.4.738"/>
                <!-- SHOULD This is the title of the eMeasure -->
                <text>This measure assesses the number of patients who received VTE prophylaxis or have documentation why no VTE prophylaxis was given the day of or the day after hospital admission or surgery end date for surgeries that start the day of or the day after hospital admission</text>
                <!-- SHOULD: setId is the eMeasure version neutral id  -->
                <setId root="38B0B5EC-0F63-466F-8FE3-2CD20DDD1622"/>
              </externalDocument>
            </reference>
          </organizer>
        </entry>
      </section>
    </component>    <component>
      <section>
        <!-- This is the templateId for Reporting Parameters section -->
        <templateId root="2.16.840.1.113883.10.20.17.2.1"/>
        <templateId extension="2016-03-01" root="2.16.840.1.113883.10.20.17.2.1.1"/>
        <code code="55187-9" codeSystem="2.16.840.1.113883.6.1"/>
        <title>Reporting Parameters</title>
        <text></text>
        <entry typeCode="DRIV">
          <act classCode="ACT" moodCode="EVN">
            <!-- This is the templateId for Reporting Parameteres Act -->
            <templateId root="2.16.840.1.113883.10.20.17.3.8"/>
            <templateId extension="2016-03-01" root="2.16.840.1.113883.10.20.17.3.8.1"/>
            <id extension="7bcce090-fb52-0138-88e2-080027e672fa" root="1.3.6.1.4.1.115"/>
            <code code="252116004" codeSystem="2.16.840.1.113883.6.96" displayName="Observation Parameters"/>
            <effectiveTime>
              <low value="20200101000000"/>
              <high value="20201231235959"/>
            </effectiveTime>
          </act>
        </entry>
      </section>
    </component>    <component>
        <section>
          <!-- This is the templateId for Patient Data section -->
          <templateId root="2.16.840.1.113883.10.20.17.2.4"/>
          <!-- This is the templateId for Patient Data QDM section -->
          <templateId extension="2018-10-01" root="2.16.840.1.113883.10.20.24.2.1"/>
          <templateId extension="2019-02-01" root="2.16.840.1.113883.10.20.24.2.1.1"/>
          <code code="55188-7" codeSystem="2.16.840.1.113883.6.1"/>
          <title>Patient Data</title>
          <text/>




            <entry>
              <observation classCode="OBS" moodCode="EVN" >
                <!-- Assessment Performed -->
                <templateId root="2.16.840.1.113883.10.20.24.3.144" extension="2017-08-01" />
                <id root="1.3.6.1.4.1.115" extension="5f9976d663623903c1fd94c6"/>
                  <code code="72136-5" codeSystem="2.16.840.1.113883.6.1" codeSystemName="LOINC"/>
                <text>Risk for venous thromboembolism</text>
                <statusCode code="completed"/>
                <!-- QDM Attribute: Result -->
                <value xsi:type="CD" code="260362008" codeSystem="2.16.840.1.113883.6.96" codeSystemName="SNOMEDCT"/>
                  <!-- QDM Attribute: Author dateTime -->
                  <author>
                    <templateId root="2.16.840.1.113883.10.20.24.3.155" extension="2017-08-01"/>
                    <time value='20200512063000'/>
                    <assignedAuthor>
                          <id nullFlavor="NA"/>
                    </assignedAuthor>
                  </author>              </observation>
            </entry>



            <entry>
              <procedure classCode="PROC" moodCode="EVN" >
                <!-- Procedure Activity Procedure -->
                <templateId root="2.16.840.1.113883.10.20.22.4.14" extension="2014-06-09"/>
                <!-- Device Applied -->
                <templateId root="2.16.840.1.113883.10.20.24.3.7" extension="2018-10-01"/>
                <id root="1.3.6.1.4.1.115" extension="5f9976d663623903c1fd94c8"/>
                <code code="360030002" codeSystem="2.16.840.1.113883.6.96" codeSystemName="SNOMED CT" displayName="application of device"/>
                <text>Graduated compression stockings (GCS)</text>
                <statusCode code="completed"/>
                  <!-- QDM Attribute: Relevant Period -->
                  <effectiveTime><low value='20200512070000'/><high value='20200512070000'/></effectiveTime>
                <participant typeCode="DEV">
                  <participantRole classCode="MANU">
                    <playingDevice classCode="DEV">
                      <!-- QDM Attribute: Code -->
                        <code code="348681001" codeSystem="2.16.840.1.113883.6.96" codeSystemName="SNOMEDCT"/>
                    </playingDevice>
                  </participantRole>
                </participant>
              </procedure>
            </entry>
            

            <entry>
              <act classCode="ACT" moodCode="RQO" >
                <templateId root="2.16.840.1.113883.10.20.24.3.130" extension="2017-08-01"/>
                <id root="1.3.6.1.4.1.115" extension="5f9976d663623903c1fd94ca"/>
                <code code="SPLY" codeSystem="2.16.840.1.113883.5.6" displayName="Supply" codeSystemName="ActClass"/>
                <entryRelationship typeCode="SUBJ">
                  <supply classCode="SPLY" moodCode="RQO">
                    <!-- Plan of Care Activity Supply -->
                    <templateId root="2.16.840.1.113883.10.20.22.4.43" extension="2014-06-09"/>
                    <!-- Device, Order -->
                    <templateId root="2.16.840.1.113883.10.20.24.3.9" extension="2017-08-01"/>
                    <id root="1.3.6.1.4.1.115" extension="5f9976d663623903c1fd94ca"/>
                    <text>Intermittent pneumatic compression devices (IPC)</text>
                    <statusCode code="active"/>
                      <!-- QDM Attribute: Author dateTime -->
                      <author>
                        <templateId root="2.16.840.1.113883.10.20.24.3.155" extension="2017-08-01"/>
                        <time value='20200512070000'/>
                        <assignedAuthor>
                              <id nullFlavor="NA"/>
                        </assignedAuthor>
                      </author>                    <participant typeCode="DEV">
                      <participantRole classCode="MANU">
                        <playingDevice classCode="DEV">
                          <!-- QDM Attribute: Code -->
                            <code code="428421000124107" codeSystem="2.16.840.1.113883.6.96" codeSystemName="SNOMEDCT"/>
                        </playingDevice>
                      </participantRole>
                    </participant>
                  </supply>
                </entryRelationship>
              </act>
            </entry>






            <entry>
              <act classCode="ACT" moodCode="EVN" >
                <!--Encounter performed Act -->
                <templateId extension="2017-08-01" root="2.16.840.1.113883.10.20.24.3.133"/>
                <code code="ENC" codeSystem="2.16.840.1.113883.5.6" codeSystemName="ActClass" displayName="Encounter"/>
                <entryRelationship typeCode="SUBJ">
                  <encounter classCode="ENC" moodCode="EVN">
                    <!--  Encounter activities template -->
                    <templateId extension="2015-08-01" root="2.16.840.1.113883.10.20.22.4.49"/>
                    <!-- Encounter performed template -->
                    <templateId extension="2017-08-01" root="2.16.840.1.113883.10.20.24.3.23"/>
                    <id extension="5f9976d663623903c1fd94cc" root="1.3.6.1.4.1.115"/>
                    <!-- QDM Attribute: Code -->
                      <code code="4525004" codeSystem="2.16.840.1.113883.6.96" codeSystemName="SNOMEDCT"/>
                    <text>Emergency Department Visit</text>
                    <statusCode code="completed"/>
                      <!-- QDM Attribute: Relevant Period -->
                      <effectiveTime><low value='20200512060000'/><high value='20200512080000'/></effectiveTime>
                      <!-- QDM Attribute: Facility Locations -->
                      <participant typeCode="LOC">
                        <!-- Facility Location template -->
                        <templateId extension="2017-08-01" root="2.16.840.1.113883.10.20.24.3.100"/>
                        <!-- QDM Attribute: Location Period -->
                        <time>
                          <low value='20200512060000'/><high value='20200512080000'/>
                        </time>
                        <participantRole classCode="SDLOC">
                          <code code="4525004" codeSystem="2.16.840.1.113883.6.96" codeSystemName="SNOMEDCT"/>
                          <addr>
                            <streetAddressLine>202 Burlington Rd.</streetAddressLine>
                            <city>Bedford</city>
                            <state>MA</state>
                            <postalCode>01730</postalCode>
                            <country>US</country>
                          </addr>
                          <telecom use="WP" value="tel:(781)271-3000"/>
                          <playingEntity classCode="PLC">
                            <name>Cypress Test Deck</name>
                          </playingEntity>
                        </participantRole>
                      </participant>                  </encounter>
                </entryRelationship>
              </act>
            </entry>            <entry>
              <act classCode="ACT" moodCode="EVN" >
                <!--Encounter performed Act -->
                <templateId extension="2017-08-01" root="2.16.840.1.113883.10.20.24.3.133"/>
                <code code="ENC" codeSystem="2.16.840.1.113883.5.6" codeSystemName="ActClass" displayName="Encounter"/>
                <entryRelationship typeCode="SUBJ">
                  <encounter classCode="ENC" moodCode="EVN">
                    <!--  Encounter activities template -->
                    <templateId extension="2015-08-01" root="2.16.840.1.113883.10.20.22.4.49"/>
                    <!-- Encounter performed template -->
                    <templateId extension="2017-08-01" root="2.16.840.1.113883.10.20.24.3.23"/>
                    <id extension="5f9976d663623903c1fd94ce" root="1.3.6.1.4.1.115"/>
                    <!-- QDM Attribute: Code -->
                      <code code="32485007" codeSystem="2.16.840.1.113883.6.96" codeSystemName="SNOMEDCT"/>
                    <text>Encounter Inpatient</text>
                    <statusCode code="completed"/>
                      <!-- QDM Attribute: Relevant Period -->
                      <effectiveTime><low value='20200512080000'/><high value='20200517080000'/></effectiveTime>
                      <!-- QDM Attribute: Facility Locations -->
                      <participant typeCode="LOC">
                        <!-- Facility Location template -->
                        <templateId extension="2017-08-01" root="2.16.840.1.113883.10.20.24.3.100"/>
                        <!-- QDM Attribute: Location Period -->
                        <time>
                          <low value='20200512080000'/><high value='20200517080000'/>
                        </time>
                        <participantRole classCode="SDLOC">
                          <code code="183452005" codeSystem="2.16.840.1.113883.6.96" codeSystemName="SNOMEDCT"/>
                          <addr>
                            <streetAddressLine>202 Burlington Rd.</streetAddressLine>
                            <city>Bedford</city>
                            <state>MA</state>
                            <postalCode>01730</postalCode>
                            <country>US</country>
                          </addr>
                          <telecom use="WP" value="tel:(781)271-3000"/>
                          <playingEntity classCode="PLC">
                            <name>Cypress Test Deck</name>
                          </playingEntity>
                        </participantRole>
                      </participant>                  </encounter>
                </entryRelationship>
              </act>
            </entry>








            <entry>
              <observation classCode="OBS" moodCode="EVN" >
                <!-- Laboratory Test Performed (V4) -->
                <templateId root="2.16.840.1.113883.10.20.24.3.38" extension="2017-08-01"/>
                <id root="1.3.6.1.4.1.115" extension="5f9976d663623903c1fd94d0"/>
                  <code code="6301-6" codeSystem="2.16.840.1.113883.6.1" codeSystemName="LOINC"/>
                <text>INR</text>
                <statusCode code="completed"/>
                  <!-- QDM Attribute: Relevant Period -->
                  <effectiveTime><low value='20200512063000'/><high value='20200512063000'/></effectiveTime>
                  <!-- QDM Attribute: Result -->
                  <entryRelationship typeCode="REFR">
                   <observation classCode="OBS" moodCode="EVN">
                      <!-- Conforms to C-CDA R2 Result Observation (V2) -->
                      <templateId root="2.16.840.1.113883.10.20.22.4.2" extension="2015-08-01"/>
                      <id root="1.3.6.1.4.1.115" extension="7bd56d20-fb52-0138-88e2-080027e672fa"/>
                        <code code="6301-6" codeSystem="2.16.840.1.113883.6.1" codeSystemName="LOINC"/>
                      <statusCode code="completed"/>
                      <effectiveTime value='20200512063000'/>
                      <value xsi:type="PQ" value="4.0" unit="1"/>
                   </observation>
                  </entryRelationship>
                  
                </observation>
            </entry>


            <entry>
              <substanceAdministration classCode="SBADM" moodCode="EVN" negationInd="true">
                <!-- Medication Activity (consolidation) template -->
                <templateId root="2.16.840.1.113883.10.20.22.4.16" extension="2014-06-09"/>
                <!-- Medication, Administered template -->
                <templateId root="2.16.840.1.113883.10.20.24.3.42" extension="2017-08-01"/>
                <id root="1.3.6.1.4.1.115" extension="5f9976d663623903c1fd94d2"/>
                <code code="416118004" codeSystem="2.16.840.1.113883.6.96" codeSystemName="SNOMED CT" displayName="Administration"/>
                <statusCode code="completed"/>
                  <!-- QDM Attribute: Relevant Period -->
                  <effectiveTime xsi:type="IVL_TS"><low value='20200512070000'/><high nullFlavor='UNK'/></effectiveTime>
                <!--  QDM Attribute: Frequency -->
                <effectiveTime xsi:type="PIVL_TS" institutionSpecified="true" operator="A">
                  <period nullFlavor="NA"/>
                </effectiveTime>
                <!--  QDM Attribute: Refills -->
                <repeatNumber nullFlavor="NA"/>
                <!--  QDM Attribute: Dosage -->
                <doseQuantity nullFlavor="NA"/>
                <consumable>
                  <manufacturedProduct classCode="MANU">
                    <!-- Medication Information (consolidation) template -->
                    <templateId root="2.16.840.1.113883.10.20.22.4.23" extension="2014-06-09"/>
                    <id root="7bd76c50-fb52-0138-88e2-080027e672fa"/>
                    <manufacturedMaterial>
                      <!--  QDM Attribute: Code -->
                        <code nullFlavor="NA" sdtc:valueSet="2.16.840.1.113883.3.117.1.7.1.211"/>
                    </manufacturedMaterial>
                  </manufacturedProduct>
                </consumable>
                  <!-- QDM Attribute: Author dateTime -->
                  <author>
                    <templateId root="2.16.840.1.113883.10.20.24.3.155" extension="2017-08-01"/>
                    <time value='20200512070000'/>
                    <assignedAuthor>
                          <id nullFlavor="NA"/>
                    </assignedAuthor>
                  </author>                  <!-- QDM Attribute: Negation Rationale -->
                  <entryRelationship typeCode="RSON">
                    <observation classCode="OBS" moodCode="EVN">
                      <templateId root="2.16.840.1.113883.10.20.24.3.88" extension="2017-08-01"/>
                      <id root="1.3.6.1.4.1.115" extension="7bd7c760-fb52-0138-88e2-080027e672fa" />
                      <code code="77301-0" codeSystem="2.16.840.1.113883.6.1" displayName="reason" codeSystemName="LOINC"/>
                      <statusCode code="completed"/>
                      <effectiveTime><low value='20200512070000'/><high nullFlavor='UNK'/></effectiveTime>
                      <value code="183932001" codeSystem="2.16.840.1.113883.6.96" codeSystemName="SNOMEDCT" xsi:type="CD"/>
                    </observation>
                  </entryRelationship>              </substanceAdministration>
            </entry>


            <entry>
              <!--Medication Order -->
              <substanceAdministration classCode="SBADM" moodCode="RQO" negationInd="true">
                <templateId root="2.16.840.1.113883.10.20.22.4.42" extension="2014-06-09"/>
                <!-- Medication, Order template -->
                <templateId root="2.16.840.1.113883.10.20.24.3.47" extension="2018-10-01"/>
                <id root="1.3.6.1.4.1.115" extension="5f9976d663623903c1fd94d4"/>
                <text>Low Molecular Weight Heparin for VTE Prophylaxis</text>
                <statusCode code="active"/>
                  <!-- QDM Attribute: Relevant Period -->
                  <effectiveTime xsi:type="IVL_TS"><low value='20200512070000'/><high nullFlavor='UNK'/></effectiveTime>
                <!--  QDM Attribute: Frequency -->
                <effectiveTime xsi:type="PIVL_TS" institutionSpecified="true" operator="A">
                  <period nullFlavor="NA"/>
                </effectiveTime>
                <!--  QDM Attribute: Refills -->
                <repeatNumber nullFlavor="NA"/>
                <!--  QDM Attribute: Dosage -->
                <doseQuantity nullFlavor="NA"/>
                <consumable>
                  <manufacturedProduct classCode="MANU">
                    <!-- Medication Information (consolidation) template -->
                    <templateId root="2.16.840.1.113883.10.20.22.4.23" extension="2014-06-09"/>
                    <id root="7bd9c5c0-fb52-0138-88e2-080027e672fa"/>
                    <manufacturedMaterial>
                      <!--  QDM Attribute: Code -->
                        <code nullFlavor="NA" sdtc:valueSet="2.16.840.1.113883.3.117.1.7.1.219"/>
                    </manufacturedMaterial>
                  </manufacturedProduct>
                </consumable>
                  <!-- QDM Attribute: Author dateTime -->
                  <author>
                    <templateId root="2.16.840.1.113883.10.20.24.3.155" extension="2017-08-01"/>
                    <time value='20200512070000'/>
                    <assignedAuthor>
                            <id nullFlavor="NA"/>
                    </assignedAuthor>
                  </author>                  <!-- QDM Attribute: Negation Rationale -->
                  <entryRelationship typeCode="RSON">
                    <observation classCode="OBS" moodCode="EVN">
                      <templateId root="2.16.840.1.113883.10.20.24.3.88" extension="2017-08-01"/>
                      <id root="1.3.6.1.4.1.115" extension="7bd9e010-fb52-0138-88e2-080027e672fa" />
                      <code code="77301-0" codeSystem="2.16.840.1.113883.6.1" displayName="reason" codeSystemName="LOINC"/>
                      <statusCode code="completed"/>
                      <effectiveTime><low value='20200512070000'/><high nullFlavor='UNK'/></effectiveTime>
                      <value code="183932001" codeSystem="2.16.840.1.113883.6.96" codeSystemName="SNOMEDCT" xsi:type="CD"/>
                    </observation>
                  </entryRelationship>              </substanceAdministration>
            </entry>            <entry>
              <!--Medication Order -->
              <substanceAdministration classCode="SBADM" moodCode="RQO" negationInd="true">
                <templateId root="2.16.840.1.113883.10.20.22.4.42" extension="2014-06-09"/>
                <!-- Medication, Order template -->
                <templateId root="2.16.840.1.113883.10.20.24.3.47" extension="2018-10-01"/>
                <id root="1.3.6.1.4.1.115" extension="5f9976d663623903c1fd94d6"/>
                <text>Low Dose Unfractionated Heparin for VTE Prophylaxis</text>
                <statusCode code="active"/>
                  <!-- QDM Attribute: Relevant Period -->
                  <effectiveTime xsi:type="IVL_TS"><low value='20200512070000'/><high nullFlavor='UNK'/></effectiveTime>
                <!--  QDM Attribute: Frequency -->
                <effectiveTime xsi:type="PIVL_TS" institutionSpecified="true" operator="A">
                  <period nullFlavor="NA"/>
                </effectiveTime>
                <!--  QDM Attribute: Refills -->
                <repeatNumber nullFlavor="NA"/>
                <!--  QDM Attribute: Dosage -->
                <doseQuantity nullFlavor="NA"/>
                <consumable>
                  <manufacturedProduct classCode="MANU">
                    <!-- Medication Information (consolidation) template -->
                    <templateId root="2.16.840.1.113883.10.20.22.4.23" extension="2014-06-09"/>
                    <id root="7bda0280-fb52-0138-88e2-080027e672fa"/>
                    <manufacturedMaterial>
                      <!--  QDM Attribute: Code -->
                        <code nullFlavor="NA" sdtc:valueSet="2.16.840.1.113762.1.4.1045.39"/>
                    </manufacturedMaterial>
                  </manufacturedProduct>
                </consumable>
                  <!-- QDM Attribute: Author dateTime -->
                  <author>
                    <templateId root="2.16.840.1.113883.10.20.24.3.155" extension="2017-08-01"/>
                    <time value='20200512070000'/>
                    <assignedAuthor>
                            <id nullFlavor="NA"/>
                    </assignedAuthor>
                  </author>                  <!-- QDM Attribute: Negation Rationale -->
                  <entryRelationship typeCode="RSON">
                    <observation classCode="OBS" moodCode="EVN">
                      <templateId root="2.16.840.1.113883.10.20.24.3.88" extension="2017-08-01"/>
                      <id root="1.3.6.1.4.1.115" extension="7bda2a10-fb52-0138-88e2-080027e672fa" />
                      <code code="77301-0" codeSystem="2.16.840.1.113883.6.1" displayName="reason" codeSystemName="LOINC"/>
                      <statusCode code="completed"/>
                      <effectiveTime><low value='20200512070000'/><high nullFlavor='UNK'/></effectiveTime>
                      <value code="183932001" codeSystem="2.16.840.1.113883.6.96" codeSystemName="SNOMEDCT" xsi:type="CD"/>
                    </observation>
                  </entryRelationship>              </substanceAdministration>
            </entry>            <entry>
              <!--Medication Order -->
              <substanceAdministration classCode="SBADM" moodCode="RQO" negationInd="true">
                <templateId root="2.16.840.1.113883.10.20.22.4.42" extension="2014-06-09"/>
                <!-- Medication, Order template -->
                <templateId root="2.16.840.1.113883.10.20.24.3.47" extension="2018-10-01"/>
                <id root="1.3.6.1.4.1.115" extension="5f9976d663623903c1fd94d8"/>
                <text>Warfarin</text>
                <statusCode code="active"/>
                  <!-- QDM Attribute: Relevant Period -->
                  <effectiveTime xsi:type="IVL_TS"><low value='20200512070000'/><high nullFlavor='UNK'/></effectiveTime>
                <!--  QDM Attribute: Frequency -->
                <effectiveTime xsi:type="PIVL_TS" institutionSpecified="true" operator="A">
                  <period nullFlavor="NA"/>
                </effectiveTime>
                <!--  QDM Attribute: Refills -->
                <repeatNumber nullFlavor="NA"/>
                <!--  QDM Attribute: Dosage -->
                <doseQuantity nullFlavor="NA"/>
                <consumable>
                  <manufacturedProduct classCode="MANU">
                    <!-- Medication Information (consolidation) template -->
                    <templateId root="2.16.840.1.113883.10.20.22.4.23" extension="2014-06-09"/>
                    <id root="7bda89e0-fb52-0138-88e2-080027e672fa"/>
                    <manufacturedMaterial>
                      <!--  QDM Attribute: Code -->
                        <code nullFlavor="NA" sdtc:valueSet="2.16.840.1.113883.3.117.1.7.1.232"/>
                    </manufacturedMaterial>
                  </manufacturedProduct>
                </consumable>
                  <!-- QDM Attribute: Author dateTime -->
                  <author>
                    <templateId root="2.16.840.1.113883.10.20.24.3.155" extension="2017-08-01"/>
                    <time value='20200512070000'/>
                    <assignedAuthor>
                            <id nullFlavor="NA"/>
                    </assignedAuthor>
                  </author>                  <!-- QDM Attribute: Negation Rationale -->
                  <entryRelationship typeCode="RSON">
                    <observation classCode="OBS" moodCode="EVN">
                      <templateId root="2.16.840.1.113883.10.20.24.3.88" extension="2017-08-01"/>
                      <id root="1.3.6.1.4.1.115" extension="7bdaaf30-fb52-0138-88e2-080027e672fa" />
                      <code code="77301-0" codeSystem="2.16.840.1.113883.6.1" displayName="reason" codeSystemName="LOINC"/>
                      <statusCode code="completed"/>
                      <effectiveTime><low value='20200512070000'/><high nullFlavor='UNK'/></effectiveTime>
                      <value code="183932001" codeSystem="2.16.840.1.113883.6.96" codeSystemName="SNOMEDCT" xsi:type="CD"/>
                    </observation>
                  </entryRelationship>              </substanceAdministration>
            </entry>















            <entry>
              <!-- Patient Characteristic Payer -->
              <observation classCode="OBS" moodCode="EVN">
                <templateId root="2.16.840.1.113883.10.20.24.3.55"/>
                <id root="7bdca020-fb52-0138-88e2-080027e672fa"/> 
                <code code="48768-6" codeSystemName="LOINC" codeSystem="2.16.840.1.113883.6.1" displayName="Payment source"/> 
                <statusCode code="completed"/>
                  <!-- QDM Attribute: Relevant Period -->
                  <effectiveTime><low value='19501017140000'/><high nullFlavor='UNK'/></effectiveTime>
                  <value xsi:type="CD" code="2" codeSystem="2.16.840.1.113883.3.221.5" codeSystemName="Source of Payment Typology"/>
              </observation>            
            </entry>
        </section>
      </component>
    </structuredBody>
  </component>
</ClinicalDocument>