<?xml version="1.0" encoding="utf-8"?>
<ClinicalDocument xmlns:xsi="http://www.w3.org/2001/XMLSchema-instance" xmlns="urn:hl7-org:v3" xmlns:voc="urn:hl7-org:v3/voc" xmlns:sdtc="urn:hl7-org:sdtc">

<!-- QRDA Header -->
<realmCode code="US"/>
<typeId root="2.16.840.1.113883.1.3" extension="POCD_HD000040"/>
<!-- US Realm Header Template Id -->
<templateId root="2.16.840.1.113883.10.20.22.1.1" extension="2015-08-01"/>
<!-- QRDA templateId -->
<templateId root="2.16.840.1.113883.10.20.24.1.1" extension="2017-08-01"/>
<!-- QDM-based QRDA templateId -->
<templateId root="2.16.840.1.113883.10.20.24.1.2" extension="2017-08-01"/>
<!-- CMS QRDA templateId -->
<templateId root="2.16.840.1.113883.10.20.24.1.3" extension="2018-02-01"/>
<!-- This is the globally unique identifier for this QRDA document -->
<id root="db8c7d50-b79d-0137-1c4a-0800274d695b"/>
<!-- QRDA document type code -->
<code code="55182-0" codeSystem="2.16.840.1.113883.6.1" codeSystemName="LOINC" displayName="Quality Measure Report"/>
<title>QRDA Incidence Report</title>
<!-- This is the document creation time -->
<effectiveTime value="20190912151354"/>
<confidentialityCode code="N" codeSystem="2.16.840.1.113883.5.25"/>
<languageCode code="en"/>
<!-- reported patient -->
<recordTarget>
  <patientRole>
    <id extension="6eb14c0c-8a4f-4dae-a63f-d6720c674111_25" root="1.3.6.1.4.1.115" />
    <addr use="HP">
      <streetAddressLine>202 Burlington Rd.</streetAddressLine>
      <city>Bedford</city>
      <state>MA</state>
      <postalCode>01730</postalCode>
      <country>US</country>
    </addr>
    <telecom use="WP" value="tel:+1-781-271-3000"/>
    <patient>
      <name>
        <given>Troy</given>
        <family>Hubbard</family>
      </name>
      <administrativeGenderCode code="M" codeSystem="2.16.840.1.113883.5.1" codeSystemName="HL7 AdministrativeGender"/>
      <birthTime value="19680228153000"/>
      <raceCode code="2076-8" codeSystemName="CDC Race and Ethnicity" codeSystem="2.16.840.1.113883.6.238"/>
      <ethnicGroupCode code="2186-5" codeSystemName="CDC Race and Ethnicity" codeSystem="2.16.840.1.113883.6.238"/>
      <languageCommunication>
        <templateId root="2.16.840.1.113883.3.88.11.83.2" assigningAuthorityName="HITSP/C83"/>
        <templateId root="1.3.6.1.4.1.19376.1.5.3.1.2.1" assigningAuthorityName="IHE/PCC"/>
        <languageCode code="eng"/>
      </languageCommunication>
    </patient>
  </patientRole>
</recordTarget><author>
  <time value="20190912151354"/>
  <assignedAuthor>
    <!-- NPI -->
      <id extension="1131165411" root="2.16.840.1.113883.4.6"/>
    <addr>
      <streetAddressLine>202 Burlington Rd.</streetAddressLine>
      <city>Bedford</city>
      <state>MA</state>
      <postalCode>01730</postalCode>
      <country>US</country>
    </addr>
    <telecom use="WP" value="tel:(781)271-3000"/>
    <assignedAuthoringDevice>
      <manufacturerModelName>Cypress</manufacturerModelName>
      <softwareName>Cypress</softwareName>
    </assignedAuthoringDevice>
  </assignedAuthor>
</author><custodian>
  <assignedCustodian>
    <representedCustodianOrganization>
        <id extension="293814" root="2.16.840.1.113883.4.336"/>
      <name>Cypress Test Deck</name>
      <telecom use="WP" value="tel:(781)271-3000"/>
        <addr use="HP">
          <streetAddressLine>114 Vilma Court Key</streetAddressLine>
          <city>Kieraton</city>
          <state>HI</state>
          <postalCode>96761</postalCode>
          <country>US</country>
        </addr>
    </representedCustodianOrganization>
  </assignedCustodian>
</custodian>
<legalAuthenticator>
  <time value="20190912151354"/>
  <signatureCode code="S"/>
  <assignedEntity>
    <id root="bc01a5d1-3a34-4286-82cc-43eb04c972a7"/>
    <addr>
      <streetAddressLine>202 Burlington Rd.</streetAddressLine>
      <city>Bedford</city>
      <state>MA</state>
      <postalCode>01730</postalCode>
      <country>US</country>
    </addr>
    <telecom use="WP" value="tel:(781)271-3000"/>
    <assignedPerson>
      <name>
        <given>Henry</given>
        <family>Seven</family>
      </name>
    </assignedPerson>
    <representedOrganization>
      <id root="2.16.840.1.113883.19.5"/>
      <name>Cypress</name>
    </representedOrganization>
  </assignedEntity>
</legalAuthenticator><participant typeCode="DEV">
  <associatedEntity classCode="RGPR">
    <!-- CMS EHR Certification Number (formerly known as Office of the 
        National Coordinator Certification Number) -->
    <id extension="123456789" root="2.16.840.1.113883.3.2074.1"/>
  </associatedEntity>
</participant><documentationOf typeCode="DOC">
  <serviceEvent classCode="PCPR">
    <!-- care provision -->
    <effectiveTime>
      <low nullFlavor="UNK"/>
      <high nullFlavor="UNK"/>
    </effectiveTime>
    <!-- You can include multiple performers, each with an NPI, TIN, CCN. -->
    <performer typeCode="PRF">
      <time>
        <low nullFlavor="UNK"/>
        <high nullFlavor="UNK"/>
      </time>
      <assignedEntity>
        <id extension="1131165411" root="2.16.840.1.113883.4.6"/>
          <id extension="293814" root="2.16.840.1.113883.4.336"/>
        <code code="207Q00000X" codeSystem="2.16.840.1.113883.6.101" codeSystemName="Healthcare Provider Taxonomy (HIPAA)"/>
        <addr use="HP">
          <streetAddressLine>114 Vilma Court Key</streetAddressLine>
          <city>Kieraton</city>
          <state>HI</state>
          <postalCode>96761</postalCode>
          <country>US</country>
        </addr>
        <assignedPerson>
          <name>
            <given>Jeremy</given>
            <family>Campbell</family>
          </name>
        </assignedPerson>
        <representedOrganization>
          <id extension="128611200" root="2.16.840.1.113883.4.2"/>
          <addr use="HP">
            <streetAddressLine>114 Vilma Court Key</streetAddressLine>
            <city>Kieraton</city>
            <state>HI</state>
            <postalCode>96761</postalCode>
            <country>US</country>
          </addr>
        </representedOrganization>
      </assignedEntity>
    </performer>
  </serviceEvent>
</documentationOf>
<component>
  <structuredBody>
    <component>
      <section>
        <!-- 
          *****************************************************************
          Measure Section
          *****************************************************************
        -->
        <!-- This is the templateId for Measure Section -->
        <templateId root="2.16.840.1.113883.10.20.24.2.2"/>
        <!-- This is the templateId for Measure Section QDM -->
        <templateId root="2.16.840.1.113883.10.20.24.2.3"/>
        <!-- This is the LOINC code for "Measure document". This stays the same for all measure section required by QRDA standard -->
        <code code="55186-1" codeSystem="2.16.840.1.113883.6.1"/>
        <title>Measure Section</title>
        <text>
          <table border="1" width="100%">
            <thead>
              <tr>
                <th>eMeasure Title</th>
                <th>Version specific identifier</th>
              </tr>
            </thead>
            <tbody>
              <tr>
                <td>Percentage of patients 18 years of age and older who were diagnosed with acute myocardial infarction (AMI), coronary artery bypass graft (CABG) or percutaneous coronary interventions (PCI) in the 12 months prior to the measurement period, or who had an active diagnosis of ischemic vascular disease (IVD) during the measurement period, and who had documentation of use of aspirin or another antiplatelet during the measurement period</td>
                <td>40280382-6258-7581-0162-92CDAF46165E</td>
                <td/>
              </tr>
            </tbody>
          </table>
        </text>
        <!-- 1..* Organizers, each containing a reference to an eMeasure -->
        <entry>
          <organizer classCode="CLUSTER" moodCode="EVN">
            <!-- This is the templateId for Measure Reference -->
            <templateId root="2.16.840.1.113883.10.20.24.3.98"/>
            <!-- This is the templateId for eMeasure Reference QDM -->
            <templateId root="2.16.840.1.113883.10.20.24.3.97"/>
            <id extension="db908980-b79d-0137-1c4a-0800274d695b" root="1.3.6.1.4.1.115"/>
            <statusCode code="completed"/>
            <!-- Containing isBranch external references -->
            <reference typeCode="REFR">
              <externalDocument classCode="DOC" moodCode="EVN">
                <!-- SHALL: This is the version specific identifier for eMeasure: QualityMeasureDocument/id it is a GUID-->
                <id extension="40280382-6258-7581-0162-92CDAF46165E" root="2.16.840.1.113883.4.738"/>
                <!-- SHOULD This is the title of the eMeasure -->
                <text>Percentage of patients 18 years of age and older who were diagnosed with acute myocardial infarction (AMI), coronary artery bypass graft (CABG) or percutaneous coronary interventions (PCI) in the 12 months prior to the measurement period, or who had an active diagnosis of ischemic vascular disease (IVD) during the measurement period, and who had documentation of use of aspirin or another antiplatelet during the measurement period</text>
                <!-- SHOULD: setId is the eMeasure version neutral id  -->
                <setId root="0713EA8F-0E5B-4099-8C7C-DD677280398F"/>
              </externalDocument>
            </reference>
          </organizer>
        </entry>
      </section>
    </component>    <component>
      <section>
        <!-- This is the templateId for Reporting Parameters section -->
        <templateId root="2.16.840.1.113883.10.20.17.2.1"/>
        <templateId extension="2016-03-01" root="2.16.840.1.113883.10.20.17.2.1.1"/>
        <code code="55187-9" codeSystem="2.16.840.1.113883.6.1"/>
        <title>Reporting Parameters</title>
        <text></text>
        <entry typeCode="DRIV">
          <act classCode="ACT" moodCode="EVN">
            <!-- This is the templateId for Reporting Parameteres Act -->
            <templateId root="2.16.840.1.113883.10.20.17.3.8"/>
            <templateId extension="2016-03-01" root="2.16.840.1.113883.10.20.17.3.8.1"/>
            <id extension="db90a4a0-b79d-0137-1c4a-0800274d695b" root="1.3.6.1.4.1.115"/>
            <code code="252116004" codeSystem="2.16.840.1.113883.6.96" displayName="Observation Parameters"/>
            <effectiveTime>
              <low value="20190101000000"/>
              <high value="20191231235959"/>
            </effectiveTime>
          </act>
        </entry>
      </section>
    </component>    <component>
        <section>
          <!-- This is the templateId for Patient Data section -->
          <templateId root="2.16.840.1.113883.10.20.17.2.4"/>
          <!-- This is the templateId for Patient Data QDM section -->
          <templateId extension="2017-08-01" root="2.16.840.1.113883.10.20.24.2.1"/>
          <templateId extension="2018-02-01" root="2.16.840.1.113883.10.20.24.2.1.1"/>
          <code code="55188-7" codeSystem="2.16.840.1.113883.6.1"/>
          <title>Patient Data</title>
          <text/>







            <entry>
              <act classCode="ACT" moodCode="EVN">
                <!-- Conforms to C-CDA 2.1 Problem Concern Act (V3) -->
                <templateId root="2.16.840.1.113883.10.20.22.4.3" extension="2015-08-01" />
                <!-- Diagnosis Concern Act -->
                <templateId root="2.16.840.1.113883.10.20.24.3.137" extension="2017-08-01"/>
                <id root="1.3.6.1.4.1.115" extension="5d7a60ad63623903a925f5e7"/>
                <code code="CONC" codeSystem="2.16.840.1.113883.5.6" displayName="Concern" />
                <statusCode code="completed" />
                <effectiveTime><low value='20190203080000'/><high nullFlavor='UNK'/></effectiveTime>
                <entryRelationship typeCode="SUBJ">
                  <observation classCode="OBS" moodCode="EVN">
                    <!-- Conforms to C-CDA R2.1 Problem Observation (V3) -->
                    <templateId root="2.16.840.1.113883.10.20.22.4.4" extension="2015-08-01" />
                    <!-- Diagnosis template -->
                    <templateId root="2.16.840.1.113883.10.20.24.3.135" extension="2017-08-01" />
                    <id root="1.3.6.1.4.1.115" extension="5d7a60ad63623903a925f5e7"/>
                    <code code="29308-4" codeSystem="2.16.840.1.113883.6.1">
                      <translation code="282291009" codeSystem="2.16.840.1.113883.6.96"/>
                    </code>
                    <statusCode code="completed" />
                    <effectiveTime><low value='20190203080000'/><high nullFlavor='UNK'/></effectiveTime>
                      <value xsi:type="CD" code="443502000" codeSystem="2.16.840.1.113883.6.96" codeSystemName="SNOMED-CT">
                      <translation code="414.3" codeSystem="2.16.840.1.113883.6.103" codeSystemName="ICD-9-CM"/><translation code="I25.83" codeSystem="2.16.840.1.113883.6.90" codeSystemName="ICD-10-CM"/>
                      </value>
                  </observation>
                </entryRelationship>
              </act>
            </entry>






            <entry>
              <act classCode="ACT" moodCode="EVN">
                <!--Encounter performed Act -->
                <templateId extension="2017-08-01" root="2.16.840.1.113883.10.20.24.3.133"/>
                <code code="ENC" codeSystem="2.16.840.1.113883.5.6" codeSystemName="ActClass" displayName="Encounter"/>
                <entryRelationship typeCode="SUBJ">
                  <encounter classCode="ENC" moodCode="EVN">
                    <!--  Encounter activities template -->
                    <templateId extension="2015-08-01" root="2.16.840.1.113883.10.20.22.4.49"/>
                    <!-- Encounter performed template -->
                    <templateId extension="2017-08-01" root="2.16.840.1.113883.10.20.24.3.23"/>
                    <id extension="5d7a60ad63623903a925f5ef" root="1.3.6.1.4.1.115"/>
                      <code code="99203" codeSystem="2.16.840.1.113883.6.12" codeSystemName="CPT"/>
                    <text>Encounter, Performed: Office Visit</text>
                    <statusCode code="completed"/>
                    <effectiveTime><low value='20190203080000'/><high value='20190203083000'/></effectiveTime>
                    <author>
                      <templateId root="2.16.840.1.113883.10.20.24.3.155" extension="2017-08-01"/>
                      <time value='20190203080000'/>
                      <assignedAuthor>
                          <id nullFlavor="NA"/>
                      </assignedAuthor>
                    </author>                  </encounter>
                </entryRelationship>
              </act>
            </entry>            <entry>
              <act classCode="ACT" moodCode="EVN">
                <!--Encounter performed Act -->
                <templateId extension="2017-08-01" root="2.16.840.1.113883.10.20.24.3.133"/>
                <code code="ENC" codeSystem="2.16.840.1.113883.5.6" codeSystemName="ActClass" displayName="Encounter"/>
                <entryRelationship typeCode="SUBJ">
                  <encounter classCode="ENC" moodCode="EVN">
                    <!--  Encounter activities template -->
                    <templateId extension="2015-08-01" root="2.16.840.1.113883.10.20.22.4.49"/>
                    <!-- Encounter performed template -->
                    <templateId extension="2017-08-01" root="2.16.840.1.113883.10.20.24.3.23"/>
                    <id extension="5d7a60ad63623903a925f5f1" root="1.3.6.1.4.1.115"/>
                      <code code="99212" codeSystem="2.16.840.1.113883.6.12" codeSystemName="CPT"/>
                    <text>Encounter, Performed: Office Visit</text>
                    <statusCode code="completed"/>
                    <effectiveTime><low value='20190403080000'/><high value='20190403083000'/></effectiveTime>
                    <author>
                      <templateId root="2.16.840.1.113883.10.20.24.3.155" extension="2017-08-01"/>
                      <time value='20190403080000'/>
                      <assignedAuthor>
                          <id nullFlavor="NA"/>
                      </assignedAuthor>
                    </author>                  </encounter>
                </entryRelationship>
              </act>
            </entry>            <entry>
              <act classCode="ACT" moodCode="EVN">
                <!--Encounter performed Act -->
                <templateId extension="2017-08-01" root="2.16.840.1.113883.10.20.24.3.133"/>
                <code code="ENC" codeSystem="2.16.840.1.113883.5.6" codeSystemName="ActClass" displayName="Encounter"/>
                <entryRelationship typeCode="SUBJ">
                  <encounter classCode="ENC" moodCode="EVN">
                    <!--  Encounter activities template -->
                    <templateId extension="2015-08-01" root="2.16.840.1.113883.10.20.22.4.49"/>
                    <!-- Encounter performed template -->
                    <templateId extension="2017-08-01" root="2.16.840.1.113883.10.20.24.3.23"/>
                    <id extension="5d7a60ad63623903a925f5f3" root="1.3.6.1.4.1.115"/>
                      <code code="99214" codeSystem="2.16.840.1.113883.6.12" codeSystemName="CPT"/>
                    <text>Encounter, Performed: Office Visit</text>
                    <statusCode code="completed"/>
                    <effectiveTime><low value='20190509080000'/><high value='20190509083000'/></effectiveTime>
                    <author>
                      <templateId root="2.16.840.1.113883.10.20.24.3.155" extension="2017-08-01"/>
                      <time value='20190509080000'/>
                      <assignedAuthor>
                          <id nullFlavor="NA"/>
                      </assignedAuthor>
                    </author>                  </encounter>
                </entryRelationship>
              </act>
            </entry>            <entry>
              <act classCode="ACT" moodCode="EVN">
                <!--Encounter performed Act -->
                <templateId extension="2017-08-01" root="2.16.840.1.113883.10.20.24.3.133"/>
                <code code="ENC" codeSystem="2.16.840.1.113883.5.6" codeSystemName="ActClass" displayName="Encounter"/>
                <entryRelationship typeCode="SUBJ">
                  <encounter classCode="ENC" moodCode="EVN">
                    <!--  Encounter activities template -->
                    <templateId extension="2015-08-01" root="2.16.840.1.113883.10.20.22.4.49"/>
                    <!-- Encounter performed template -->
                    <templateId extension="2017-08-01" root="2.16.840.1.113883.10.20.24.3.23"/>
                    <id extension="5d7a60ad63623903a925f5f5" root="1.3.6.1.4.1.115"/>
                      <code code="99212" codeSystem="2.16.840.1.113883.6.12" codeSystemName="CPT"/>
                    <text>Encounter, Performed: Office Visit</text>
                    <statusCode code="completed"/>
                    <effectiveTime><low value='20190721080000'/><high value='20190721081500'/></effectiveTime>
                    <author>
                      <templateId root="2.16.840.1.113883.10.20.24.3.155" extension="2017-08-01"/>
                      <time value='20190721080000'/>
                      <assignedAuthor>
                          <id nullFlavor="NA"/>
                      </assignedAuthor>
                    </author>                  </encounter>
                </entryRelationship>
              </act>
            </entry>














            <entry>
              <!-- Patient Characteristic Payer -->
              <observation classCode="OBS" moodCode="EVN">
                <templateId root="2.16.840.1.113883.10.20.24.3.55"/>
                <id root="db9566a0-b79d-0137-1c4a-0800274d695b"/> 
                <code code="48768-6" codeSystemName="LOINC" codeSystem="2.16.840.1.113883.6.1" displayName="Payment source"/> 
                <statusCode code="completed"/>
                <effectiveTime><low value='19700101003248'/><high nullFlavor='UNK'/></effectiveTime>
                <value xsi:type="CD" code="2" codeSystem="2.16.840.1.113883.3.221.5" codeSystemName="SOP" sdtc:valueSet="2.16.840.1.114222.4.11.3591"/>
              </observation>            
            </entry>
        </section>
      </component>
    </structuredBody>
  </component>
</ClinicalDocument>