<?xml version="1.0" encoding="utf-8"?>
<ClinicalDocument xmlns:xsi="http://www.w3.org/2001/XMLSchema-instance" xmlns="urn:hl7-org:v3" xmlns:voc="urn:hl7-org:v3/voc" xmlns:sdtc="urn:hl7-org:sdtc">

<!-- QRDA Header -->
<realmCode code="US"/>
<typeId root="2.16.840.1.113883.1.3" extension="POCD_HD000040"/>
<!-- US Realm Header Template Id -->
<templateId root="2.16.840.1.113883.10.20.22.1.1" extension="2015-08-01"/>
<!-- QRDA templateId -->
<templateId root="2.16.840.1.113883.10.20.24.1.1" extension="2017-08-01"/>
<!-- QDM-based QRDA templateId -->
<templateId root="2.16.840.1.113883.10.20.24.1.2" extension="2018-10-01"/>
<!-- CMS QRDA templateId -->
<templateId root="2.16.840.1.113883.10.20.24.1.3" extension="2019-02-01"/>
<!-- This is the globally unique identifier for this QRDA document -->
<id root="55b6f370-fb52-0138-88e1-080027e672fa"/>
<!-- QRDA document type code -->
<code code="55182-0" codeSystem="2.16.840.1.113883.6.1" codeSystemName="LOINC" displayName="Quality Measure Report"/>
<title>QRDA Incidence Report</title>
<!-- This is the document creation time -->
<effectiveTime value="20201028134933"/>
<confidentialityCode code="N" codeSystem="2.16.840.1.113883.5.25"/>
<languageCode code="en"/>
<!-- reported patient -->
<recordTarget>
  <patientRole>
    <id extension="5f9976ed63623903effa412b" root="1.3.6.1.4.1.115" />
      <addr use="HP">
          <streetAddressLine>74523 Aisha Prairie Crest</streetAddressLine>
        <city>Lake Nikitaville</city>
        <state>AK</state>
        <postalCode>99543</postalCode>
        <country>US</country>
      </addr>
      <telecom use="HP" value="tel:239-362-7941"/>
    <patient>
        <name>
          <given>Robert</given>
          <family>Ramos</family>
        </name>
          <administrativeGenderCode code="M" codeSystem="2.16.840.1.113883.5.1" codeSystemName="AdministrativeGender"/>
        <birthTime value='19700208153000'/>
          <raceCode code="2076-8" codeSystem="2.16.840.1.113883.6.238" codeSystemName="CDCREC"/>
          <ethnicGroupCode code="2135-2" codeSystem="2.16.840.1.113883.6.238" codeSystemName="CDCREC"/>
      <languageCommunication>
        <languageCode code="eng"/>
      </languageCommunication>
    </patient>
  </patientRole>
</recordTarget>
<author>
  <time value="20201028134934"/>
  <assignedAuthor>
    <!-- NPI -->
      <id extension="1843685466" root="2.16.840.1.113883.4.6"/>
    <addr>
      <streetAddressLine>202 Burlington Rd.</streetAddressLine>
      <city>Bedford</city>
      <state>MA</state>
      <postalCode>01730</postalCode>
      <country>US</country>
    </addr>
    <telecom use="WP" value="tel:(781)271-3000"/>
    <assignedAuthoringDevice>
      <manufacturerModelName>Cypress</manufacturerModelName>
      <softwareName>Cypress</softwareName>
    </assignedAuthoringDevice>
  </assignedAuthor>
</author><custodian>
  <assignedCustodian>
    <representedCustodianOrganization>
        <id extension="065755" root="2.16.840.1.113883.4.336"/>
      <name>Cypress Test Deck</name>
      <telecom use="WP" value="tel:(781)271-3000"/>
      <addr use="HP">
        <streetAddressLine>58457 Carolyne Turnpike Orchard</streetAddressLine>
        <city>East Cierraville</city>
        <state>DE</state>
        <postalCode>19838</postalCode>
        <country>US</country>
      </addr>
    </representedCustodianOrganization>
  </assignedCustodian>
</custodian>
<legalAuthenticator>
  <time value="20201028134934"/>
  <signatureCode code="S"/>
  <assignedEntity>
    <id root="bc01a5d1-3a34-4286-82cc-43eb04c972a7"/>
    <addr>
      <streetAddressLine>202 Burlington Rd.</streetAddressLine>
      <city>Bedford</city>
      <state>MA</state>
      <postalCode>01730</postalCode>
      <country>US</country>
    </addr>
    <telecom use="WP" value="tel:(781)271-3000"/>
    <assignedPerson>
      <name>
        <given>Henry</given>
        <family>Seven</family>
      </name>
    </assignedPerson>
    <representedOrganization>
      <id root="2.16.840.1.113883.19.5"/>
      <name>Cypress</name>
    </representedOrganization>
  </assignedEntity>
</legalAuthenticator><participant typeCode="DEV">
  <associatedEntity classCode="RGPR">
    <!-- CMS EHR Certification Number (formerly known as Office of the 
        National Coordinator Certification Number) -->
    <id extension="123456789" root="2.16.840.1.113883.3.2074.1"/>
  </associatedEntity>
</participant><documentationOf typeCode="DOC">
  <serviceEvent classCode="PCPR">
    <!-- care provision -->
    <effectiveTime>
      <low nullFlavor="UNK"/>
      <high nullFlavor="UNK"/>
    </effectiveTime>
    <!-- You can include multiple performers, each with an NPI, TIN, CCN. -->
    <performer typeCode="PRF">
      <time>
        <low nullFlavor="UNK"/>
        <high nullFlavor="UNK"/>
      </time>
      <assignedEntity>
          <id extension="1843685466" root="2.16.840.1.113883.4.6"/>
          <id extension="065755" root="2.16.840.1.113883.4.336"/>
        <code code="207Q00000X" codeSystem="2.16.840.1.113883.6.101" codeSystemName="Healthcare Provider Taxonomy (HIPAA)"/>
        <addr use="HP">
          <streetAddressLine>58457 Carolyne Turnpike Orchard</streetAddressLine>
          <city>East Cierraville</city>
          <state>DE</state>
          <postalCode>19838</postalCode>
          <country>US</country>
        </addr>
        <assignedPerson>
          <name>
            <given>Edward</given>
            <family>Newman</family>
          </name>
        </assignedPerson>
        <representedOrganization>
          <id extension="933985833" root="2.16.840.1.113883.4.2"/>
          <addr use="HP">
            <streetAddressLine>58457 Carolyne Turnpike Orchard</streetAddressLine>
            <city>East Cierraville</city>
            <state>DE</state>
            <postalCode>19838</postalCode>
            <country>US</country>
          </addr>
        </representedOrganization>
      </assignedEntity>
    </performer>
  </serviceEvent>
</documentationOf>
<component>
  <structuredBody>
    <component>
      <section>
        <!-- 
          *****************************************************************
          Measure Section
          *****************************************************************
        -->
        <!-- This is the templateId for Measure Section -->
        <templateId root="2.16.840.1.113883.10.20.24.2.2"/>
        <!-- This is the templateId for Measure Section QDM -->
        <templateId root="2.16.840.1.113883.10.20.24.2.3"/>
        <!-- This is the LOINC code for "Measure document". This stays the same for all measure section required by QRDA standard -->
        <code code="55186-1" codeSystem="2.16.840.1.113883.6.1"/>
        <title>Measure Section</title>
        <text>
          <table border="1" width="100%">
            <thead>
              <tr>
                <th>eMeasure Title</th>
                <th>Version specific identifier</th>
              </tr>
            </thead>
            <tbody>
              <tr>
                <td>Percentage of patients aged 18 years and older with a diagnosis of diabetic retinopathy who had a dilated macular or fundus exam performed with documented communication to the physician who manages the ongoing care of the patient with diabetes mellitus regarding the findings of the macular or fundus exam at least once within 12 months</td>
                <td>40280382-6963-BF5E-0169-6D6F735D0283</td>
                <td/>
              </tr>
            </tbody>
          </table>
        </text>
        <!-- 1..* Organizers, each containing a reference to an eMeasure -->
        <entry>
          <organizer classCode="CLUSTER" moodCode="EVN">
            <!-- This is the templateId for Measure Reference -->
            <templateId root="2.16.840.1.113883.10.20.24.3.98"/>
            <!-- This is the templateId for eMeasure Reference QDM -->
            <templateId root="2.16.840.1.113883.10.20.24.3.97"/>
            <id extension="55bf7ed0-fb52-0138-88e1-080027e672fa" root="1.3.6.1.4.1.115"/>
            <statusCode code="completed"/>
            <!-- Containing isBranch external references -->
            <reference typeCode="REFR">
              <externalDocument classCode="DOC" moodCode="EVN">
                <!-- SHALL: This is the version specific identifier for eMeasure: QualityMeasureDocument/id it is a GUID-->
                <id extension="40280382-6963-BF5E-0169-6D6F735D0283" root="2.16.840.1.113883.4.738"/>
                <!-- SHOULD This is the title of the eMeasure -->
                <text>Percentage of patients aged 18 years and older with a diagnosis of diabetic retinopathy who had a dilated macular or fundus exam performed with documented communication to the physician who manages the ongoing care of the patient with diabetes mellitus regarding the findings of the macular or fundus exam at least once within 12 months</text>
                <!-- SHOULD: setId is the eMeasure version neutral id  -->
                <setId root="53D6D7C3-43FB-4D24-8099-17E74C022C05"/>
              </externalDocument>
            </reference>
          </organizer>
        </entry>
      </section>
    </component>    <component>
      <section>
        <!-- This is the templateId for Reporting Parameters section -->
        <templateId root="2.16.840.1.113883.10.20.17.2.1"/>
        <templateId extension="2016-03-01" root="2.16.840.1.113883.10.20.17.2.1.1"/>
        <code code="55187-9" codeSystem="2.16.840.1.113883.6.1"/>
        <title>Reporting Parameters</title>
        <text></text>
        <entry typeCode="DRIV">
          <act classCode="ACT" moodCode="EVN">
            <!-- This is the templateId for Reporting Parameteres Act -->
            <templateId root="2.16.840.1.113883.10.20.17.3.8"/>
            <templateId extension="2016-03-01" root="2.16.840.1.113883.10.20.17.3.8.1"/>
            <id extension="55bfa7c0-fb52-0138-88e1-080027e672fa" root="1.3.6.1.4.1.115"/>
            <code code="252116004" codeSystem="2.16.840.1.113883.6.96" displayName="Observation Parameters"/>
            <effectiveTime>
              <low value="20200101000000"/>
              <high value="20201231235959"/>
            </effectiveTime>
          </act>
        </entry>
      </section>
    </component>    <component>
        <section>
          <!-- This is the templateId for Patient Data section -->
          <templateId root="2.16.840.1.113883.10.20.17.2.4"/>
          <!-- This is the templateId for Patient Data QDM section -->
          <templateId extension="2018-10-01" root="2.16.840.1.113883.10.20.24.2.1"/>
          <templateId extension="2019-02-01" root="2.16.840.1.113883.10.20.24.2.1.1"/>
          <code code="55188-7" codeSystem="2.16.840.1.113883.6.1"/>
          <title>Patient Data</title>
          <text/>






            <entry>
                <act classCode="ACT" moodCode="EVN" negationInd="true">
                    <templateId root="2.16.840.1.113883.10.20.24.3.156" extension="2018-10-01"/>
                    <id root="1.3.6.1.4.1.115" extension="5f997346636239076867cdba"/>
                      <!-- QDM Attribute: Category -->
                      <code nullFlavor="NA"/>
                    <statusCode code="completed"/>
                      <!-- QDM Attribute: Relevant Period -->
                      <effectiveTime><low value='20200304083000'/><high nullFlavor='UNK'/></effectiveTime>
                      <!-- QDM Attribute: Author dateTime -->
                      <author>
                        <templateId root="2.16.840.1.113883.10.20.24.3.155" extension="2017-08-01"/>
                        <time value='20200304083000'/>
                        <assignedAuthor>
                              <id nullFlavor="NA"/>
                        </assignedAuthor>
                      </author>                      <!-- QDM Attribute: Negation Rationale -->
                      <entryRelationship typeCode="RSON">
                        <observation classCode="OBS" moodCode="EVN">
                          <templateId root="2.16.840.1.113883.10.20.24.3.88" extension="2017-08-01"/>
                          <id root="1.3.6.1.4.1.115" extension="55c1a330-fb52-0138-88e1-080027e672fa" />
                          <code code="77301-0" codeSystem="2.16.840.1.113883.6.1" displayName="reason" codeSystemName="LOINC"/>
                          <statusCode code="completed"/>
                          <effectiveTime><low value='20200304083000'/><high nullFlavor='UNK'/></effectiveTime>
                          <value code="183932001" codeSystem="2.16.840.1.113883.6.96" codeSystemName="SNOMEDCT" xsi:type="CD"/>
                        </observation>
                      </entryRelationship>                    <entryRelationship typeCode="REFR">
                      <observation classCode="OBS" moodCode="EVN">
                        <templateId root="2.16.840.1.113883.10.20.24.3.88" extension="2017-08-01"/>
                        <id root="1.3.6.1.4.1.115" extension="5f997346636239076867cdba" />
                        <code code="77301-0" codeSystem="2.16.840.1.113883.6.1" displayName="reason" codeSystemName="LOINC"/>
                        <statusCode code="completed"/>
                        <!-- QDM Attribute: Code -->
                          <value xsi:type="CD" nullFlavor="NA" sdtc:valueSet="2.16.840.1.113883.3.526.3.327"/>
                      </observation>
                    </entryRelationship>
                </act>
            </entry>            <entry>
                <act classCode="ACT" moodCode="EVN" negationInd="true">
                    <templateId root="2.16.840.1.113883.10.20.24.3.156" extension="2018-10-01"/>
                    <id root="1.3.6.1.4.1.115" extension="5f9976ed63623903effa4127"/>
                      <!-- QDM Attribute: Category -->
                      <code nullFlavor="NA"/>
                    <statusCode code="completed"/>
                      <!-- QDM Attribute: Relevant Period -->
                      <effectiveTime><low value='20200304083000'/><high nullFlavor='UNK'/></effectiveTime>
                      <!-- QDM Attribute: Author dateTime -->
                      <author>
                        <templateId root="2.16.840.1.113883.10.20.24.3.155" extension="2017-08-01"/>
                        <time value='20200304083000'/>
                        <assignedAuthor>
                              <id nullFlavor="NA"/>
                        </assignedAuthor>
                      </author>                      <!-- QDM Attribute: Negation Rationale -->
                      <entryRelationship typeCode="RSON">
                        <observation classCode="OBS" moodCode="EVN">
                          <templateId root="2.16.840.1.113883.10.20.24.3.88" extension="2017-08-01"/>
                          <id root="1.3.6.1.4.1.115" extension="55c1f880-fb52-0138-88e1-080027e672fa" />
                          <code code="77301-0" codeSystem="2.16.840.1.113883.6.1" displayName="reason" codeSystemName="LOINC"/>
                          <statusCode code="completed"/>
                          <effectiveTime><low value='20200304083000'/><high nullFlavor='UNK'/></effectiveTime>
                          <value code="183932001" codeSystem="2.16.840.1.113883.6.96" codeSystemName="SNOMEDCT" xsi:type="CD"/>
                        </observation>
                      </entryRelationship>                    <entryRelationship typeCode="REFR">
                      <observation classCode="OBS" moodCode="EVN">
                        <templateId root="2.16.840.1.113883.10.20.24.3.88" extension="2017-08-01"/>
                        <id root="1.3.6.1.4.1.115" extension="5f9976ed63623903effa4127" />
                        <code code="77301-0" codeSystem="2.16.840.1.113883.6.1" displayName="reason" codeSystemName="LOINC"/>
                        <statusCode code="completed"/>
                        <!-- QDM Attribute: Code -->
                          <value xsi:type="CD" nullFlavor="NA" sdtc:valueSet="2.16.840.1.113883.3.526.3.1320"/>
                      </observation>
                    </entryRelationship>
                </act>
            </entry>
            <entry>
              <act classCode="ACT" moodCode="EVN">
                <!-- Conforms to C-CDA 2.1 Problem Concern Act (V3) -->
                <templateId root="2.16.840.1.113883.10.20.22.4.3" extension="2015-08-01" />
                <!-- Diagnosis Concern Act -->
                <templateId root="2.16.840.1.113883.10.20.24.3.137" extension="2017-08-01"/>
                <id root="1.3.6.1.4.1.115" extension="5f997346636239076867cdbc"/>
                <code code="CONC" codeSystem="2.16.840.1.113883.5.6" displayName="Concern" />
                <statusCode code="active" />
                <effectiveTime><low value='20181101080000'/><high nullFlavor='UNK'/></effectiveTime>
                <entryRelationship typeCode="SUBJ">
                  <observation classCode="OBS" moodCode="EVN">
                    <!-- Conforms to C-CDA R2.1 Problem Observation (V3) -->
                    <templateId root="2.16.840.1.113883.10.20.22.4.4" extension="2015-08-01" />
                    <!-- Diagnosis template -->
                    <templateId root="2.16.840.1.113883.10.20.24.3.135" extension="2017-08-01" />
                    <id root="1.3.6.1.4.1.115" extension="5f997346636239076867cdbc"/>
                    <code code="29308-4" codeSystem="2.16.840.1.113883.6.1">
                      <translation code="282291009" codeSystem="2.16.840.1.113883.6.96"/>
                    </code>
                    <statusCode code="completed" />
                    <!-- QDM Attribute: Prevalence Period -->
                    <effectiveTime><low value='20181101080000'/><high nullFlavor='UNK'/></effectiveTime>
                    <!-- QDM Attribute: Code -->
                      <value xsi:type="CD" code="362.02" codeSystem="2.16.840.1.113883.6.103" codeSystemName="ICD9CM"/>
                  </observation>
                </entryRelationship>
              </act>
            </entry>
            <entry>
              <act classCode="ACT" moodCode="EVN">
                <!-- Conforms to C-CDA 2.1 Problem Concern Act (V3) -->
                <templateId root="2.16.840.1.113883.10.20.22.4.3" extension="2015-08-01" />
                <!-- Diagnosis Concern Act -->
                <templateId root="2.16.840.1.113883.10.20.24.3.137" extension="2017-08-01"/>
                <id root="1.3.6.1.4.1.115" extension="5f997346636239076867cdbe"/>
                <code code="CONC" codeSystem="2.16.840.1.113883.5.6" displayName="Concern" />
                <statusCode code="active" />
                <effectiveTime><low value='20181101080000'/><high nullFlavor='UNK'/></effectiveTime>
                <entryRelationship typeCode="SUBJ">
                  <observation classCode="OBS" moodCode="EVN">
                    <!-- Conforms to C-CDA R2.1 Problem Observation (V3) -->
                    <templateId root="2.16.840.1.113883.10.20.22.4.4" extension="2015-08-01" />
                    <!-- Diagnosis template -->
                    <templateId root="2.16.840.1.113883.10.20.24.3.135" extension="2017-08-01" />
                    <id root="1.3.6.1.4.1.115" extension="5f997346636239076867cdbe"/>
                    <code code="29308-4" codeSystem="2.16.840.1.113883.6.1">
                      <translation code="282291009" codeSystem="2.16.840.1.113883.6.96"/>
                    </code>
                    <statusCode code="completed" />
                    <!-- QDM Attribute: Prevalence Period -->
                    <effectiveTime><low value='20181101080000'/><high nullFlavor='UNK'/></effectiveTime>
                    <!-- QDM Attribute: Code -->
                      <value xsi:type="CD" code="312912001" codeSystem="2.16.840.1.113883.6.96" codeSystemName="SNOMEDCT">
                      <translation code="362.02" codeSystem="2.16.840.1.113883.6.103" codeSystemName="ICD9CM"/><translation code="E11.3513" codeSystem="2.16.840.1.113883.6.90" codeSystemName="ICD10CM"/>
                      </value>
                  </observation>
                </entryRelationship>
              </act>
            </entry>





            <entry>
              <observation classCode="OBS" moodCode="EVN" >
                <!-- Consolidated Procedure Activity Observation templateId 
                   (Implied Template) -->
                <templateId root="2.16.840.1.113883.10.20.22.4.13" extension="2014-06-09"/>
                <!-- Diagnostic Study, Performed template -->
                <templateId root="2.16.840.1.113883.10.20.24.3.18" extension="2017-08-01"/>
                <id root="1.3.6.1.4.1.115" extension="5f997346636239076867cdc0"/>
                  <code code="32451-7" codeSystem="2.16.840.1.113883.6.1" codeSystemName="LOINC"/>
                <text>Macular Exam</text>
                <statusCode code="completed"/>
                  <!-- QDM Attribute: Relevant Period -->
                  <effectiveTime><low value='20200304081500'/><high value='20200304083000'/></effectiveTime>
                <value nullFlavor="NA" xsi:type="CD" />
                  <!-- QDM Attribute: Result -->
                  <entryRelationship typeCode="REFR">
                   <observation classCode="OBS" moodCode="EVN">
                      <!-- Conforms to C-CDA R2 Result Observation (V2) -->
                      <templateId root="2.16.840.1.113883.10.20.22.4.2" extension="2015-08-01"/>
                      <id root="1.3.6.1.4.1.115" extension="55c53610-fb52-0138-88e1-080027e672fa"/>
                        <code code="32451-7" codeSystem="2.16.840.1.113883.6.1" codeSystemName="LOINC"/>
                      <statusCode code="completed"/>
                      <effectiveTime value='20200304081500'/>
                      <value xsi:type="CD" code="193350004" codeSystem="2.16.840.1.113883.6.96" codeSystemName="SNOMEDCT"/>
                   </observation>
                  </entryRelationship>
                  
              </observation>
            </entry>


            <entry>
              <act classCode="ACT" moodCode="EVN" >
                <!--Encounter performed Act -->
                <templateId extension="2017-08-01" root="2.16.840.1.113883.10.20.24.3.133"/>
                <code code="ENC" codeSystem="2.16.840.1.113883.5.6" codeSystemName="ActClass" displayName="Encounter"/>
                <entryRelationship typeCode="SUBJ">
                  <encounter classCode="ENC" moodCode="EVN">
                    <!--  Encounter activities template -->
                    <templateId extension="2015-08-01" root="2.16.840.1.113883.10.20.22.4.49"/>
                    <!-- Encounter performed template -->
                    <templateId extension="2017-08-01" root="2.16.840.1.113883.10.20.24.3.23"/>
                    <id extension="5f997346636239076867cdc2" root="1.3.6.1.4.1.115"/>
                    <!-- QDM Attribute: Code -->
                      <code code="99203" codeSystem="2.16.840.1.113883.6.12" codeSystemName="CPT"/>
                    <text>Office Visit</text>
                    <statusCode code="completed"/>
                      <!-- QDM Attribute: Relevant Period -->
                      <effectiveTime><low value='20200304080000'/><high value='20200304083000'/></effectiveTime>
                  </encounter>
                </entryRelationship>
              </act>
            </entry>






























            <entry>
              <!-- Patient Characteristic Payer -->
              <observation classCode="OBS" moodCode="EVN">
                <templateId root="2.16.840.1.113883.10.20.24.3.55"/>
                <id root="55c861e0-fb52-0138-88e1-080027e672fa"/> 
                <code code="48768-6" codeSystemName="LOINC" codeSystem="2.16.840.1.113883.6.1" displayName="Payment source"/> 
                <statusCode code="completed"/>
                  <!-- QDM Attribute: Relevant Period -->
                  <effectiveTime><low value='19700208153000'/><high nullFlavor='UNK'/></effectiveTime>
                  <value xsi:type="CD" code="2" codeSystem="2.16.840.1.113883.3.221.5" codeSystemName="Source of Payment Typology"/>
              </observation>            
            </entry>
        </section>
      </component>
    </structuredBody>
  </component>
</ClinicalDocument>