<?xml version="1.0" encoding="utf-8"?>

<ClinicalDocument xmlns:xsi="http://www.w3.org/2001/XMLSchema-instance"
 xmlns="urn:hl7-org:v3"
 xmlns:voc="urn:hl7-org:v3/voc"
 xmlns:sdtc="urn:hl7-org:sdtc">
  <!-- QRDA Header -->
  <realmCode code="US"/>
  <typeId root="2.16.840.1.113883.1.3" extension="POCD_HD000040"/>
  <!-- US Realm Header Template Id -->
  <templateId root="2.16.840.1.113883.10.20.22.1.1" extension="2015-08-01" />
  <!-- QRDA templateId -->
  <templateId root="2.16.840.1.113883.10.20.24.1.1" extension="2016-02-01" />
  <!-- QDM-based QRDA templateId -->
  <templateId root="2.16.840.1.113883.10.20.24.1.2" extension="2016-08-01"/>
  
    <!-- CMS QRDA templateId -->
    <templateId root="2.16.840.1.113883.10.20.24.1.3" extension="2017-07-01" />
  
  <!-- This is the globally unique identifier for this QRDA document -->
  <id root="342e8f67-40aa-4349-8827-1d7d2878ca7c"/>
  <!-- QRDA document type code -->
  <code code="55182-0" codeSystem="2.16.840.1.113883.6.1" codeSystemName="LOINC" displayName="Quality Measure Report"/>
  <title>QRDA Incidence Report</title>
  <!-- This is the document creation time -->
  <effectiveTime value="20180123170058+0000"/>
  <confidentialityCode code="N" codeSystem="2.16.840.1.113883.5.25"/>
  <languageCode code="en"/>
  <!-- reported patient -->
  
  <recordTarget>
  <patientRole>
    
      
        <id extension="d95dcf1a-5935-41ed-83a4-620ca3c58c12_20" root="2.16.840.1.113883.4.572" />
        
          <id extension="d95dcf1a-5935-41ed-83a4-620ca3c58c12_20" root="1.3.6.1.4.1.115" />
        
      
    
    <addr use="HP">
      
        
          
            <streetAddressLine>7066 Hessel Glens Dale</streetAddressLine>
          
          <city>Todview</city>
          <state>OK</state>
          <postalCode>73091</postalCode>
          <country>US</country>
        
      
    </addr>
    <telecom use="WP" value="tel:+1-781-271-3000"/>
    <patient>
      <name>
        <given>Alice</given>
        <family>Richards</family>
      </name>
      <administrativeGenderCode code="F" codeSystem="2.16.840.1.113883.5.1" codeSystemName="HL7 AdministrativeGender"/>
      <birthTime value="19410207"/>
      
        <raceCode code="2131-1"  codeSystemName="CDC Race and Ethnicity" codeSystem="2.16.840.1.113883.6.238"/>
      
      
        <ethnicGroupCode code="2135-2"  codeSystemName="CDC Race and Ethnicity" codeSystem="2.16.840.1.113883.6.238"/>
      
      
        <languageCommunication>
          <templateId root="2.16.840.1.113883.3.88.11.83.2" assigningAuthorityName="HITSP/C83"/>
          <templateId root="1.3.6.1.4.1.19376.1.5.3.1.2.1" assigningAuthorityName="IHE/PCC"/>
          <languageCode code="en"/>
        </languageCommunication>
      
    </patient>
  </patientRole>
</recordTarget>


  
    <author>
      <time value="20180123170058+0000"/>
      <assignedAuthor>
        <!-- NPI -->
        
          <id root="2.16.840.1.113883.4.6" extension="1575561091" />
        
        <addr>
          <streetAddressLine>202 Burlington Rd.</streetAddressLine>
          <city>Bedford</city>
          <state>MA</state>
          <postalCode>01730</postalCode>
          <country>US</country>
        </addr>
        <telecom use="WP" value="tel:(781)271-3000"/>
        <assignedAuthoringDevice>
          <manufacturerModelName>Cypress</manufacturerModelName >
          <softwareName>Cypress</softwareName >
        </assignedAuthoringDevice >
      </assignedAuthor>
    </author>
    <custodian>
      <assignedCustodian>
        <representedCustodianOrganization>
          
            <id root="2.16.840.1.113883.19.5"/>
          
          <name>Cypress Test Deck</name>
          <telecom use="WP" value="tel:(781)271-3000"/>
          <addr>
            <streetAddressLine>202 Burlington Rd.</streetAddressLine>
            <city>Bedford</city>
            <state>MA</state>
            <postalCode>01730</postalCode>
            <country>US</country>
          </addr>
        </representedCustodianOrganization>
      </assignedCustodian>
    </custodian>
    <!-- This needs to take reporting program into account EH/EP-->
    
      <informationRecipient>
        <intendedRecipient>
          <id root="2.16.840.1.113883.3.249.7" extension="PQRS_MU_INDIVIDUAL"/>
        </intendedRecipient>
      </informationRecipient>
    
    <legalAuthenticator>
      <time value="20180123170058+0000"/>
      <signatureCode code="S"/>
      <assignedEntity>
        <id root="bc01a5d1-3a34-4286-82cc-43eb04c972a7"/>
        <addr>
          <streetAddressLine>202 Burlington Rd.</streetAddressLine>
          <city>Bedford</city>
          <state>MA</state>
          <postalCode>01730</postalCode>
          <country>US</country>
        </addr>
        <telecom use="WP" value="tel:(781)271-3000"/>
        <assignedPerson>
          <name>
            <given>Henry</given>
            <family>Seven</family>
          </name>
      </assignedPerson>
        <representedOrganization>
          <id root="2.16.840.1.113883.19.5"/>
          <name>Cypress</name>
        </representedOrganization>
      </assignedEntity>
    </legalAuthenticator>
  
  
    <participant typeCode="DEV">
      <associatedEntity classCode="RGPR">
        <id root="2.16.840.1.113883.3.2074.1" extension="0014ABC1D1EFG1H"/>
      </associatedEntity>
    </participant>
  
  <documentationOf typeCode="DOC">
  <serviceEvent classCode="PCPR"> <!-- care provision -->
  
    
      <effectiveTime>
        <low nullFlavor='UNK'/>
        <high nullFlavor='UNK'/>
      </effectiveTime>
      <!-- You can include multiple performers, each with an NPI, TIN, CCN. -->
      <performer typeCode="PRF">
        <time>
          <low nullFlavor='UNK'/>
          <high nullFlavor='UNK'/>
        </time>
        <assignedEntity>
          
            
              <id root="2.16.840.1.113883.4.6" extension="1575561091" />
            
          
            
          
            
              <id root="2.16.840.1.113883.4.336" extension="362159" />
            
          
          
            <code code="207Q00000X" codeSystemName="Healthcare Provider Taxonomy (HIPAA)" codeSystem="2.16.840.1.113883.6.101"/>
          
          
            <addr use="HP">
    
      <streetAddressLine>62869 Ronaldo Walks Overpass</streetAddressLine>
    
    <city>Wiegandfurt</city>
    <state>NC</state>
    <postalCode>28860</postalCode>
    <country>US</country>
</addr>

          
          
            <assignedPerson>
              <name>
                <given>Dolores</given>
                <family>Ramirez</family>
              </name>
            </assignedPerson>
          
          <representedOrganization>
            
              
            
              
                <id root="2.16.840.1.113883.4.2" extension="074438716" />
              
            
              
            
            
              <addr use="HP">
    
      <streetAddressLine>62869 Ronaldo Walks Overpass</streetAddressLine>
    
    <city>Wiegandfurt</city>
    <state>NC</state>
    <postalCode>28860</postalCode>
    <country>US</country>
</addr>

            
          </representedOrganization>
        </assignedEntity>
      </performer>
    
  
  </serviceEvent>
</documentationOf>

  <component>
    <structuredBody>
      <component>
  <section>
    <!--
      *****************************************************************
      Measure Section
      *****************************************************************
    -->
    <!-- This is the templateId for Measure Section -->
    <templateId root="2.16.840.1.113883.10.20.24.2.2"/>
    <!-- This is the templateId for Measure Section QDM -->
    <templateId root="2.16.840.1.113883.10.20.24.2.3"/>
    <!-- This is the LOINC code for "Measure document". This stays the same for all measure section required by QRDA standard -->
    <code code="55186-1" codeSystem="2.16.840.1.113883.6.1"/>
    <title>Measure Section</title>
    <text>
      <table border="1" width="100%">
        <thead>
          <tr>
            <th>eMeasure Title</th>
            <th>Version Neutral Identifier</th>
            <th>eMeasure Version Number</th>
            <th>Version Specific Identifier</th>
          </tr>
        </thead>
        <tbody>
          
          <tr>
            <td>Use of High-Risk Medications in the Elderly</td>
            <td>A3837FF8-1ABC-4BA9-800E-FD4E7953ADBD</td>
            <td>0</td>
            <td>40280382-5ABD-FA46-015B-49B5B1E638E3</td>
            <td></td>
          </tr>
          
        </tbody>
      </table>
    </text>
    <!-- 1..* Organizers, each containing a reference to an eMeasure -->
    
    <entry>
      <organizer classCode="CLUSTER" moodCode="EVN">
        <!-- This is the templateId for Measure Reference -->
        <templateId root="2.16.840.1.113883.10.20.24.3.98"/>
        <!-- This is the templateId for eMeasure Reference QDM -->
        <templateId root="2.16.840.1.113883.10.20.24.3.97"/>
        <id root="1.3.6.1.4.1.115" extension="40280382-5ABD-FA46-015B-49B5B1E638E3"/>
        <statusCode code="completed"/>
        <!-- Containing isBranch external references -->
        <reference typeCode="REFR">
          <externalDocument classCode="DOC" moodCode="EVN">
            <!-- SHALL: This is the version specific identifier for eMeasure: QualityMeasureDocument/id it is a GUID-->
            <id root="2.16.840.1.113883.4.738" extension="40280382-5ABD-FA46-015B-49B5B1E638E3"/>
            <!-- SHOULD This is the title of the eMeasure -->
            <text>Use of High-Risk Medications in the Elderly</text>
            <!-- SHOULD: setId is the eMeasure version neutral id  -->
            <setId root="A3837FF8-1ABC-4BA9-800E-FD4E7953ADBD"/>
          </externalDocument>
        </reference>
      </organizer>
    </entry>
    
  </section>
</component>

      <component>
  <section>
    <!-- This is the templateId for Reporting Parameters section -->
    <templateId root="2.16.840.1.113883.10.20.17.2.1"/>
    
      <templateId root="2.16.840.1.113883.10.20.17.2.1.1" extension="2016-03-01" />
    
    <code code="55187-9" codeSystem="2.16.840.1.113883.6.1"/>
    <title>Reporting Parameters</title>
    <text>
      <list>
        <item>Reporting period: Fri, 01 Jan 2016 00:00:00 +0000 - Sat, 31 Dec 2016 23:59:59 +0000</item>
      </list>
    </text>
    <entry typeCode="DRIV">
      <act classCode="ACT" moodCode="EVN">
        <!-- This is the templateId for Reporting Parameteres Act -->
        <templateId root="2.16.840.1.113883.10.20.17.3.8"/>
        <templateId root="2.16.840.1.113883.10.20.17.3.8.1" extension="2016-03-01"/>
        <id root="1.3.6.1.4.1.115" extension="8A81CFBE1B0AE1165C737E9CF415BB25" />
        <code code="252116004" codeSystem="2.16.840.1.113883.6.96" displayName="Observation Parameters"/>
        <effectiveTime>
          <low value="20160101000000+0000"/>
          <high value="20161231235959+0000"/>
        </effectiveTime>
      </act>
    </entry>
  </section>
</component>

      <component>
<section>
    <!-- This is the templateId for Patient Data section -->
    <templateId root="2.16.840.1.113883.10.20.17.2.4"/>
    <!-- This is the templateId for Patient Data QDM section -->
    <templateId root="2.16.840.1.113883.10.20.24.2.1" extension="2016-08-01" />
    
      <templateId root="2.16.840.1.113883.10.20.24.2.1.1" extension="2017-07-01"/>
    

    <code code="55188-7" codeSystem="2.16.840.1.113883.6.1"/>
    <title>Patient Data</title>
    <text>

    </text>
    
      <entry>
  <!-- Patient Characteristic Payer -->
  <observation classCode="OBS" moodCode="EVN">
    <templateId root="2.16.840.1.113883.10.20.24.3.55"/>
    <id root="1.3.6.1.4.1.115" extension="5a676a42572446001c95fde9"/>
    <code code="48768-6" codeSystemName="LOINC" codeSystem="2.16.840.1.113883.6.1" displayName="Payment source"/> 
    <statusCode code="completed"/>
    <effectiveTime>
      <!-- Attribute: Start Datetime -->
      <low value='200709271424+0000'/>
      
    </effectiveTime>
    <value code="1" codeSystem="2.16.840.1.113883.3.221.5"
    xsi:type="CD" sdtc:valueSet="2.16.840.1.114222.4.11.3591">
    <originalText></originalText>
</value>

  </observation>            
</entry>
    
      <entry>
  <!--Medication Order -->
  <substanceAdministration classCode="SBADM" moodCode="RQO" >
    <templateId root="2.16.840.1.113883.10.20.22.4.42" extension="2014-06-09"/>
    <!-- Medication, Order template -->
    <templateId root="2.16.840.1.113883.10.20.24.3.47" extension="2016-02-01"/>
    <id root="1.3.6.1.4.1.115" extension="5a676a42572446001c95fde4"/>
    <text>Medication, Order: Acetaminophen / Dextromethorphan / Diphenhydramine / Phenylephrine</text>
    <statusCode code="active"/>
    <effectiveTime xsi:type="IVL_TS">
      <low value='201601070830+0000'/>
      <high value='201601070830+0000'/>
    </effectiveTime>
    
      <effectiveTime xsi:type="PIVL_TS" institutionSpecified="true" operator="A">
        <period value="1" unit="d"/>
      </effectiveTime>
    
    
      <repeatNumber value="1" />
    
    

    <consumable>
      <manufacturedProduct classCode="MANU">
        <!-- Medication Information (consolidation) template -->
        <templateId root="2.16.840.1.113883.10.20.22.4.23" extension="2014-06-09"/>
        <id root="c5b1dcc7-db86-43b1-9a08-03365acd54e8"/>
        <manufacturedMaterial>
          <code code="1428880" codeSystem="2.16.840.1.113883.6.88"
    sdtc:valueSet="2.16.840.1.113883.3.464.1003.196.12.1253">
    <originalText>Medication, Order: Acetaminophen / Dextromethorphan / Diphenhydramine / Phenylephrine</originalText>
</code>
        </manufacturedMaterial>
      </manufacturedProduct>
    </consumable>
    <author>
      <templateId root="2.16.840.1.113883.10.20.22.4.119"/>
      <time value='201601070830+0000'/>
      <assignedAuthor>
        <id root="80c3a3e5-1e11-4cc1-9c05-eea649d6949b"/>
      </assignedAuthor>
    </author>
    

  </substanceAdministration>
</entry>

    
      <entry>
  <!--Medication Order -->
  <substanceAdministration classCode="SBADM" moodCode="RQO" >
    <templateId root="2.16.840.1.113883.10.20.22.4.42" extension="2014-06-09"/>
    <!-- Medication, Order template -->
    <templateId root="2.16.840.1.113883.10.20.24.3.47" extension="2016-02-01"/>
    <id root="1.3.6.1.4.1.115" extension="5a676a42572446001c95fde5"/>
    <text>Medication, Order: Megestrol</text>
    <statusCode code="active"/>
    <effectiveTime xsi:type="IVL_TS">
      <low value='201601070830+0000'/>
      <high value='201601070830+0000'/>
    </effectiveTime>
    
      <effectiveTime xsi:type="PIVL_TS" institutionSpecified="true" operator="A">
        <period value="1" unit="d"/>
      </effectiveTime>
    
    
      <repeatNumber value="1" />
    
    

    <consumable>
      <manufacturedProduct classCode="MANU">
        <!-- Medication Information (consolidation) template -->
        <templateId root="2.16.840.1.113883.10.20.22.4.23" extension="2014-06-09"/>
        <id root="a5bcc564-7c1b-478e-95cb-667feeb24498"/>
        <manufacturedMaterial>
          <code code="860225" codeSystem="2.16.840.1.113883.6.88"
    sdtc:valueSet="2.16.840.1.113883.3.464.1003.196.12.1253">
    <originalText>Medication, Order: Acetaminophen / Dextromethorphan / Diphenhydramine / Phenylephrine</originalText>
</code>
        </manufacturedMaterial>
      </manufacturedProduct>
    </consumable>
    <author>
      <templateId root="2.16.840.1.113883.10.20.22.4.119"/>
      <time value='201601070830+0000'/>
      <assignedAuthor>
        <id root="0a14bb1a-53f8-4d3d-a5d1-ba0c27cb13f0"/>
      </assignedAuthor>
    </author>
    

  </substanceAdministration>
</entry>

    
      <entry>
  <!--Medication Order -->
  <substanceAdministration classCode="SBADM" moodCode="RQO" >
    <templateId root="2.16.840.1.113883.10.20.22.4.42" extension="2014-06-09"/>
    <!-- Medication, Order template -->
    <templateId root="2.16.840.1.113883.10.20.24.3.47" extension="2016-02-01"/>
    <id root="1.3.6.1.4.1.115" extension="5a676a42572446001c95fde6"/>
    <text>Medication, Order: Acetaminophen / Dextromethorphan / Diphenhydramine / Phenylephrine</text>
    <statusCode code="active"/>
    <effectiveTime xsi:type="IVL_TS">
      <low value='201604070830+0000'/>
      <high value='201604070830+0000'/>
    </effectiveTime>
    
      <effectiveTime xsi:type="PIVL_TS" institutionSpecified="true" operator="A">
        <period value="1" unit="d"/>
      </effectiveTime>
    
    
      <repeatNumber value="1" />
    
    

    <consumable>
      <manufacturedProduct classCode="MANU">
        <!-- Medication Information (consolidation) template -->
        <templateId root="2.16.840.1.113883.10.20.22.4.23" extension="2014-06-09"/>
        <id root="3a0d857f-77dc-44ef-9637-8a04a06693ce"/>
        <manufacturedMaterial>
          <code code="1428880" codeSystem="2.16.840.1.113883.6.88"
    sdtc:valueSet="2.16.840.1.113883.3.464.1003.196.12.1253">
    <originalText>Medication, Order: Acetaminophen / Dextromethorphan / Diphenhydramine / Phenylephrine</originalText>
</code>
        </manufacturedMaterial>
      </manufacturedProduct>
    </consumable>
    <author>
      <templateId root="2.16.840.1.113883.10.20.22.4.119"/>
      <time value='201604070830+0000'/>
      <assignedAuthor>
        <id root="e929167e-d993-4ea2-ab76-e8bf246021ea"/>
      </assignedAuthor>
    </author>
    

  </substanceAdministration>
</entry>

    
      <entry>
  <!--Medication Order -->
  <substanceAdministration classCode="SBADM" moodCode="RQO" >
    <templateId root="2.16.840.1.113883.10.20.22.4.42" extension="2014-06-09"/>
    <!-- Medication, Order template -->
    <templateId root="2.16.840.1.113883.10.20.24.3.47" extension="2016-02-01"/>
    <id root="1.3.6.1.4.1.115" extension="5a676a42572446001c95fde7"/>
    <text>Medication, Order: Megestrol</text>
    <statusCode code="active"/>
    <effectiveTime xsi:type="IVL_TS">
      <low value='201604070830+0000'/>
      <high value='201604070830+0000'/>
    </effectiveTime>
    
      <effectiveTime xsi:type="PIVL_TS" institutionSpecified="true" operator="A">
        <period value="1" unit="d"/>
      </effectiveTime>
    
    
      <repeatNumber value="1" />
    
    

    <consumable>
      <manufacturedProduct classCode="MANU">
        <!-- Medication Information (consolidation) template -->
        <templateId root="2.16.840.1.113883.10.20.22.4.23" extension="2014-06-09"/>
        <id root="8bf2576c-d064-4c94-a655-8ab0247ac9f0"/>
        <manufacturedMaterial>
          <code code="860225" codeSystem="2.16.840.1.113883.6.88"
    sdtc:valueSet="2.16.840.1.113883.3.464.1003.196.12.1253">
    <originalText>Medication, Order: Acetaminophen / Dextromethorphan / Diphenhydramine / Phenylephrine</originalText>
</code>
        </manufacturedMaterial>
      </manufacturedProduct>
    </consumable>
    <author>
      <templateId root="2.16.840.1.113883.10.20.22.4.119"/>
      <time value='201604070830+0000'/>
      <assignedAuthor>
        <id root="ecd70d4d-d10d-48a8-ac89-ffc0ec10b80e"/>
      </assignedAuthor>
    </author>
    

  </substanceAdministration>
</entry>

    
      <entry>
  <!--Medication Order -->
  <substanceAdministration classCode="SBADM" moodCode="RQO" >
    <templateId root="2.16.840.1.113883.10.20.22.4.42" extension="2014-06-09"/>
    <!-- Medication, Order template -->
    <templateId root="2.16.840.1.113883.10.20.24.3.47" extension="2016-02-01"/>
    <id root="1.3.6.1.4.1.115" extension="5a676a42572446001c95fde5"/>
    <text>Medication, Order: Megestrol</text>
    <statusCode code="active"/>
    <effectiveTime xsi:type="IVL_TS">
      <low value='201601070830+0000'/>
      <high value='201601070830+0000'/>
    </effectiveTime>
    
      <effectiveTime xsi:type="PIVL_TS" institutionSpecified="true" operator="A">
        <period value="1" unit="d"/>
      </effectiveTime>
    
    
      <repeatNumber value="1" />
    
    

    <consumable>
      <manufacturedProduct classCode="MANU">
        <!-- Medication Information (consolidation) template -->
        <templateId root="2.16.840.1.113883.10.20.22.4.23" extension="2014-06-09"/>
        <id root="6ddd4fa4-f747-46b0-a8ab-37d24bf9595a"/>
        <manufacturedMaterial>
          <code code="860225" codeSystem="2.16.840.1.113883.6.88"
    sdtc:valueSet="2.16.840.1.113883.3.464.1003.196.12.1342">
    <originalText>Medication, Order: Acetaminophen / Dextromethorphan / Diphenhydramine / Phenylephrine</originalText>
</code>
        </manufacturedMaterial>
      </manufacturedProduct>
    </consumable>
    <author>
      <templateId root="2.16.840.1.113883.10.20.22.4.119"/>
      <time value='201601070830+0000'/>
      <assignedAuthor>
        <id root="172026ef-aa4d-4647-8ac2-48e8ef163857"/>
      </assignedAuthor>
    </author>
    

  </substanceAdministration>
</entry>

    
      <entry>
  <!--Medication Order -->
  <substanceAdministration classCode="SBADM" moodCode="RQO" >
    <templateId root="2.16.840.1.113883.10.20.22.4.42" extension="2014-06-09"/>
    <!-- Medication, Order template -->
    <templateId root="2.16.840.1.113883.10.20.24.3.47" extension="2016-02-01"/>
    <id root="1.3.6.1.4.1.115" extension="5a676a42572446001c95fde7"/>
    <text>Medication, Order: Megestrol</text>
    <statusCode code="active"/>
    <effectiveTime xsi:type="IVL_TS">
      <low value='201604070830+0000'/>
      <high value='201604070830+0000'/>
    </effectiveTime>
    
      <effectiveTime xsi:type="PIVL_TS" institutionSpecified="true" operator="A">
        <period value="1" unit="d"/>
      </effectiveTime>
    
    
      <repeatNumber value="1" />
    
    

    <consumable>
      <manufacturedProduct classCode="MANU">
        <!-- Medication Information (consolidation) template -->
        <templateId root="2.16.840.1.113883.10.20.22.4.23" extension="2014-06-09"/>
        <id root="18dcdef9-c06c-437d-bb22-68dd2b4bae88"/>
        <manufacturedMaterial>
          <code code="860225" codeSystem="2.16.840.1.113883.6.88"
    sdtc:valueSet="2.16.840.1.113883.3.464.1003.196.12.1342">
    <originalText>Medication, Order: Acetaminophen / Dextromethorphan / Diphenhydramine / Phenylephrine</originalText>
</code>
        </manufacturedMaterial>
      </manufacturedProduct>
    </consumable>
    <author>
      <templateId root="2.16.840.1.113883.10.20.22.4.119"/>
      <time value='201604070830+0000'/>
      <assignedAuthor>
        <id root="df7a9861-a222-4cb9-8fcd-a31d94cf39b5"/>
      </assignedAuthor>
    </author>
    

  </substanceAdministration>
</entry>

    
      <entry>
  <!--Medication Order -->
  <substanceAdministration classCode="SBADM" moodCode="RQO" >
    <templateId root="2.16.840.1.113883.10.20.22.4.42" extension="2014-06-09"/>
    <!-- Medication, Order template -->
    <templateId root="2.16.840.1.113883.10.20.24.3.47" extension="2016-02-01"/>
    <id root="1.3.6.1.4.1.115" extension="5a676a42572446001c95fde4"/>
    <text>Medication, Order: Acetaminophen / Dextromethorphan / Diphenhydramine / Phenylephrine</text>
    <statusCode code="active"/>
    <effectiveTime xsi:type="IVL_TS">
      <low value='201601070830+0000'/>
      <high value='201601070830+0000'/>
    </effectiveTime>
    
      <effectiveTime xsi:type="PIVL_TS" institutionSpecified="true" operator="A">
        <period value="1" unit="d"/>
      </effectiveTime>
    
    
      <repeatNumber value="1" />
    
    

    <consumable>
      <manufacturedProduct classCode="MANU">
        <!-- Medication Information (consolidation) template -->
        <templateId root="2.16.840.1.113883.10.20.22.4.23" extension="2014-06-09"/>
        <id root="67ccd0d4-e45a-4bcf-9131-6a7b8f623ee6"/>
        <manufacturedMaterial>
          <code code="1428880" codeSystem="2.16.840.1.113883.6.88"
    sdtc:valueSet="2.16.840.1.113883.3.464.1003.196.12.1318">
    <originalText>Medication, Order: Acetaminophen / Dextromethorphan / Diphenhydramine / Phenylephrine</originalText>
</code>
        </manufacturedMaterial>
      </manufacturedProduct>
    </consumable>
    <author>
      <templateId root="2.16.840.1.113883.10.20.22.4.119"/>
      <time value='201601070830+0000'/>
      <assignedAuthor>
        <id root="e88aef7a-4838-42bc-8c80-1f6b9d85c696"/>
      </assignedAuthor>
    </author>
    

  </substanceAdministration>
</entry>

    
      <entry>
  <!--Medication Order -->
  <substanceAdministration classCode="SBADM" moodCode="RQO" >
    <templateId root="2.16.840.1.113883.10.20.22.4.42" extension="2014-06-09"/>
    <!-- Medication, Order template -->
    <templateId root="2.16.840.1.113883.10.20.24.3.47" extension="2016-02-01"/>
    <id root="1.3.6.1.4.1.115" extension="5a676a42572446001c95fde6"/>
    <text>Medication, Order: Acetaminophen / Dextromethorphan / Diphenhydramine / Phenylephrine</text>
    <statusCode code="active"/>
    <effectiveTime xsi:type="IVL_TS">
      <low value='201604070830+0000'/>
      <high value='201604070830+0000'/>
    </effectiveTime>
    
      <effectiveTime xsi:type="PIVL_TS" institutionSpecified="true" operator="A">
        <period value="1" unit="d"/>
      </effectiveTime>
    
    
      <repeatNumber value="1" />
    
    

    <consumable>
      <manufacturedProduct classCode="MANU">
        <!-- Medication Information (consolidation) template -->
        <templateId root="2.16.840.1.113883.10.20.22.4.23" extension="2014-06-09"/>
        <id root="165d01d6-31c7-4c66-903b-a18cc05e0e78"/>
        <manufacturedMaterial>
          <code code="1428880" codeSystem="2.16.840.1.113883.6.88"
    sdtc:valueSet="2.16.840.1.113883.3.464.1003.196.12.1318">
    <originalText>Medication, Order: Acetaminophen / Dextromethorphan / Diphenhydramine / Phenylephrine</originalText>
</code>
        </manufacturedMaterial>
      </manufacturedProduct>
    </consumable>
    <author>
      <templateId root="2.16.840.1.113883.10.20.22.4.119"/>
      <time value='201604070830+0000'/>
      <assignedAuthor>
        <id root="891105d3-15d4-45e5-93c8-110dced585b5"/>
      </assignedAuthor>
    </author>
    

  </substanceAdministration>
</entry>

    
      <entry>
  <!--Medication Order -->
  <substanceAdministration classCode="SBADM" moodCode="RQO" >
    <templateId root="2.16.840.1.113883.10.20.22.4.42" extension="2014-06-09"/>
    <!-- Medication, Order template -->
    <templateId root="2.16.840.1.113883.10.20.24.3.47" extension="2016-02-01"/>
    <id root="1.3.6.1.4.1.115" extension="5a676a42572446001c95fde4"/>
    <text>Medication, Order: Acetaminophen / Dextromethorphan / Diphenhydramine / Phenylephrine</text>
    <statusCode code="active"/>
    <effectiveTime xsi:type="IVL_TS">
      <low value='201601070830+0000'/>
      <high value='201601070830+0000'/>
    </effectiveTime>
    
      <effectiveTime xsi:type="PIVL_TS" institutionSpecified="true" operator="A">
        <period value="1" unit="d"/>
      </effectiveTime>
    
    
      <repeatNumber value="1" />
    
    

    <consumable>
      <manufacturedProduct classCode="MANU">
        <!-- Medication Information (consolidation) template -->
        <templateId root="2.16.840.1.113883.10.20.22.4.23" extension="2014-06-09"/>
        <id root="5241d0d4-141d-442d-9166-a9324178e0cd"/>
        <manufacturedMaterial>
          <code code="1428880" codeSystem="2.16.840.1.113883.6.88"
    sdtc:valueSet="2.16.840.1.113883.3.464.1003.196.12.1399">
    <originalText>Medication, Order: Acetaminophen / Dextromethorphan / Diphenhydramine / Phenylephrine</originalText>
</code>
        </manufacturedMaterial>
      </manufacturedProduct>
    </consumable>
    <author>
      <templateId root="2.16.840.1.113883.10.20.22.4.119"/>
      <time value='201601070830+0000'/>
      <assignedAuthor>
        <id root="af4ff4ab-821a-451f-be3c-45279178552d"/>
      </assignedAuthor>
    </author>
    

  </substanceAdministration>
</entry>

    
      <entry>
  <!--Medication Order -->
  <substanceAdministration classCode="SBADM" moodCode="RQO" >
    <templateId root="2.16.840.1.113883.10.20.22.4.42" extension="2014-06-09"/>
    <!-- Medication, Order template -->
    <templateId root="2.16.840.1.113883.10.20.24.3.47" extension="2016-02-01"/>
    <id root="1.3.6.1.4.1.115" extension="5a676a42572446001c95fde6"/>
    <text>Medication, Order: Acetaminophen / Dextromethorphan / Diphenhydramine / Phenylephrine</text>
    <statusCode code="active"/>
    <effectiveTime xsi:type="IVL_TS">
      <low value='201604070830+0000'/>
      <high value='201604070830+0000'/>
    </effectiveTime>
    
      <effectiveTime xsi:type="PIVL_TS" institutionSpecified="true" operator="A">
        <period value="1" unit="d"/>
      </effectiveTime>
    
    
      <repeatNumber value="1" />
    
    

    <consumable>
      <manufacturedProduct classCode="MANU">
        <!-- Medication Information (consolidation) template -->
        <templateId root="2.16.840.1.113883.10.20.22.4.23" extension="2014-06-09"/>
        <id root="9c658279-0233-4f93-8b34-d434bab05630"/>
        <manufacturedMaterial>
          <code code="1428880" codeSystem="2.16.840.1.113883.6.88"
    sdtc:valueSet="2.16.840.1.113883.3.464.1003.196.12.1399">
    <originalText>Medication, Order: Acetaminophen / Dextromethorphan / Diphenhydramine / Phenylephrine</originalText>
</code>
        </manufacturedMaterial>
      </manufacturedProduct>
    </consumable>
    <author>
      <templateId root="2.16.840.1.113883.10.20.22.4.119"/>
      <time value='201604070830+0000'/>
      <assignedAuthor>
        <id root="bc4a8408-64d3-4745-b079-30d562abc534"/>
      </assignedAuthor>
    </author>
    

  </substanceAdministration>
</entry>

    
      <entry>
  <act classCode="ACT" moodCode="EVN" >
    <!--Encounter performed Act -->
    <templateId root="2.16.840.1.113883.10.20.24.3.133"/>
    <id root="1.3.6.1.4.1.115" extension="5a676a42572446001c95fde2"/>
    <code code="ENC" codeSystem="2.16.840.1.113883.5.6" displayName="Encounter" codeSystemName="ActClass"/>
    <entryRelationship typeCode="SUBJ">
      <encounter classCode="ENC" moodCode="EVN">
        <!--  Encounter activities template -->
        <templateId root="2.16.840.1.113883.10.20.22.4.49" extension="2015-08-01"/> 
        <!-- Encounter performed template -->
        <templateId root="2.16.840.1.113883.10.20.24.3.23" extension="2016-02-01" />
        <id root="1.3.6.1.4.1.115" extension="5a676a42572446001c95fde2"/>
        <code code="99212" codeSystem="2.16.840.1.113883.6.12"
    sdtc:valueSet="2.16.840.1.113883.3.464.1003.101.12.1001">
    <originalText>Encounter, Performed: Office Visit</originalText>
</code>
        <text>Encounter, Performed: Office Visit</text>
        <statusCode code="completed"/>
        <effectiveTime>
          <!-- We try to look for the admit/discharge times on the encounter if they are there. If not, we fall back to the typical start/end date. -->
          
          
          <low value='201601070800+0000'/>
          <high value='201601070830+0000'/>
        </effectiveTime>
        
        
        
          

        
        
        
      </encounter>
    </entryRelationship>
  </act>
</entry>

    
      <entry>
  <act classCode="ACT" moodCode="EVN" >
    <!--Encounter performed Act -->
    <templateId root="2.16.840.1.113883.10.20.24.3.133"/>
    <id root="1.3.6.1.4.1.115" extension="5a676a42572446001c95fde3"/>
    <code code="ENC" codeSystem="2.16.840.1.113883.5.6" displayName="Encounter" codeSystemName="ActClass"/>
    <entryRelationship typeCode="SUBJ">
      <encounter classCode="ENC" moodCode="EVN">
        <!--  Encounter activities template -->
        <templateId root="2.16.840.1.113883.10.20.22.4.49" extension="2015-08-01"/> 
        <!-- Encounter performed template -->
        <templateId root="2.16.840.1.113883.10.20.24.3.23" extension="2016-02-01" />
        <id root="1.3.6.1.4.1.115" extension="5a676a42572446001c95fde3"/>
        <code code="99213" codeSystem="2.16.840.1.113883.6.12"
    sdtc:valueSet="2.16.840.1.113883.3.464.1003.101.12.1001">
    <originalText>Encounter, Performed: Office Visit</originalText>
</code>
        <text>Encounter, Performed: Office Visit</text>
        <statusCode code="completed"/>
        <effectiveTime>
          <!-- We try to look for the admit/discharge times on the encounter if they are there. If not, we fall back to the typical start/end date. -->
          
          
          <low value='201604070800+0000'/>
          <high value='201604070830+0000'/>
        </effectiveTime>
        
        
        
          

        
        
        
      </encounter>
    </entryRelationship>
  </act>
</entry>

    
</section>
</component>

    </structuredBody>
  </component>

</ClinicalDocument>
