<?xml version="1.0" encoding="utf-8"?>

<ClinicalDocument xmlns:xsi="http://www.w3.org/2001/XMLSchema-instance"
 xmlns="urn:hl7-org:v3"
 xmlns:voc="urn:hl7-org:v3/voc"
 xmlns:sdtc="urn:hl7-org:sdtc">
  <!-- QRDA Header -->
  <realmCode code="US"/>
  <typeId root="2.16.840.1.113883.1.3" extension="POCD_HD000040"/>
  <!-- US Realm Header Template Id -->
  <templateId root="2.16.840.1.113883.10.20.22.1.1" extension="2015-08-01" />
  <!-- QRDA templateId -->
  <templateId root="2.16.840.1.113883.10.20.24.1.1" extension="2016-02-01" />
  <!-- QDM-based QRDA templateId -->
  <templateId root="2.16.840.1.113883.10.20.24.1.2" extension="2016-08-01"/>
  
    <!-- CMS QRDA templateId -->
    <templateId root="2.16.840.1.113883.10.20.24.1.3" extension="2017-07-01" />
  
  <!-- This is the globally unique identifier for this QRDA document -->
  <id root="bd3ac988-fe90-4437-b42c-f8b1fb615df1"/>
  <!-- QRDA document type code -->
  <code code="55182-0" codeSystem="2.16.840.1.113883.6.1" codeSystemName="LOINC" displayName="Quality Measure Report"/>
  <title>QRDA Incidence Report</title>
  <!-- This is the document creation time -->
  <effectiveTime value="20180123170033+0000"/>
  <confidentialityCode code="N" codeSystem="2.16.840.1.113883.5.25"/>
  <languageCode code="en"/>
  <!-- reported patient -->
  
  <recordTarget>
  <patientRole>
    
      
        <id extension="9ec07728-73e4-47cb-9d2d-8b35847050d0_11" root="2.16.840.1.113883.4.572" />
        
          <id extension="9ec07728-73e4-47cb-9d2d-8b35847050d0_11" root="1.3.6.1.4.1.115" />
        
      
    
    <addr use="HP">
      
        
          
            <streetAddressLine>36870 Hauck Fields Prairie</streetAddressLine>
          
          <city>Elvaside</city>
          <state>UT</state>
          <postalCode>84798</postalCode>
          <country>US</country>
        
      
    </addr>
    <telecom use="WP" value="tel:+1-781-271-3000"/>
    <patient>
      <name>
        <given>Barbara</given>
        <family>Foster</family>
      </name>
      <administrativeGenderCode code="F" codeSystem="2.16.840.1.113883.5.1" codeSystemName="HL7 AdministrativeGender"/>
      <birthTime value="20060216"/>
      
        <raceCode code="1002-5"  codeSystemName="CDC Race and Ethnicity" codeSystem="2.16.840.1.113883.6.238"/>
      
      
        <ethnicGroupCode code="2186-5"  codeSystemName="CDC Race and Ethnicity" codeSystem="2.16.840.1.113883.6.238"/>
      
      
        <languageCommunication>
          <templateId root="2.16.840.1.113883.3.88.11.83.2" assigningAuthorityName="HITSP/C83"/>
          <templateId root="1.3.6.1.4.1.19376.1.5.3.1.2.1" assigningAuthorityName="IHE/PCC"/>
          <languageCode code="en"/>
        </languageCommunication>
      
    </patient>
  </patientRole>
</recordTarget>


  
    <author>
      <time value="20180123170033+0000"/>
      <assignedAuthor>
        <!-- NPI -->
        
          <id root="2.16.840.1.113883.4.6" extension="1225259245" />
        
        <addr>
          <streetAddressLine>202 Burlington Rd.</streetAddressLine>
          <city>Bedford</city>
          <state>MA</state>
          <postalCode>01730</postalCode>
          <country>US</country>
        </addr>
        <telecom use="WP" value="tel:(781)271-3000"/>
        <assignedAuthoringDevice>
          <manufacturerModelName>Cypress</manufacturerModelName >
          <softwareName>Cypress</softwareName >
        </assignedAuthoringDevice >
      </assignedAuthor>
    </author>
    <custodian>
      <assignedCustodian>
        <representedCustodianOrganization>
          
            <id root="2.16.840.1.113883.19.5"/>
          
          <name>Cypress Test Deck</name>
          <telecom use="WP" value="tel:(781)271-3000"/>
          <addr>
            <streetAddressLine>202 Burlington Rd.</streetAddressLine>
            <city>Bedford</city>
            <state>MA</state>
            <postalCode>01730</postalCode>
            <country>US</country>
          </addr>
        </representedCustodianOrganization>
      </assignedCustodian>
    </custodian>
    <!-- This needs to take reporting program into account EH/EP-->
    
      <informationRecipient>
        <intendedRecipient>
          <id root="2.16.840.1.113883.3.249.7" extension="PQRS_MU_INDIVIDUAL"/>
        </intendedRecipient>
      </informationRecipient>
    
    <legalAuthenticator>
      <time value="20180123170033+0000"/>
      <signatureCode code="S"/>
      <assignedEntity>
        <id root="bc01a5d1-3a34-4286-82cc-43eb04c972a7"/>
        <addr>
          <streetAddressLine>202 Burlington Rd.</streetAddressLine>
          <city>Bedford</city>
          <state>MA</state>
          <postalCode>01730</postalCode>
          <country>US</country>
        </addr>
        <telecom use="WP" value="tel:(781)271-3000"/>
        <assignedPerson>
          <name>
            <given>Henry</given>
            <family>Seven</family>
          </name>
      </assignedPerson>
        <representedOrganization>
          <id root="2.16.840.1.113883.19.5"/>
          <name>Cypress</name>
        </representedOrganization>
      </assignedEntity>
    </legalAuthenticator>
  
  
    <participant typeCode="DEV">
      <associatedEntity classCode="RGPR">
        <id root="2.16.840.1.113883.3.2074.1" extension="0014ABC1D1EFG1H"/>
      </associatedEntity>
    </participant>
  
  <documentationOf typeCode="DOC">
  <serviceEvent classCode="PCPR"> <!-- care provision -->
  
    
      <effectiveTime>
        <low nullFlavor='UNK'/>
        <high nullFlavor='UNK'/>
      </effectiveTime>
      <!-- You can include multiple performers, each with an NPI, TIN, CCN. -->
      <performer typeCode="PRF">
        <time>
          <low nullFlavor='UNK'/>
          <high nullFlavor='UNK'/>
        </time>
        <assignedEntity>
          
            
              <id root="2.16.840.1.113883.4.6" extension="1225259245" />
            
          
            
          
            
              <id root="2.16.840.1.113883.4.336" extension="386285" />
            
          
          
            <code code="207Q00000X" codeSystemName="Healthcare Provider Taxonomy (HIPAA)" codeSystem="2.16.840.1.113883.6.101"/>
          
          
            <addr use="HP">
    
      <streetAddressLine>802 Bayer Plain Fords</streetAddressLine>
    
    <city>Rodriguezstad</city>
    <state>MD</state>
    <postalCode>21052</postalCode>
    <country>US</country>
</addr>

          
          
            <assignedPerson>
              <name>
                <given>Mitchell</given>
                <family>Kim</family>
              </name>
            </assignedPerson>
          
          <representedOrganization>
            
              
            
              
                <id root="2.16.840.1.113883.4.2" extension="694672872" />
              
            
              
            
            
              <addr use="HP">
    
      <streetAddressLine>802 Bayer Plain Fords</streetAddressLine>
    
    <city>Rodriguezstad</city>
    <state>MD</state>
    <postalCode>21052</postalCode>
    <country>US</country>
</addr>

            
          </representedOrganization>
        </assignedEntity>
      </performer>
    
  
  </serviceEvent>
</documentationOf>

  <component>
    <structuredBody>
      <component>
  <section>
    <!--
      *****************************************************************
      Measure Section
      *****************************************************************
    -->
    <!-- This is the templateId for Measure Section -->
    <templateId root="2.16.840.1.113883.10.20.24.2.2"/>
    <!-- This is the templateId for Measure Section QDM -->
    <templateId root="2.16.840.1.113883.10.20.24.2.3"/>
    <!-- This is the LOINC code for "Measure document". This stays the same for all measure section required by QRDA standard -->
    <code code="55186-1" codeSystem="2.16.840.1.113883.6.1"/>
    <title>Measure Section</title>
    <text>
      <table border="1" width="100%">
        <thead>
          <tr>
            <th>eMeasure Title</th>
            <th>Version Neutral Identifier</th>
            <th>eMeasure Version Number</th>
            <th>Version Specific Identifier</th>
          </tr>
        </thead>
        <tbody>
          
          <tr>
            <td>Follow-Up Care for Children Prescribed ADHD Medication (ADD)</td>
            <td>703CC49B-B653-4885-80E8-245A057F5AE9</td>
            <td>0</td>
            <td>40280382-5ABD-FA46-015B-499A7B553852</td>
            <td></td>
          </tr>
          
        </tbody>
      </table>
    </text>
    <!-- 1..* Organizers, each containing a reference to an eMeasure -->
    
    <entry>
      <organizer classCode="CLUSTER" moodCode="EVN">
        <!-- This is the templateId for Measure Reference -->
        <templateId root="2.16.840.1.113883.10.20.24.3.98"/>
        <!-- This is the templateId for eMeasure Reference QDM -->
        <templateId root="2.16.840.1.113883.10.20.24.3.97"/>
        <id root="1.3.6.1.4.1.115" extension="40280382-5ABD-FA46-015B-499A7B553852"/>
        <statusCode code="completed"/>
        <!-- Containing isBranch external references -->
        <reference typeCode="REFR">
          <externalDocument classCode="DOC" moodCode="EVN">
            <!-- SHALL: This is the version specific identifier for eMeasure: QualityMeasureDocument/id it is a GUID-->
            <id root="2.16.840.1.113883.4.738" extension="40280382-5ABD-FA46-015B-499A7B553852"/>
            <!-- SHOULD This is the title of the eMeasure -->
            <text>Follow-Up Care for Children Prescribed ADHD Medication (ADD)</text>
            <!-- SHOULD: setId is the eMeasure version neutral id  -->
            <setId root="703CC49B-B653-4885-80E8-245A057F5AE9"/>
          </externalDocument>
        </reference>
      </organizer>
    </entry>
    
  </section>
</component>

      <component>
  <section>
    <!-- This is the templateId for Reporting Parameters section -->
    <templateId root="2.16.840.1.113883.10.20.17.2.1"/>
    
      <templateId root="2.16.840.1.113883.10.20.17.2.1.1" extension="2016-03-01" />
    
    <code code="55187-9" codeSystem="2.16.840.1.113883.6.1"/>
    <title>Reporting Parameters</title>
    <text>
      <list>
        <item>Reporting period: Fri, 01 Jan 2016 00:00:00 +0000 - Sat, 31 Dec 2016 23:59:59 +0000</item>
      </list>
    </text>
    <entry typeCode="DRIV">
      <act classCode="ACT" moodCode="EVN">
        <!-- This is the templateId for Reporting Parameteres Act -->
        <templateId root="2.16.840.1.113883.10.20.17.3.8"/>
        <templateId root="2.16.840.1.113883.10.20.17.3.8.1" extension="2016-03-01"/>
        <id root="1.3.6.1.4.1.115" extension="8A81CFBE1B0AE1165C737E9CF415BB25" />
        <code code="252116004" codeSystem="2.16.840.1.113883.6.96" displayName="Observation Parameters"/>
        <effectiveTime>
          <low value="20160101000000+0000"/>
          <high value="20161231235959+0000"/>
        </effectiveTime>
      </act>
    </entry>
  </section>
</component>

      <component>
<section>
    <!-- This is the templateId for Patient Data section -->
    <templateId root="2.16.840.1.113883.10.20.17.2.4"/>
    <!-- This is the templateId for Patient Data QDM section -->
    <templateId root="2.16.840.1.113883.10.20.24.2.1" extension="2016-08-01" />
    
      <templateId root="2.16.840.1.113883.10.20.24.2.1.1" extension="2017-07-01"/>
    

    <code code="55188-7" codeSystem="2.16.840.1.113883.6.1"/>
    <title>Patient Data</title>
    <text>

    </text>
    
      <entry>
  <substanceAdministration classCode="SBADM" moodCode="EVN">
    <!-- Medication Activity (consolidation) template -->
    <templateId root="2.16.840.1.113883.10.20.22.4.16" extension="2014-06-09"/>
    <!-- Medication, Active template -->
    <templateId root="2.16.840.1.113883.10.20.24.3.41" extension="2016-02-01"/>

    <id root="1.3.6.1.4.1.115" extension="5a676a2c572446001defaa70"/>
    <text>Medication, Active: Adhd Medications</text>
    <statusCode code="active"/>
    <effectiveTime xsi:type="IVL_TS">
        <low value='201602230800+0000'/>
        <high value='201609200800+0000'/>
    </effectiveTime>
    
      <effectiveTime xsi:type="PIVL_TS" institutionSpecified="true" operator="A">
        <period value="1" unit="d"/>
      </effectiveTime>
    
    

    <doseQuantity value="1" unit="{tbl}"/>


    

    <consumable>
      <manufacturedProduct classCode="MANU">
        <!-- Medication Information (consolidation) template -->
        <templateId root="2.16.840.1.113883.10.20.22.4.23" extension="2014-06-09"/>
        <id root="dfec1d9d-bccb-4fd5-82e9-6aae26129ea6"/>
        <manufacturedMaterial>
          <code code="1091210" codeSystem="2.16.840.1.113883.6.88"
    sdtc:valueSet="2.16.840.1.113883.3.464.1003.196.12.1171">
    <originalText>Medication, Active: Adhd Medications</originalText>
</code>
        </manufacturedMaterial>
        <manufacturerOrganization>
          <name>Medication Factory Inc.</name>
        </manufacturerOrganization>
      </manufacturedProduct>
    </consumable>

    
    <entryRelationship typeCode="REFR">
    <supply classCode="SPLY" moodCode="EVN">
        <!-- Medication Dispense template -->
        <templateId root="2.16.840.1.113883.10.20.22.4.18" extension="2014-06-09"/>
        <id root="1.3.6.1.4.1.115" extension="748d6289-0bb8-489f-bf0b-dce632dc0dc5"/>
        <statusCode code="completed"/>
        <effectiveTime nullFlavor='UNK'/>
        <repeatNumber value="1"/>
        <quantity value="30" unit="1"/>
        <product>
        <manufacturedProduct classCode="MANU">
            <!-- Medication Information (consolidation) template -->
            <templateId root="2.16.840.1.113883.10.20.22.4.23" extension="2014-06-09"/>
            <id root="9fc372cd-1159-40cb-aefb-3dc8ba4cb2fd"/>
            <manufacturedMaterial>
            <code code="1091210" codeSystem="2.16.840.1.113883.6.88"
    >
    <originalText>Medication, Active: Adhd Medications</originalText>
</code>
            </manufacturedMaterial>
        </manufacturedProduct>
        </product>
    </supply>
    </entryRelationship>

    <entryRelationship typeCode="REFR">
    <supply classCode="SPLY" moodCode="EVN">
        <!-- Medication Dispense template -->
        <templateId root="2.16.840.1.113883.10.20.22.4.18" extension="2014-06-09"/>
        <id root="1.3.6.1.4.1.115" extension="220ca9da-a658-479a-b539-3070fcf5459c"/>
        <statusCode code="completed"/>
        <effectiveTime nullFlavor='UNK'/>
        <repeatNumber value="1"/>
        <quantity value="90" unit="1"/>
        <product>
        <manufacturedProduct classCode="MANU">
            <!-- Medication Information (consolidation) template -->
            <templateId root="2.16.840.1.113883.10.20.22.4.23" extension="2014-06-09"/>
            <id root="6e4722d0-ac04-44d1-a2a8-38867847c147"/>
            <manufacturedMaterial>
            <code code="1091210" codeSystem="2.16.840.1.113883.6.88"
    >
    <originalText>Medication, Active: Adhd Medications</originalText>
</code>
            </manufacturedMaterial>
        </manufacturedProduct>
        </product>
    </supply>
    </entryRelationship>

    <entryRelationship typeCode="REFR">
    <supply classCode="SPLY" moodCode="EVN">
        <!-- Medication Dispense template -->
        <templateId root="2.16.840.1.113883.10.20.22.4.18" extension="2014-06-09"/>
        <id root="1.3.6.1.4.1.115" extension="9ae6acd4-99e9-4dc5-a6b7-2af115c445de"/>
        <statusCode code="completed"/>
        <effectiveTime nullFlavor='UNK'/>
        <repeatNumber value="1"/>
        <quantity value="90" unit="1"/>
        <product>
        <manufacturedProduct classCode="MANU">
            <!-- Medication Information (consolidation) template -->
            <templateId root="2.16.840.1.113883.10.20.22.4.23" extension="2014-06-09"/>
            <id root="e5908f35-dcb9-4d69-9b91-3dece936a31b"/>
            <manufacturedMaterial>
            <code code="1091210" codeSystem="2.16.840.1.113883.6.88"
    >
    <originalText>Medication, Active: Adhd Medications</originalText>
</code>
            </manufacturedMaterial>
        </manufacturedProduct>
        </product>
    </supply>
    </entryRelationship>


  </substanceAdministration>

</entry>
    
      <entry>
  <act classCode="ACT" moodCode="EVN" >
    <!--Encounter performed Act -->
    <templateId root="2.16.840.1.113883.10.20.24.3.133"/>
    <id root="1.3.6.1.4.1.115" extension="5a676a2c572446001defaa6e"/>
    <code code="ENC" codeSystem="2.16.840.1.113883.5.6" displayName="Encounter" codeSystemName="ActClass"/>
    <entryRelationship typeCode="SUBJ">
      <encounter classCode="ENC" moodCode="EVN">
        <!--  Encounter activities template -->
        <templateId root="2.16.840.1.113883.10.20.22.4.49" extension="2015-08-01"/> 
        <!-- Encounter performed template -->
        <templateId root="2.16.840.1.113883.10.20.24.3.23" extension="2016-02-01" />
        <id root="1.3.6.1.4.1.115" extension="5a676a2c572446001defaa6e"/>
        <code code="32485007" codeSystem="2.16.840.1.113883.6.96"
    sdtc:valueSet="2.16.840.1.113883.3.666.5.307">
    <originalText>Encounter, Performed: Encounter Inpatient</originalText>
</code>
        <text>Encounter, Performed: Encounter Inpatient</text>
        <statusCode code="completed"/>
        <effectiveTime>
          <!-- We try to look for the admit/discharge times on the encounter if they are there. If not, we fall back to the typical start/end date. -->
          
          
          <low value='201603160800+0000'/>
          <high value='201603181130+0000'/>
        </effectiveTime>
        
        
        
          

        
        
          <entryRelationship typeCode="REFR">
            <observation classCode="OBS" moodCode="EVN">
              <code code="8319008" codeSystem="2.16.840.1.113883.6.96" displayName="Principal Diagnosis" codeSystemName="SNOMED CT"/>
              
                
                  
                  <value code="F60.0" xsi:type="CD"
                         codeSystem="2.16.840.1.113883.6.90"/>
                
              
            </observation>
          </entryRelationship>
        
        
      </encounter>
    </entryRelationship>
  </act>
</entry>

    
      <entry>
  <act classCode="ACT" moodCode="EVN" >
    <!--Encounter performed Act -->
    <templateId root="2.16.840.1.113883.10.20.24.3.133"/>
    <id root="1.3.6.1.4.1.115" extension="5a676a2c572446001defaa6d"/>
    <code code="ENC" codeSystem="2.16.840.1.113883.5.6" displayName="Encounter" codeSystemName="ActClass"/>
    <entryRelationship typeCode="SUBJ">
      <encounter classCode="ENC" moodCode="EVN">
        <!--  Encounter activities template -->
        <templateId root="2.16.840.1.113883.10.20.22.4.49" extension="2015-08-01"/> 
        <!-- Encounter performed template -->
        <templateId root="2.16.840.1.113883.10.20.24.3.23" extension="2016-02-01" />
        <id root="1.3.6.1.4.1.115" extension="5a676a2c572446001defaa6d"/>
        <code code="90792" codeSystem="2.16.840.1.113883.6.12"
    sdtc:valueSet="2.16.840.1.113883.3.526.3.1492">
    <originalText>Encounter, Performed: Encounter Inpatient</originalText>
</code>
        <text>Encounter, Performed: Psych Visit   Diagnostic Evaluation</text>
        <statusCode code="completed"/>
        <effectiveTime>
          <!-- We try to look for the admit/discharge times on the encounter if they are there. If not, we fall back to the typical start/end date. -->
          
          
          <low value='201603110800+0000'/>
          <high value='201603110900+0000'/>
        </effectiveTime>
        
        
        
          

        
        
        
      </encounter>
    </entryRelationship>
  </act>
</entry>

    
      <entry>
  <act classCode="ACT" moodCode="EVN" >
    <!--Encounter performed Act -->
    <templateId root="2.16.840.1.113883.10.20.24.3.133"/>
    <id root="1.3.6.1.4.1.115" extension="5a676a2c572446001defaa6c"/>
    <code code="ENC" codeSystem="2.16.840.1.113883.5.6" displayName="Encounter" codeSystemName="ActClass"/>
    <entryRelationship typeCode="SUBJ">
      <encounter classCode="ENC" moodCode="EVN">
        <!--  Encounter activities template -->
        <templateId root="2.16.840.1.113883.10.20.22.4.49" extension="2015-08-01"/> 
        <!-- Encounter performed template -->
        <templateId root="2.16.840.1.113883.10.20.24.3.23" extension="2016-02-01" />
        <id root="1.3.6.1.4.1.115" extension="5a676a2c572446001defaa6c"/>
        <code code="99203" codeSystem="2.16.840.1.113883.6.12"
    sdtc:valueSet="2.16.840.1.113883.3.464.1003.101.12.1001">
    <originalText>Encounter, Performed: Encounter Inpatient</originalText>
</code>
        <text>Encounter, Performed: Office Visit</text>
        <statusCode code="completed"/>
        <effectiveTime>
          <!-- We try to look for the admit/discharge times on the encounter if they are there. If not, we fall back to the typical start/end date. -->
          
          
          <low value='201602230800+0000'/>
          <high value='201602230830+0000'/>
        </effectiveTime>
        
        
        
          

        
        
        
      </encounter>
    </entryRelationship>
  </act>
</entry>

    
      <entry>
  <act classCode="ACT" moodCode="EVN" >
    <!--Encounter performed Act -->
    <templateId root="2.16.840.1.113883.10.20.24.3.133"/>
    <id root="1.3.6.1.4.1.115" extension="5a676a2c572446001defaa6e"/>
    <code code="ENC" codeSystem="2.16.840.1.113883.5.6" displayName="Encounter" codeSystemName="ActClass"/>
    <entryRelationship typeCode="SUBJ">
      <encounter classCode="ENC" moodCode="EVN">
        <!--  Encounter activities template -->
        <templateId root="2.16.840.1.113883.10.20.22.4.49" extension="2015-08-01"/> 
        <!-- Encounter performed template -->
        <templateId root="2.16.840.1.113883.10.20.24.3.23" extension="2016-02-01" />
        <id root="1.3.6.1.4.1.115" extension="5a676a2c572446001defaa6e"/>
        <code code="32485007" codeSystem="2.16.840.1.113883.6.96"
    sdtc:valueSet="2.16.840.1.113883.3.464.1003.101.12.1060">
    <originalText>Encounter, Performed: Encounter Inpatient</originalText>
</code>
        <text>Encounter, Performed: Encounter Inpatient</text>
        <statusCode code="completed"/>
        <effectiveTime>
          <!-- We try to look for the admit/discharge times on the encounter if they are there. If not, we fall back to the typical start/end date. -->
          
          
          <low value='201603160800+0000'/>
          <high value='201603181130+0000'/>
        </effectiveTime>
        
        
        
          

        
        
          <entryRelationship typeCode="REFR">
            <observation classCode="OBS" moodCode="EVN">
              <code code="8319008" codeSystem="2.16.840.1.113883.6.96" displayName="Principal Diagnosis" codeSystemName="SNOMED CT"/>
              
                
                  <value code="13601005" codeSystem="2.16.840.1.113883.6.96"
    xsi:type="CD" sdtc:valueSet="2.16.840.1.113883.3.464.1003.105.12.1004">
    <originalText>Encounter, Performed: Encounter Inpatient</originalText>
    <translation code="F60.0" codeSystem="2.16.840.1.113883.6.90"/>
</value>
                
              
            </observation>
          </entryRelationship>
        
        
      </encounter>
    </entryRelationship>
  </act>
</entry>

    
      <entry>
  <!-- Patient Characteristic Payer -->
  <observation classCode="OBS" moodCode="EVN">
    <templateId root="2.16.840.1.113883.10.20.24.3.55"/>
    <id root="1.3.6.1.4.1.115" extension="5a676a2c572446001defaa72"/>
    <code code="48768-6" codeSystemName="LOINC" codeSystem="2.16.840.1.113883.6.1" displayName="Payment source"/> 
    <statusCode code="completed"/>
    <effectiveTime>
      <!-- Attribute: Start Datetime -->
      <low value='201410301214+0000'/>
      
    </effectiveTime>
    <value code="349" codeSystem="2.16.840.1.113883.3.221.5"
    xsi:type="CD" sdtc:valueSet="2.16.840.1.114222.4.11.3591">
    <originalText></originalText>
</value>

  </observation>            
</entry>
    
      <entry>
  <act classCode="ACT" moodCode="EVN" >
    <!-- Medication Dispensed Act -->
    <templateId root="2.16.840.1.113883.10.20.24.3.139"/>
    <id root="bccbc375-6aec-415f-b007-eaebd6ee8552" />
    <code code="SPLY" codeSystem="2.16.840.1.113883.5.6" displayName="supply" codeSystemName="ActClass"/>
    <entryRelationship typeCode="SUBJ">
      <!--Medication dispensed -->
      <supply classCode="SPLY" moodCode="EVN">
        <!--  Medication Dispensed template -->
        <templateId root="2.16.840.1.113883.10.20.24.3.45" extension="2016-02-01"/>
        <!-- Medication Dispense template -->
        <templateId root="2.16.840.1.113883.10.20.22.4.18" extension="2014-06-09"/>
        <id root="1.3.6.1.4.1.115" extension="5a676a2c572446001defaa6f"/>
        <text>Medication, Dispensed: Adhd Medications</text>
        <statusCode code="completed"/>
        <effectiveTime xsi:type="IVL_TS">
          <low value='201602230800+0000'/>
          <high value='201602230800+0000'/>
        </effectiveTime>
        <product>
          <manufacturedProduct classCode="MANU">
            <!-- Medication Information (consolidation) template -->
            <templateId root="2.16.840.1.113883.10.20.22.4.23" extension="2014-06-09"/>
            <id root="f0b560de-204b-471b-832b-3281f7ccc1fe"/>
            <manufacturedMaterial>
              <code code="1091210" codeSystem="2.16.840.1.113883.6.88"
    sdtc:valueSet="2.16.840.1.113883.3.464.1003.196.12.1171">
    <originalText>Medication, Dispensed: Adhd Medications</originalText>
</code>
            </manufacturedMaterial>
          </manufacturedProduct>
        </product>
      </supply>
    </entryRelationship>
    

  </act>
</entry>
    
</section>
</component>

    </structuredBody>
  </component>

</ClinicalDocument>
