<?xml version="1.0" encoding="utf-8"?>

<ClinicalDocument xmlns:xsi="http://www.w3.org/2001/XMLSchema-instance"
 xmlns="urn:hl7-org:v3"
 xmlns:voc="urn:hl7-org:v3/voc"
 xmlns:sdtc="urn:hl7-org:sdtc">
  <!-- QRDA Header -->
  <realmCode code="US"/>
  <typeId root="2.16.840.1.113883.1.3" extension="POCD_HD000040"/>
  <!-- US Realm Header Template Id -->
  <templateId root="2.16.840.1.113883.10.20.22.1.1" extension="2015-08-01" />
  <!-- QRDA templateId -->
  <templateId root="2.16.840.1.113883.10.20.24.1.1" extension="2016-02-01" />
  <!-- QDM-based QRDA templateId -->
  <templateId root="2.16.840.1.113883.10.20.24.1.2" extension="2016-08-01"/>
  
    <!-- CMS QRDA templateId -->
    <templateId root="2.16.840.1.113883.10.20.24.1.3" extension="2017-07-01" />
  
  <!-- This is the globally unique identifier for this QRDA document -->
  <id root="0355d4a3-c108-4958-a5b3-fd767f88f10a"/>
  <!-- QRDA document type code -->
  <code code="55182-0" codeSystem="2.16.840.1.113883.6.1" codeSystemName="LOINC" displayName="Quality Measure Report"/>
  <title>QRDA Incidence Report</title>
  <!-- This is the document creation time -->
  <effectiveTime value="20180123170124+0000"/>
  <confidentialityCode code="N" codeSystem="2.16.840.1.113883.5.25"/>
  <languageCode code="en"/>
  <!-- reported patient -->
  
  <recordTarget>
  <patientRole>
    
      
        <id extension="7319e6be-4b59-42b3-b1f2-b830de6cb7ac_9" root="2.16.840.1.113883.4.572" />
        
          <id extension="7319e6be-4b59-42b3-b1f2-b830de6cb7ac_9" root="1.3.6.1.4.1.115" />
        
      
    
    <addr use="HP">
      
        
          
            <streetAddressLine>31932 Conn Ferry Crossing</streetAddressLine>
          
          <city>South Matilda</city>
          <state>ID</state>
          <postalCode>83242</postalCode>
          <country>US</country>
        
      
    </addr>
    <telecom use="WP" value="tel:+1-781-271-3000"/>
    <patient>
      <name>
        <given>Casey</given>
        <family>Dunn</family>
      </name>
      <administrativeGenderCode code="M" codeSystem="2.16.840.1.113883.5.1" codeSystemName="HL7 AdministrativeGender"/>
      <birthTime value="19760201"/>
      
        <raceCode code="2054-5"  codeSystemName="CDC Race and Ethnicity" codeSystem="2.16.840.1.113883.6.238"/>
      
      
        <ethnicGroupCode code="2186-5"  codeSystemName="CDC Race and Ethnicity" codeSystem="2.16.840.1.113883.6.238"/>
      
      
        <languageCommunication>
          <templateId root="2.16.840.1.113883.3.88.11.83.2" assigningAuthorityName="HITSP/C83"/>
          <templateId root="1.3.6.1.4.1.19376.1.5.3.1.2.1" assigningAuthorityName="IHE/PCC"/>
          <languageCode code="en"/>
        </languageCommunication>
      
    </patient>
  </patientRole>
</recordTarget>


  
    <author>
      <time value="20180123170124+0000"/>
      <assignedAuthor>
        <!-- NPI -->
        
          <id root="2.16.840.1.113883.4.6" extension="1190881965" />
        
        <addr>
          <streetAddressLine>202 Burlington Rd.</streetAddressLine>
          <city>Bedford</city>
          <state>MA</state>
          <postalCode>01730</postalCode>
          <country>US</country>
        </addr>
        <telecom use="WP" value="tel:(781)271-3000"/>
        <assignedAuthoringDevice>
          <manufacturerModelName>Cypress</manufacturerModelName >
          <softwareName>Cypress</softwareName >
        </assignedAuthoringDevice >
      </assignedAuthor>
    </author>
    <custodian>
      <assignedCustodian>
        <representedCustodianOrganization>
          
            <id root="2.16.840.1.113883.19.5"/>
          
          <name>Cypress Test Deck</name>
          <telecom use="WP" value="tel:(781)271-3000"/>
          <addr>
            <streetAddressLine>202 Burlington Rd.</streetAddressLine>
            <city>Bedford</city>
            <state>MA</state>
            <postalCode>01730</postalCode>
            <country>US</country>
          </addr>
        </representedCustodianOrganization>
      </assignedCustodian>
    </custodian>
    <!-- This needs to take reporting program into account EH/EP-->
    
      <informationRecipient>
        <intendedRecipient>
          <id root="2.16.840.1.113883.3.249.7" extension="PQRS_MU_INDIVIDUAL"/>
        </intendedRecipient>
      </informationRecipient>
    
    <legalAuthenticator>
      <time value="20180123170124+0000"/>
      <signatureCode code="S"/>
      <assignedEntity>
        <id root="bc01a5d1-3a34-4286-82cc-43eb04c972a7"/>
        <addr>
          <streetAddressLine>202 Burlington Rd.</streetAddressLine>
          <city>Bedford</city>
          <state>MA</state>
          <postalCode>01730</postalCode>
          <country>US</country>
        </addr>
        <telecom use="WP" value="tel:(781)271-3000"/>
        <assignedPerson>
          <name>
            <given>Henry</given>
            <family>Seven</family>
          </name>
      </assignedPerson>
        <representedOrganization>
          <id root="2.16.840.1.113883.19.5"/>
          <name>Cypress</name>
        </representedOrganization>
      </assignedEntity>
    </legalAuthenticator>
  
  
    <participant typeCode="DEV">
      <associatedEntity classCode="RGPR">
        <id root="2.16.840.1.113883.3.2074.1" extension="0014ABC1D1EFG1H"/>
      </associatedEntity>
    </participant>
  
  <documentationOf typeCode="DOC">
  <serviceEvent classCode="PCPR"> <!-- care provision -->
  
    
      <effectiveTime>
        <low nullFlavor='UNK'/>
        <high nullFlavor='UNK'/>
      </effectiveTime>
      <!-- You can include multiple performers, each with an NPI, TIN, CCN. -->
      <performer typeCode="PRF">
        <time>
          <low nullFlavor='UNK'/>
          <high nullFlavor='UNK'/>
        </time>
        <assignedEntity>
          
            
              <id root="2.16.840.1.113883.4.6" extension="1190881965" />
            
          
            
          
            
              <id root="2.16.840.1.113883.4.336" extension="203076" />
            
          
          
            <code code="207Q00000X" codeSystemName="Healthcare Provider Taxonomy (HIPAA)" codeSystem="2.16.840.1.113883.6.101"/>
          
          
            <addr use="HP">
    
      <streetAddressLine>530 Serena Forge Coves</streetAddressLine>
    
    <city>Providenciport</city>
    <state>MO</state>
    <postalCode>65044</postalCode>
    <country>US</country>
</addr>

          
          
            <assignedPerson>
              <name>
                <given>Sylvia</given>
                <family>Bryant</family>
              </name>
            </assignedPerson>
          
          <representedOrganization>
            
              
            
              
                <id root="2.16.840.1.113883.4.2" extension="096537683" />
              
            
              
            
            
              <addr use="HP">
    
      <streetAddressLine>530 Serena Forge Coves</streetAddressLine>
    
    <city>Providenciport</city>
    <state>MO</state>
    <postalCode>65044</postalCode>
    <country>US</country>
</addr>

            
          </representedOrganization>
        </assignedEntity>
      </performer>
    
  
  </serviceEvent>
</documentationOf>

  <component>
    <structuredBody>
      <component>
  <section>
    <!--
      *****************************************************************
      Measure Section
      *****************************************************************
    -->
    <!-- This is the templateId for Measure Section -->
    <templateId root="2.16.840.1.113883.10.20.24.2.2"/>
    <!-- This is the templateId for Measure Section QDM -->
    <templateId root="2.16.840.1.113883.10.20.24.2.3"/>
    <!-- This is the LOINC code for "Measure document". This stays the same for all measure section required by QRDA standard -->
    <code code="55186-1" codeSystem="2.16.840.1.113883.6.1"/>
    <title>Measure Section</title>
    <text>
      <table border="1" width="100%">
        <thead>
          <tr>
            <th>eMeasure Title</th>
            <th>Version Neutral Identifier</th>
            <th>eMeasure Version Number</th>
            <th>Version Specific Identifier</th>
          </tr>
        </thead>
        <tbody>
          
          <tr>
            <td>Use of Imaging Studies for Low Back Pain</td>
            <td>B6016B47-B65D-4BE0-866F-1D397886CA89</td>
            <td>0</td>
            <td>40280382-5ABD-FA46-015B-49AF257B38BF</td>
            <td></td>
          </tr>
          
        </tbody>
      </table>
    </text>
    <!-- 1..* Organizers, each containing a reference to an eMeasure -->
    
    <entry>
      <organizer classCode="CLUSTER" moodCode="EVN">
        <!-- This is the templateId for Measure Reference -->
        <templateId root="2.16.840.1.113883.10.20.24.3.98"/>
        <!-- This is the templateId for eMeasure Reference QDM -->
        <templateId root="2.16.840.1.113883.10.20.24.3.97"/>
        <id root="1.3.6.1.4.1.115" extension="40280382-5ABD-FA46-015B-49AF257B38BF"/>
        <statusCode code="completed"/>
        <!-- Containing isBranch external references -->
        <reference typeCode="REFR">
          <externalDocument classCode="DOC" moodCode="EVN">
            <!-- SHALL: This is the version specific identifier for eMeasure: QualityMeasureDocument/id it is a GUID-->
            <id root="2.16.840.1.113883.4.738" extension="40280382-5ABD-FA46-015B-49AF257B38BF"/>
            <!-- SHOULD This is the title of the eMeasure -->
            <text>Use of Imaging Studies for Low Back Pain</text>
            <!-- SHOULD: setId is the eMeasure version neutral id  -->
            <setId root="B6016B47-B65D-4BE0-866F-1D397886CA89"/>
          </externalDocument>
        </reference>
      </organizer>
    </entry>
    
  </section>
</component>

      <component>
  <section>
    <!-- This is the templateId for Reporting Parameters section -->
    <templateId root="2.16.840.1.113883.10.20.17.2.1"/>
    
      <templateId root="2.16.840.1.113883.10.20.17.2.1.1" extension="2016-03-01" />
    
    <code code="55187-9" codeSystem="2.16.840.1.113883.6.1"/>
    <title>Reporting Parameters</title>
    <text>
      <list>
        <item>Reporting period: Fri, 01 Jan 2016 00:00:00 +0000 - Sat, 31 Dec 2016 23:59:59 +0000</item>
      </list>
    </text>
    <entry typeCode="DRIV">
      <act classCode="ACT" moodCode="EVN">
        <!-- This is the templateId for Reporting Parameteres Act -->
        <templateId root="2.16.840.1.113883.10.20.17.3.8"/>
        <templateId root="2.16.840.1.113883.10.20.17.3.8.1" extension="2016-03-01"/>
        <id root="1.3.6.1.4.1.115" extension="8A81CFBE1B0AE1165C737E9CF415BB25" />
        <code code="252116004" codeSystem="2.16.840.1.113883.6.96" displayName="Observation Parameters"/>
        <effectiveTime>
          <low value="20160101000000+0000"/>
          <high value="20161231235959+0000"/>
        </effectiveTime>
      </act>
    </entry>
  </section>
</component>

      <component>
<section>
    <!-- This is the templateId for Patient Data section -->
    <templateId root="2.16.840.1.113883.10.20.17.2.4"/>
    <!-- This is the templateId for Patient Data QDM section -->
    <templateId root="2.16.840.1.113883.10.20.24.2.1" extension="2016-08-01" />
    
      <templateId root="2.16.840.1.113883.10.20.24.2.1.1" extension="2017-07-01"/>
    

    <code code="55188-7" codeSystem="2.16.840.1.113883.6.1"/>
    <title>Patient Data</title>
    <text>

    </text>
    
      <entry>
  <act classCode="ACT" moodCode="EVN" >
    <!--Encounter performed Act -->
    <templateId root="2.16.840.1.113883.10.20.24.3.133"/>
    <id root="1.3.6.1.4.1.115" extension="5a676a46572446001bfeb63b"/>
    <code code="ENC" codeSystem="2.16.840.1.113883.5.6" displayName="Encounter" codeSystemName="ActClass"/>
    <entryRelationship typeCode="SUBJ">
      <encounter classCode="ENC" moodCode="EVN">
        <!--  Encounter activities template -->
        <templateId root="2.16.840.1.113883.10.20.22.4.49" extension="2015-08-01"/> 
        <!-- Encounter performed template -->
        <templateId root="2.16.840.1.113883.10.20.24.3.23" extension="2016-02-01" />
        <id root="1.3.6.1.4.1.115" extension="5a676a46572446001bfeb63b"/>
        <code code="99203" codeSystem="2.16.840.1.113883.6.12"
    sdtc:valueSet="2.16.840.1.113883.3.464.1003.101.12.1001">
    <originalText>Encounter, Performed: Face To Face Interaction   No Ed</originalText>
</code>
        <text>Encounter, Performed: Office Visit</text>
        <statusCode code="completed"/>
        <effectiveTime>
          <!-- We try to look for the admit/discharge times on the encounter if they are there. If not, we fall back to the typical start/end date. -->
          
          
          <low value='201603011500+0000'/>
          <high value='201603011600+0000'/>
        </effectiveTime>
        
        
        
          

        
        
        
          <entryRelationship typeCode="REFR">
            <act classCode="ACT" moodCode="EVN">
              <templateId root="2.16.840.1.113883.10.20.22.4.80" extension="2015-08-01"/>
              <code code="29308-4" codeSystem="2.16.840.1.113883.6.1" displayName="Diagnosis" codeSystemName="LOINC"/>
              <entryRelationship typeCode="SUBJ">
                <observation classCode="OBS" moodCode="EVN">
                  <!--  Problem observation template -->
                  <templateId root="2.16.840.1.113883.10.20.22.4.4" extension="2015-08-01"/>
                  <id root="1.3.6.1.4.1.115" extension="2d88d481-9d87-4817-875f-2c1ad0953fd2"/>
                  <code code="29308-4" codeSystem="2.16.840.1.113883.6.1">
                    <translation code="282291009" codeSystem="2.16.840.1.113883.6.96"/>
                  </code>
                  <statusCode code="completed"/>
                  <effectiveTime>
                    <low value='201603011500+0000'/>
                    <high value='201603011600+0000'/>
                  </effectiveTime>
                  
                    
                      <value nullFlavor="UNK" xsi:type="CD">
    <originalText>Encounter, Performed: Face To Face Interaction   No Ed</originalText>
</value>  
                    
                  
                </observation>
              </entryRelationship>
            </act>
          </entryRelationship>
        
      </encounter>
    </entryRelationship>
  </act>
</entry>

    
      <entry>
  <act classCode="ACT" moodCode="EVN" >
    <!-- Consolidation CDA: Procedure Activity Act template -->
    <templateId root="2.16.840.1.113883.10.20.22.4.12" extension="2014-06-09"/>
    <templateId root="2.16.840.1.113883.10.20.24.3.32" extension="2016-02-01"/>
    <id root="1.3.6.1.4.1.115" extension="5a676a46572446001bfeb642"/>
    <code code="385763009" codeSystem="2.16.840.1.113883.6.96"
    sdtc:valueSet="2.16.840.1.113762.1.4.1108.15">
    <originalText>Intervention, Performed: Hospice care all settings</originalText>
</code>
    <text>Intervention, Performed: Hospice care all settings</text>
    <statusCode code="completed"/>
    <effectiveTime>
      <low value='201605041100+0000'/>
      <high value='201605041130+0000'/>
    </effectiveTime>
    

    

  </act>
</entry>
    
      <entry>
  <act classCode="ACT" moodCode="EVN" >
    <!--Encounter performed Act -->
    <templateId root="2.16.840.1.113883.10.20.24.3.133"/>
    <id root="1.3.6.1.4.1.115" extension="5a676a46572446001bfeb63c"/>
    <code code="ENC" codeSystem="2.16.840.1.113883.5.6" displayName="Encounter" codeSystemName="ActClass"/>
    <entryRelationship typeCode="SUBJ">
      <encounter classCode="ENC" moodCode="EVN">
        <!--  Encounter activities template -->
        <templateId root="2.16.840.1.113883.10.20.22.4.49" extension="2015-08-01"/> 
        <!-- Encounter performed template -->
        <templateId root="2.16.840.1.113883.10.20.24.3.23" extension="2016-02-01" />
        <id root="1.3.6.1.4.1.115" extension="5a676a46572446001bfeb63c"/>
        <code code="32485007" codeSystem="2.16.840.1.113883.6.96"
    sdtc:valueSet="2.16.840.1.113883.3.666.5.307">
    <originalText>Encounter, Performed: Face To Face Interaction   No Ed</originalText>
</code>
        <text>Encounter, Performed: Encounter Inpatient</text>
        <statusCode code="completed"/>
        <effectiveTime>
          <!-- We try to look for the admit/discharge times on the encounter if they are there. If not, we fall back to the typical start/end date. -->
          
          
          <low value='201605020800+0000'/>
          <high value='201605070900+0000'/>
        </effectiveTime>
        
          <sdtc:dischargeDispositionCode code="428371000124100" codeSystem="2.16.840.1.113883.6.96"/>
        
        
        
          

        
        
        
      </encounter>
    </entryRelationship>
  </act>
</entry>

    
      <entry>
  <!-- Patient Characteristic Payer -->
  <observation classCode="OBS" moodCode="EVN">
    <templateId root="2.16.840.1.113883.10.20.24.3.55"/>
    <id root="1.3.6.1.4.1.115" extension="5a676a46572446001bfeb644"/>
    <code code="48768-6" codeSystemName="LOINC" codeSystem="2.16.840.1.113883.6.1" displayName="Payment source"/> 
    <statusCode code="completed"/>
    <effectiveTime>
      <!-- Attribute: Start Datetime -->
      <low value='200005070512+0000'/>
      
    </effectiveTime>
    <value code="349" codeSystem="2.16.840.1.113883.3.221.5"
    xsi:type="CD" sdtc:valueSet="2.16.840.1.114222.4.11.3591">
    <originalText></originalText>
</value>

  </observation>            
</entry>
    
      <entry>
  <act classCode="ACT" moodCode="EVN">
    <!-- Conforms to C-CDA 2.1 Problem Concern Act (V3) -->
    <templateId root="2.16.840.1.113883.10.20.22.4.3" extension="2015-08-01" />
    <!-- Diagnosis Concern Act -->
    <templateId root="2.16.840.1.113883.10.20.24.3.137" extension="2016-08-01" />
    <id root="9ddabea8-5612-451b-b7a1-030785ac493f" />
    <code code="CONC" codeSystem="2.16.840.1.113883.5.6" displayName="Concern" />
    
      <statusCode code="active" />
    
    <effectiveTime>
      <low value='201603011530+0000' />
    </effectiveTime>
    <entryRelationship typeCode="SUBJ">
      <observation classCode="OBS" moodCode="EVN">
        <!-- Conforms to C-CDA R2.1 Problem Observation (V3) -->
        <templateId root="2.16.840.1.113883.10.20.22.4.4" extension="2015-08-01" />
        <!-- Diagnosis template -->
        <templateId root="2.16.840.1.113883.10.20.24.3.135" />
        <id root="1.3.6.1.4.1.115" extension="5a676a46572446001bfeb637" />
        <code code="29308-4" codeSystem="2.16.840.1.113883.6.1">
          <translation code="282291009" codeSystem="2.16.840.1.113883.6.96"/>
        </code>
        <statusCode code="completed" />
        <effectiveTime>
          <!-- Attribute: onset datetime -->
          <low value='201603011530+0000' />
          <!-- Attribute: abatement datetime -->
          <high nullFlavor='UNK' />
        </effectiveTime>
        <value code="202794004" codeSystem="2.16.840.1.113883.6.96"
    xsi:type="CD" sdtc:valueSet="2.16.840.1.113883.3.464.1003.113.12.1001">
    <originalText>Diagnosis: All Cancer</originalText>
    <translation code="M54.30" codeSystem="2.16.840.1.113883.6.90"/>
</value>
        
        
        
      </observation>
    </entryRelationship>
  </act>
</entry>

    
      <entry>
  <act classCode="ACT" moodCode="RQO" >
    <!-- Plan of Care Activity Act template -->
    <templateId root="2.16.840.1.113883.10.20.22.4.39" extension="2014-06-09"/>
    <!-- Intervention Order template -->
    <templateId root="2.16.840.1.113883.10.20.24.3.31" extension="2016-02-01"/>
    <id root="1.3.6.1.4.1.115" extension="5a676a46572446001bfeb641"/>
    <code code="385763009" codeSystem="2.16.840.1.113883.6.96"
    sdtc:valueSet="2.16.840.1.113762.1.4.1108.15">
    <originalText>Intervention, Order: Palliative Care</originalText>
</code>
    <text>Intervention, Order: Palliative Care</text>
    <statusCode code="active"/>
     <effectiveTime>
      <low value='201605040900+0000'/>
      <high value='201605040900+0000'/>
    </effectiveTime>
    <author>
      <templateId root="2.16.840.1.113883.10.20.22.4.119"/>
      <time value='201605040900+0000'/>
      <assignedAuthor>
        <id root="4db73316-3a9c-4453-9fd8-89a154f5dc1e"/>
      </assignedAuthor>
    </author>
    

  </act>
</entry>
    
      <entry>
  <act classCode="ACT" moodCode="EVN" >
    <!--Encounter performed Act -->
    <templateId root="2.16.840.1.113883.10.20.24.3.133"/>
    <id root="1.3.6.1.4.1.115" extension="5a676a46572446001bfeb63d"/>
    <code code="ENC" codeSystem="2.16.840.1.113883.5.6" displayName="Encounter" codeSystemName="ActClass"/>
    <entryRelationship typeCode="SUBJ">
      <encounter classCode="ENC" moodCode="EVN">
        <!--  Encounter activities template -->
        <templateId root="2.16.840.1.113883.10.20.22.4.49" extension="2015-08-01"/> 
        <!-- Encounter performed template -->
        <templateId root="2.16.840.1.113883.10.20.24.3.23" extension="2016-02-01" />
        <id root="1.3.6.1.4.1.115" extension="5a676a46572446001bfeb63d"/>
        <code code="207195004" codeSystem="2.16.840.1.113883.6.96"
    sdtc:valueSet="2.16.840.1.113883.3.464.1003.101.12.1048">
    <originalText>Encounter, Performed: Face To Face Interaction   No Ed</originalText>
</code>
        <text>Encounter, Performed: Face To Face Interaction   No Ed</text>
        <statusCode code="completed"/>
        <effectiveTime>
          <!-- We try to look for the admit/discharge times on the encounter if they are there. If not, we fall back to the typical start/end date. -->
          
          
          <low value='201605040800+0000'/>
          <high value='201605040900+0000'/>
        </effectiveTime>
        
        
        
          

        
        
        
      </encounter>
    </entryRelationship>
  </act>
</entry>

    
      <entry>
  <act classCode="ACT" moodCode="EVN">
    <!-- Conforms to C-CDA 2.1 Problem Concern Act (V3) -->
    <templateId root="2.16.840.1.113883.10.20.22.4.3" extension="2015-08-01" />
    <!-- Diagnosis Concern Act -->
    <templateId root="2.16.840.1.113883.10.20.24.3.137" extension="2016-08-01" />
    <id root="60eeaa4a-3fc6-452d-8a51-3b2e2d01ddba" />
    <code code="CONC" codeSystem="2.16.840.1.113883.5.6" displayName="Concern" />
    
      <statusCode code="active" />
    
    <effectiveTime>
      <low value='201603011600+0000' />
    </effectiveTime>
    <entryRelationship typeCode="SUBJ">
      <observation classCode="OBS" moodCode="EVN">
        <!-- Conforms to C-CDA R2.1 Problem Observation (V3) -->
        <templateId root="2.16.840.1.113883.10.20.22.4.4" extension="2015-08-01" />
        <!-- Diagnosis template -->
        <templateId root="2.16.840.1.113883.10.20.24.3.135" />
        <id root="1.3.6.1.4.1.115" extension="5a676a46572446001bfeb638" />
        <code code="29308-4" codeSystem="2.16.840.1.113883.6.1">
          <translation code="282291009" codeSystem="2.16.840.1.113883.6.96"/>
        </code>
        <statusCode code="completed" />
        <effectiveTime>
          <!-- Attribute: onset datetime -->
          <low value='201603011600+0000' />
          <!-- Attribute: abatement datetime -->
          <high nullFlavor='UNK' />
        </effectiveTime>
        <value code="254611009" codeSystem="2.16.840.1.113883.6.96"
    xsi:type="CD" sdtc:valueSet="2.16.840.1.113883.3.464.1003.108.12.1011">
    <originalText>Diagnosis: All Cancer</originalText>
    <translation code="C75.9" codeSystem="2.16.840.1.113883.6.90"/>
    <translation code="194.9" codeSystem="2.16.840.1.113883.6.103"/>
</value>
        
        
        
      </observation>
    </entryRelationship>
  </act>
</entry>

    
</section>
</component>

    </structuredBody>
  </component>

</ClinicalDocument>
