<?xml version="1.0" encoding="utf-8"?>

<ClinicalDocument xmlns:xsi="http://www.w3.org/2001/XMLSchema-instance"
 xmlns="urn:hl7-org:v3"
 xmlns:voc="urn:hl7-org:v3/voc"
 xmlns:sdtc="urn:hl7-org:sdtc">
  <!-- QRDA Header -->
  <realmCode code="US"/>
  <typeId root="2.16.840.1.113883.1.3" extension="POCD_HD000040"/>
  <!-- US Realm Header Template Id -->
  <templateId root="2.16.840.1.113883.10.20.22.1.1" extension="2015-08-01" />
  <!-- QRDA templateId -->
  <templateId root="2.16.840.1.113883.10.20.24.1.1" extension="2016-02-01" />
  <!-- QDM-based QRDA templateId -->
  <templateId root="2.16.840.1.113883.10.20.24.1.2" extension="2016-08-01"/>
  
    <!-- CMS QRDA templateId -->
    <templateId root="2.16.840.1.113883.10.20.24.1.3" extension="2017-07-01" />
  
  <!-- This is the globally unique identifier for this QRDA document -->
  <id root="dd563280-e479-4c82-8de1-1fa3c371bf66"/>
  <!-- QRDA document type code -->
  <code code="55182-0" codeSystem="2.16.840.1.113883.6.1" codeSystemName="LOINC" displayName="Quality Measure Report"/>
  <title>QRDA Incidence Report</title>
  <!-- This is the document creation time -->
  <effectiveTime value="20180123170242+0000"/>
  <confidentialityCode code="N" codeSystem="2.16.840.1.113883.5.25"/>
  <languageCode code="en"/>
  <!-- reported patient -->
  
  <recordTarget>
  <patientRole>
    
      
        <id extension="df2cb3dc-668c-4f55-8925-58bd66e9db42_1" root="2.16.840.1.113883.4.572" />
        
          <id extension="df2cb3dc-668c-4f55-8925-58bd66e9db42_1" root="1.3.6.1.4.1.115" />
        
      
    
    <addr use="HP">
      
        
          
            <streetAddressLine>50935 Nicole Greens Street</streetAddressLine>
          
          <city>New Burniceport</city>
          <state>ND</state>
          <postalCode>58661</postalCode>
          <country>US</country>
        
      
    </addr>
    <telecom use="WP" value="tel:+1-781-271-3000"/>
    <patient>
      <name>
        <given>Clara</given>
        <family>Castillo</family>
      </name>
      <administrativeGenderCode code="F" codeSystem="2.16.840.1.113883.5.1" codeSystemName="HL7 AdministrativeGender"/>
      <birthTime value="19470506"/>
      
        <raceCode code="2054-5"  codeSystemName="CDC Race and Ethnicity" codeSystem="2.16.840.1.113883.6.238"/>
      
      
        <ethnicGroupCode code="2135-2"  codeSystemName="CDC Race and Ethnicity" codeSystem="2.16.840.1.113883.6.238"/>
      
      
        <languageCommunication>
          <templateId root="2.16.840.1.113883.3.88.11.83.2" assigningAuthorityName="HITSP/C83"/>
          <templateId root="1.3.6.1.4.1.19376.1.5.3.1.2.1" assigningAuthorityName="IHE/PCC"/>
          <languageCode code="en"/>
        </languageCommunication>
      
    </patient>
  </patientRole>
</recordTarget>


  
    <author>
      <time value="20180123170242+0000"/>
      <assignedAuthor>
        <!-- NPI -->
        
          <id root="2.16.840.1.113883.4.6" extension="1447895966" />
        
        <addr>
          <streetAddressLine>202 Burlington Rd.</streetAddressLine>
          <city>Bedford</city>
          <state>MA</state>
          <postalCode>01730</postalCode>
          <country>US</country>
        </addr>
        <telecom use="WP" value="tel:(781)271-3000"/>
        <assignedAuthoringDevice>
          <manufacturerModelName>Cypress</manufacturerModelName >
          <softwareName>Cypress</softwareName >
        </assignedAuthoringDevice >
      </assignedAuthor>
    </author>
    <custodian>
      <assignedCustodian>
        <representedCustodianOrganization>
          
            <id root="2.16.840.1.113883.19.5"/>
          
          <name>Cypress Test Deck</name>
          <telecom use="WP" value="tel:(781)271-3000"/>
          <addr>
            <streetAddressLine>202 Burlington Rd.</streetAddressLine>
            <city>Bedford</city>
            <state>MA</state>
            <postalCode>01730</postalCode>
            <country>US</country>
          </addr>
        </representedCustodianOrganization>
      </assignedCustodian>
    </custodian>
    <!-- This needs to take reporting program into account EH/EP-->
    
      <informationRecipient>
        <intendedRecipient>
          <id root="2.16.840.1.113883.3.249.7" extension="PQRS_MU_INDIVIDUAL"/>
        </intendedRecipient>
      </informationRecipient>
    
    <legalAuthenticator>
      <time value="20180123170242+0000"/>
      <signatureCode code="S"/>
      <assignedEntity>
        <id root="bc01a5d1-3a34-4286-82cc-43eb04c972a7"/>
        <addr>
          <streetAddressLine>202 Burlington Rd.</streetAddressLine>
          <city>Bedford</city>
          <state>MA</state>
          <postalCode>01730</postalCode>
          <country>US</country>
        </addr>
        <telecom use="WP" value="tel:(781)271-3000"/>
        <assignedPerson>
          <name>
            <given>Henry</given>
            <family>Seven</family>
          </name>
      </assignedPerson>
        <representedOrganization>
          <id root="2.16.840.1.113883.19.5"/>
          <name>Cypress</name>
        </representedOrganization>
      </assignedEntity>
    </legalAuthenticator>
  
  
    <participant typeCode="DEV">
      <associatedEntity classCode="RGPR">
        <id root="2.16.840.1.113883.3.2074.1" extension="0014ABC1D1EFG1H"/>
      </associatedEntity>
    </participant>
  
  <documentationOf typeCode="DOC">
  <serviceEvent classCode="PCPR"> <!-- care provision -->
  
    
      <effectiveTime>
        <low nullFlavor='UNK'/>
        <high nullFlavor='UNK'/>
      </effectiveTime>
      <!-- You can include multiple performers, each with an NPI, TIN, CCN. -->
      <performer typeCode="PRF">
        <time>
          <low nullFlavor='UNK'/>
          <high nullFlavor='UNK'/>
        </time>
        <assignedEntity>
          
            
              <id root="2.16.840.1.113883.4.6" extension="1447895966" />
            
          
            
          
            
              <id root="2.16.840.1.113883.4.336" extension="358780" />
            
          
          
            <code code="207Q00000X" codeSystemName="Healthcare Provider Taxonomy (HIPAA)" codeSystem="2.16.840.1.113883.6.101"/>
          
          
            <addr use="HP">
    
      <streetAddressLine>348 Heaney Mountains Mission</streetAddressLine>
    
    <city>Bauchton</city>
    <state>IA</state>
    <postalCode>51086</postalCode>
    <country>US</country>
</addr>

          
          
            <assignedPerson>
              <name>
                <given>Rafael</given>
                <family>Mclaughlin</family>
              </name>
            </assignedPerson>
          
          <representedOrganization>
            
              
            
              
                <id root="2.16.840.1.113883.4.2" extension="292926570" />
              
            
              
            
            
              <addr use="HP">
    
      <streetAddressLine>348 Heaney Mountains Mission</streetAddressLine>
    
    <city>Bauchton</city>
    <state>IA</state>
    <postalCode>51086</postalCode>
    <country>US</country>
</addr>

            
          </representedOrganization>
        </assignedEntity>
      </performer>
    
  
  </serviceEvent>
</documentationOf>

  <component>
    <structuredBody>
      <component>
  <section>
    <!--
      *****************************************************************
      Measure Section
      *****************************************************************
    -->
    <!-- This is the templateId for Measure Section -->
    <templateId root="2.16.840.1.113883.10.20.24.2.2"/>
    <!-- This is the templateId for Measure Section QDM -->
    <templateId root="2.16.840.1.113883.10.20.24.2.3"/>
    <!-- This is the LOINC code for "Measure document". This stays the same for all measure section required by QRDA standard -->
    <code code="55186-1" codeSystem="2.16.840.1.113883.6.1"/>
    <title>Measure Section</title>
    <text>
      <table border="1" width="100%">
        <thead>
          <tr>
            <th>eMeasure Title</th>
            <th>Version Neutral Identifier</th>
            <th>eMeasure Version Number</th>
            <th>Version Specific Identifier</th>
          </tr>
        </thead>
        <tbody>
          
          <tr>
            <td>Functional Status Assessment for Total Knee Replacement</td>
            <td>BE8D9655-1194-46EF-B43E-4B1D0C36AB71</td>
            <td>0</td>
            <td>40280382-5B4D-EEBC-015B-5E9D6D0C0294</td>
            <td></td>
          </tr>
          
        </tbody>
      </table>
    </text>
    <!-- 1..* Organizers, each containing a reference to an eMeasure -->
    
    <entry>
      <organizer classCode="CLUSTER" moodCode="EVN">
        <!-- This is the templateId for Measure Reference -->
        <templateId root="2.16.840.1.113883.10.20.24.3.98"/>
        <!-- This is the templateId for eMeasure Reference QDM -->
        <templateId root="2.16.840.1.113883.10.20.24.3.97"/>
        <id root="1.3.6.1.4.1.115" extension="40280382-5B4D-EEBC-015B-5E9D6D0C0294"/>
        <statusCode code="completed"/>
        <!-- Containing isBranch external references -->
        <reference typeCode="REFR">
          <externalDocument classCode="DOC" moodCode="EVN">
            <!-- SHALL: This is the version specific identifier for eMeasure: QualityMeasureDocument/id it is a GUID-->
            <id root="2.16.840.1.113883.4.738" extension="40280382-5B4D-EEBC-015B-5E9D6D0C0294"/>
            <!-- SHOULD This is the title of the eMeasure -->
            <text>Functional Status Assessment for Total Knee Replacement</text>
            <!-- SHOULD: setId is the eMeasure version neutral id  -->
            <setId root="BE8D9655-1194-46EF-B43E-4B1D0C36AB71"/>
          </externalDocument>
        </reference>
      </organizer>
    </entry>
    
  </section>
</component>

      <component>
  <section>
    <!-- This is the templateId for Reporting Parameters section -->
    <templateId root="2.16.840.1.113883.10.20.17.2.1"/>
    
      <templateId root="2.16.840.1.113883.10.20.17.2.1.1" extension="2016-03-01" />
    
    <code code="55187-9" codeSystem="2.16.840.1.113883.6.1"/>
    <title>Reporting Parameters</title>
    <text>
      <list>
        <item>Reporting period: Fri, 01 Jan 2016 00:00:00 +0000 - Sat, 31 Dec 2016 23:59:59 +0000</item>
      </list>
    </text>
    <entry typeCode="DRIV">
      <act classCode="ACT" moodCode="EVN">
        <!-- This is the templateId for Reporting Parameteres Act -->
        <templateId root="2.16.840.1.113883.10.20.17.3.8"/>
        <templateId root="2.16.840.1.113883.10.20.17.3.8.1" extension="2016-03-01"/>
        <id root="1.3.6.1.4.1.115" extension="8A81CFBE1B0AE1165C737E9CF415BB25" />
        <code code="252116004" codeSystem="2.16.840.1.113883.6.96" displayName="Observation Parameters"/>
        <effectiveTime>
          <low value="20160101000000+0000"/>
          <high value="20161231235959+0000"/>
        </effectiveTime>
      </act>
    </entry>
  </section>
</component>

      <component>
<section>
    <!-- This is the templateId for Patient Data section -->
    <templateId root="2.16.840.1.113883.10.20.17.2.4"/>
    <!-- This is the templateId for Patient Data QDM section -->
    <templateId root="2.16.840.1.113883.10.20.24.2.1" extension="2016-08-01" />
    
      <templateId root="2.16.840.1.113883.10.20.24.2.1.1" extension="2017-07-01"/>
    

    <code code="55188-7" codeSystem="2.16.840.1.113883.6.1"/>
    <title>Patient Data</title>
    <text>

    </text>
    
      <entry>
  <!-- Patient Characteristic Payer -->
  <observation classCode="OBS" moodCode="EVN">
    <templateId root="2.16.840.1.113883.10.20.24.3.55"/>
    <id root="1.3.6.1.4.1.115" extension="5a676aab572446001c9618e1"/>
    <code code="48768-6" codeSystemName="LOINC" codeSystem="2.16.840.1.113883.6.1" displayName="Payment source"/> 
    <statusCode code="completed"/>
    <effectiveTime>
      <!-- Attribute: Start Datetime -->
      <low value='201012041754+0000'/>
      
    </effectiveTime>
    <value code="349" codeSystem="2.16.840.1.113883.3.221.5"
    xsi:type="CD" sdtc:valueSet="2.16.840.1.114222.4.11.3591">
    <originalText></originalText>
</value>

  </observation>            
</entry>
    
      <entry>
  <act classCode="ACT" moodCode="EVN" >
    <!--Encounter performed Act -->
    <templateId root="2.16.840.1.113883.10.20.24.3.133"/>
    <id root="1.3.6.1.4.1.115" extension="5a676aab572446001c9618db"/>
    <code code="ENC" codeSystem="2.16.840.1.113883.5.6" displayName="Encounter" codeSystemName="ActClass"/>
    <entryRelationship typeCode="SUBJ">
      <encounter classCode="ENC" moodCode="EVN">
        <!--  Encounter activities template -->
        <templateId root="2.16.840.1.113883.10.20.22.4.49" extension="2015-08-01"/> 
        <!-- Encounter performed template -->
        <templateId root="2.16.840.1.113883.10.20.24.3.23" extension="2016-02-01" />
        <id root="1.3.6.1.4.1.115" extension="5a676aab572446001c9618db"/>
        <code code="390906007" codeSystem="2.16.840.1.113883.6.96"
    sdtc:valueSet="2.16.840.1.113883.3.464.1003.101.12.1048">
    <originalText>Encounter, Performed: Postoperative Visit</originalText>
</code>
        <text>Encounter, Performed: Face-to-Face Interaction</text>
        <statusCode code="completed"/>
        <effectiveTime>
          <!-- We try to look for the admit/discharge times on the encounter if they are there. If not, we fall back to the typical start/end date. -->
          
          
          <low value='201606180800+0000'/>
          <high value='201606180815+0000'/>
        </effectiveTime>
        
        
        
          

        
        
        
      </encounter>
    </entryRelationship>
  </act>
</entry>

    
      <entry>
  <procedure classCode="PROC" moodCode="EVN" >
    <!--  Procedure performed template -->
    <templateId root="2.16.840.1.113883.10.20.24.3.64" extension="2016-02-01"/>
    <!-- Procedure Activity Procedure-->
    <templateId root="2.16.840.1.113883.10.20.22.4.14" extension="2014-06-09"/>
    <id root="1.3.6.1.4.1.115" extension="5a676aab572446001c9618de"/>
    <code code="443682009" codeSystem="2.16.840.1.113883.6.96"
    sdtc:valueSet="2.16.840.1.113883.3.464.1003.198.12.1007">
    <originalText>Procedure, Performed: Primary Tka Procedure</originalText>
    <translation code="27447" codeSystem="2.16.840.1.113883.6.12"/>
</code>
    <text>Procedure, Performed: Primary Tka Procedure</text>
    <statusCode code="completed"/>
    <effectiveTime>
      <low value='201512210800+0000'/>
      <high value='201512211015+0000'/>
    </effectiveTime>
    
    

    
    

  </procedure>
</entry>
    
      <entry>
  <act classCode="ACT" moodCode="EVN">
    <!-- Conforms to C-CDA 2.1 Problem Concern Act (V3) -->
    <templateId root="2.16.840.1.113883.10.20.22.4.3" extension="2015-08-01" />
    <!-- Diagnosis Concern Act -->
    <templateId root="2.16.840.1.113883.10.20.24.3.137" extension="2016-08-01" />
    <id root="454bdad9-d5a8-4855-b44e-74fd969da5c9" />
    <code code="CONC" codeSystem="2.16.840.1.113883.5.6" displayName="Concern" />
    
      <statusCode code="active" />
    
    <effectiveTime>
      <low value='201504220700+0000' />
    </effectiveTime>
    <entryRelationship typeCode="SUBJ">
      <observation classCode="OBS" moodCode="EVN">
        <!-- Conforms to C-CDA R2.1 Problem Observation (V3) -->
        <templateId root="2.16.840.1.113883.10.20.22.4.4" extension="2015-08-01" />
        <!-- Diagnosis template -->
        <templateId root="2.16.840.1.113883.10.20.24.3.135" />
        <id root="1.3.6.1.4.1.115" extension="5a676aab572446001c9618d7" />
        <code code="29308-4" codeSystem="2.16.840.1.113883.6.1">
          <translation code="282291009" codeSystem="2.16.840.1.113883.6.96"/>
        </code>
        <statusCode code="completed" />
        <effectiveTime>
          <!-- Attribute: onset datetime -->
          <low value='201504220700+0000' />
          <!-- Attribute: abatement datetime -->
          <high nullFlavor='UNK' />
        </effectiveTime>
        <value code="428351000124105" codeSystem="2.16.840.1.113883.6.96"
    xsi:type="CD" sdtc:valueSet="2.16.840.1.113883.3.526.3.1025">
    <originalText>Diagnosis: Fracture   Lower Body</originalText>
</value>
        
        
        
      </observation>
    </entryRelationship>
  </act>
</entry>

    
      <entry>
  <act classCode="ACT" moodCode="EVN">
    <!-- Conforms to C-CDA 2.1 Problem Concern Act (V3) -->
    <templateId root="2.16.840.1.113883.10.20.22.4.3" extension="2015-08-01" />
    <!-- Diagnosis Concern Act -->
    <templateId root="2.16.840.1.113883.10.20.24.3.137" extension="2016-08-01" />
    <id root="b5ffd41c-5849-4856-9ada-8a7df3be5e1e" />
    <code code="CONC" codeSystem="2.16.840.1.113883.5.6" displayName="Concern" />
    
      <statusCode code="completed" />
    
    <effectiveTime>
      <low value='201512210700+0000' />
    </effectiveTime>
    <entryRelationship typeCode="SUBJ">
      <observation classCode="OBS" moodCode="EVN">
        <!-- Conforms to C-CDA R2.1 Problem Observation (V3) -->
        <templateId root="2.16.840.1.113883.10.20.22.4.4" extension="2015-08-01" />
        <!-- Diagnosis template -->
        <templateId root="2.16.840.1.113883.10.20.24.3.135" />
        <id root="1.3.6.1.4.1.115" extension="5a676aab572446001c9618d8" />
        <code code="29308-4" codeSystem="2.16.840.1.113883.6.1">
          <translation code="282291009" codeSystem="2.16.840.1.113883.6.96"/>
        </code>
        <statusCode code="completed" />
        <effectiveTime>
          <!-- Attribute: onset datetime -->
          <low value='201512210700+0000' />
          <!-- Attribute: abatement datetime -->
          <high value='201603150715+0000' />
        </effectiveTime>
        <value code="80756009" codeSystem="2.16.840.1.113883.6.96"
    xsi:type="CD" sdtc:valueSet="2.16.840.1.113883.3.464.1003.113.12.1037">
    <originalText>Diagnosis: Fracture   Lower Body</originalText>
    <translation code="S82.001A" codeSystem="2.16.840.1.113883.6.90"/>
</value>
        
        
        
      </observation>
    </entryRelationship>
  </act>
</entry>

    
      <entry>
  <act classCode="ACT" moodCode="EVN">
    <!-- Conforms to C-CDA 2.1 Problem Concern Act (V3) -->
    <templateId root="2.16.840.1.113883.10.20.22.4.3" extension="2015-08-01" />
    <!-- Diagnosis Concern Act -->
    <templateId root="2.16.840.1.113883.10.20.24.3.137" extension="2016-08-01" />
    <id root="8f1335de-5cde-41b8-9e52-88bd634c5961" />
    <code code="CONC" codeSystem="2.16.840.1.113883.5.6" displayName="Concern" />
    
      <statusCode code="completed" />
    
    <effectiveTime>
      <low value='201512210700+0000' />
    </effectiveTime>
    <entryRelationship typeCode="SUBJ">
      <observation classCode="OBS" moodCode="EVN">
        <!-- Conforms to C-CDA R2.1 Problem Observation (V3) -->
        <templateId root="2.16.840.1.113883.10.20.22.4.4" extension="2015-08-01" />
        <!-- Diagnosis template -->
        <templateId root="2.16.840.1.113883.10.20.24.3.135" />
        <id root="1.3.6.1.4.1.115" extension="5a676aab572446001c9618d9" />
        <code code="29308-4" codeSystem="2.16.840.1.113883.6.1">
          <translation code="282291009" codeSystem="2.16.840.1.113883.6.96"/>
        </code>
        <statusCode code="completed" />
        <effectiveTime>
          <!-- Attribute: onset datetime -->
          <low value='201512210700+0000' />
          <!-- Attribute: abatement datetime -->
          <high value='201603150715+0000' />
        </effectiveTime>
        <value code="208150008" codeSystem="2.16.840.1.113883.6.96"
    xsi:type="CD" sdtc:valueSet="2.16.840.1.113883.3.464.1003.113.12.1037">
    <originalText>Diagnosis: Fracture   Lower Body</originalText>
    <translation code="S32.401A" codeSystem="2.16.840.1.113883.6.90"/>
</value>
        
        
        
      </observation>
    </entryRelationship>
  </act>
</entry>

    
      <entry>
  <act classCode="ACT" moodCode="EVN" >
    <!--Encounter performed Act -->
    <templateId root="2.16.840.1.113883.10.20.24.3.133"/>
    <id root="1.3.6.1.4.1.115" extension="5a676aab572446001c9618da"/>
    <code code="ENC" codeSystem="2.16.840.1.113883.5.6" displayName="Encounter" codeSystemName="ActClass"/>
    <entryRelationship typeCode="SUBJ">
      <encounter classCode="ENC" moodCode="EVN">
        <!--  Encounter activities template -->
        <templateId root="2.16.840.1.113883.10.20.22.4.49" extension="2015-08-01"/> 
        <!-- Encounter performed template -->
        <templateId root="2.16.840.1.113883.10.20.24.3.23" extension="2016-02-01" />
        <id root="1.3.6.1.4.1.115" extension="5a676aab572446001c9618da"/>
        <code code="99024" codeSystem="2.16.840.1.113883.6.12"
    sdtc:valueSet="2.16.840.1.113883.3.464.1003.101.12.1070">
    <originalText>Encounter, Performed: Postoperative Visit</originalText>
</code>
        <text>Encounter, Performed: Postoperative Visit</text>
        <statusCode code="completed"/>
        <effectiveTime>
          <!-- We try to look for the admit/discharge times on the encounter if they are there. If not, we fall back to the typical start/end date. -->
          
          
          <low value='201601060800+0000'/>
          <high value='201601060815+0000'/>
        </effectiveTime>
        
        
        
          

        
        
        
      </encounter>
    </entryRelationship>
  </act>
</entry>

    
</section>
</component>

    </structuredBody>
  </component>

</ClinicalDocument>
