<?xml version="1.0" encoding="utf-8"?>

<ClinicalDocument xmlns:xsi="http://www.w3.org/2001/XMLSchema-instance"
 xmlns="urn:hl7-org:v3"
 xmlns:voc="urn:hl7-org:v3/voc"
 xmlns:sdtc="urn:hl7-org:sdtc">
  <!-- QRDA Header -->
  <realmCode code="US"/>
  <typeId root="2.16.840.1.113883.1.3" extension="POCD_HD000040"/>
  <!-- US Realm Header Template Id -->
  <templateId root="2.16.840.1.113883.10.20.22.1.1" extension="2015-08-01" />
  <!-- QRDA templateId -->
  <templateId root="2.16.840.1.113883.10.20.24.1.1" extension="2016-02-01" />
  <!-- QDM-based QRDA templateId -->
  <templateId root="2.16.840.1.113883.10.20.24.1.2" extension="2016-08-01"/>
  
    <!-- CMS QRDA templateId -->
    <templateId root="2.16.840.1.113883.10.20.24.1.3" extension="2017-07-01" />
  
  <!-- This is the globally unique identifier for this QRDA document -->
  <id root="7c8f9a7d-204a-4423-a998-6d7b3529b9df"/>
  <!-- QRDA document type code -->
  <code code="55182-0" codeSystem="2.16.840.1.113883.6.1" codeSystemName="LOINC" displayName="Quality Measure Report"/>
  <title>QRDA Incidence Report</title>
  <!-- This is the document creation time -->
  <effectiveTime value="20180123170104+0000"/>
  <confidentialityCode code="N" codeSystem="2.16.840.1.113883.5.25"/>
  <languageCode code="en"/>
  <!-- reported patient -->
  
  <recordTarget>
  <patientRole>
    
      
        <id extension="67213391-4f82-40e8-b603-5a825d1e4e46_4" root="2.16.840.1.113883.4.572" />
        
          <id extension="67213391-4f82-40e8-b603-5a825d1e4e46_4" root="1.3.6.1.4.1.115" />
        
      
    
    <addr use="HP">
      
        
          
            <streetAddressLine>596 Streich Springs Village</streetAddressLine>
          
          <city>Raoulmouth</city>
          <state>AZ</state>
          <postalCode>85047</postalCode>
          <country>US</country>
        
      
    </addr>
    <telecom use="WP" value="tel:+1-781-271-3000"/>
    <patient>
      <name>
        <given>Edgar</given>
        <family>Schultz</family>
      </name>
      <administrativeGenderCode code="M" codeSystem="2.16.840.1.113883.5.1" codeSystemName="HL7 AdministrativeGender"/>
      <birthTime value="19530504"/>
      
        <raceCode code="1002-5"  codeSystemName="CDC Race and Ethnicity" codeSystem="2.16.840.1.113883.6.238"/>
      
      
        <ethnicGroupCode code="2186-5"  codeSystemName="CDC Race and Ethnicity" codeSystem="2.16.840.1.113883.6.238"/>
      
      
        <languageCommunication>
          <templateId root="2.16.840.1.113883.3.88.11.83.2" assigningAuthorityName="HITSP/C83"/>
          <templateId root="1.3.6.1.4.1.19376.1.5.3.1.2.1" assigningAuthorityName="IHE/PCC"/>
          <languageCode code="en"/>
        </languageCommunication>
      
    </patient>
  </patientRole>
</recordTarget>


  
    <author>
      <time value="20180123170104+0000"/>
      <assignedAuthor>
        <!-- NPI -->
        
          <id root="2.16.840.1.113883.4.6" extension="1425104985" />
        
        <addr>
          <streetAddressLine>202 Burlington Rd.</streetAddressLine>
          <city>Bedford</city>
          <state>MA</state>
          <postalCode>01730</postalCode>
          <country>US</country>
        </addr>
        <telecom use="WP" value="tel:(781)271-3000"/>
        <assignedAuthoringDevice>
          <manufacturerModelName>Cypress</manufacturerModelName >
          <softwareName>Cypress</softwareName >
        </assignedAuthoringDevice >
      </assignedAuthor>
    </author>
    <custodian>
      <assignedCustodian>
        <representedCustodianOrganization>
          
            <id root="2.16.840.1.113883.19.5"/>
          
          <name>Cypress Test Deck</name>
          <telecom use="WP" value="tel:(781)271-3000"/>
          <addr>
            <streetAddressLine>202 Burlington Rd.</streetAddressLine>
            <city>Bedford</city>
            <state>MA</state>
            <postalCode>01730</postalCode>
            <country>US</country>
          </addr>
        </representedCustodianOrganization>
      </assignedCustodian>
    </custodian>
    <!-- This needs to take reporting program into account EH/EP-->
    
      <informationRecipient>
        <intendedRecipient>
          <id root="2.16.840.1.113883.3.249.7" extension="PQRS_MU_INDIVIDUAL"/>
        </intendedRecipient>
      </informationRecipient>
    
    <legalAuthenticator>
      <time value="20180123170104+0000"/>
      <signatureCode code="S"/>
      <assignedEntity>
        <id root="bc01a5d1-3a34-4286-82cc-43eb04c972a7"/>
        <addr>
          <streetAddressLine>202 Burlington Rd.</streetAddressLine>
          <city>Bedford</city>
          <state>MA</state>
          <postalCode>01730</postalCode>
          <country>US</country>
        </addr>
        <telecom use="WP" value="tel:(781)271-3000"/>
        <assignedPerson>
          <name>
            <given>Henry</given>
            <family>Seven</family>
          </name>
      </assignedPerson>
        <representedOrganization>
          <id root="2.16.840.1.113883.19.5"/>
          <name>Cypress</name>
        </representedOrganization>
      </assignedEntity>
    </legalAuthenticator>
  
  
    <participant typeCode="DEV">
      <associatedEntity classCode="RGPR">
        <id root="2.16.840.1.113883.3.2074.1" extension="0014ABC1D1EFG1H"/>
      </associatedEntity>
    </participant>
  
  <documentationOf typeCode="DOC">
  <serviceEvent classCode="PCPR"> <!-- care provision -->
  
    
      <effectiveTime>
        <low nullFlavor='UNK'/>
        <high nullFlavor='UNK'/>
      </effectiveTime>
      <!-- You can include multiple performers, each with an NPI, TIN, CCN. -->
      <performer typeCode="PRF">
        <time>
          <low nullFlavor='UNK'/>
          <high nullFlavor='UNK'/>
        </time>
        <assignedEntity>
          
            
              <id root="2.16.840.1.113883.4.6" extension="1425104985" />
            
          
            
          
            
              <id root="2.16.840.1.113883.4.336" extension="384073" />
            
          
          
            <code code="207Q00000X" codeSystemName="Healthcare Provider Taxonomy (HIPAA)" codeSystem="2.16.840.1.113883.6.101"/>
          
          
            <addr use="HP">
    
      <streetAddressLine>8922 Lorenz Mission Curve</streetAddressLine>
    
    <city>East Eddie</city>
    <state>NJ</state>
    <postalCode>07672</postalCode>
    <country>US</country>
</addr>

          
          
            <assignedPerson>
              <name>
                <given>Phyllis</given>
                <family>Gross</family>
              </name>
            </assignedPerson>
          
          <representedOrganization>
            
              
            
              
                <id root="2.16.840.1.113883.4.2" extension="447402522" />
              
            
              
            
            
              <addr use="HP">
    
      <streetAddressLine>8922 Lorenz Mission Curve</streetAddressLine>
    
    <city>East Eddie</city>
    <state>NJ</state>
    <postalCode>07672</postalCode>
    <country>US</country>
</addr>

            
          </representedOrganization>
        </assignedEntity>
      </performer>
    
  
  </serviceEvent>
</documentationOf>

  <component>
    <structuredBody>
      <component>
  <section>
    <!--
      *****************************************************************
      Measure Section
      *****************************************************************
    -->
    <!-- This is the templateId for Measure Section -->
    <templateId root="2.16.840.1.113883.10.20.24.2.2"/>
    <!-- This is the templateId for Measure Section QDM -->
    <templateId root="2.16.840.1.113883.10.20.24.2.3"/>
    <!-- This is the LOINC code for "Measure document". This stays the same for all measure section required by QRDA standard -->
    <code code="55186-1" codeSystem="2.16.840.1.113883.6.1"/>
    <title>Measure Section</title>
    <text>
      <table border="1" width="100%">
        <thead>
          <tr>
            <th>eMeasure Title</th>
            <th>Version Neutral Identifier</th>
            <th>eMeasure Version Number</th>
            <th>Version Specific Identifier</th>
          </tr>
        </thead>
        <tbody>
          
          <tr>
            <td>Bone density evaluation for patients with prostate cancer and receiving androgen deprivation therapy</td>
            <td>977B302E-CDF3-4BA2-8020-5E099D93AD18</td>
            <td>0</td>
            <td>40280382-5B4D-EEBC-015B-59CCA7A90174</td>
            <td></td>
          </tr>
          
        </tbody>
      </table>
    </text>
    <!-- 1..* Organizers, each containing a reference to an eMeasure -->
    
    <entry>
      <organizer classCode="CLUSTER" moodCode="EVN">
        <!-- This is the templateId for Measure Reference -->
        <templateId root="2.16.840.1.113883.10.20.24.3.98"/>
        <!-- This is the templateId for eMeasure Reference QDM -->
        <templateId root="2.16.840.1.113883.10.20.24.3.97"/>
        <id root="1.3.6.1.4.1.115" extension="40280382-5B4D-EEBC-015B-59CCA7A90174"/>
        <statusCode code="completed"/>
        <!-- Containing isBranch external references -->
        <reference typeCode="REFR">
          <externalDocument classCode="DOC" moodCode="EVN">
            <!-- SHALL: This is the version specific identifier for eMeasure: QualityMeasureDocument/id it is a GUID-->
            <id root="2.16.840.1.113883.4.738" extension="40280382-5B4D-EEBC-015B-59CCA7A90174"/>
            <!-- SHOULD This is the title of the eMeasure -->
            <text>Bone density evaluation for patients with prostate cancer and receiving androgen deprivation therapy</text>
            <!-- SHOULD: setId is the eMeasure version neutral id  -->
            <setId root="977B302E-CDF3-4BA2-8020-5E099D93AD18"/>
          </externalDocument>
        </reference>
      </organizer>
    </entry>
    
  </section>
</component>

      <component>
  <section>
    <!-- This is the templateId for Reporting Parameters section -->
    <templateId root="2.16.840.1.113883.10.20.17.2.1"/>
    
      <templateId root="2.16.840.1.113883.10.20.17.2.1.1" extension="2016-03-01" />
    
    <code code="55187-9" codeSystem="2.16.840.1.113883.6.1"/>
    <title>Reporting Parameters</title>
    <text>
      <list>
        <item>Reporting period: Fri, 01 Jan 2016 00:00:00 +0000 - Sat, 31 Dec 2016 23:59:59 +0000</item>
      </list>
    </text>
    <entry typeCode="DRIV">
      <act classCode="ACT" moodCode="EVN">
        <!-- This is the templateId for Reporting Parameteres Act -->
        <templateId root="2.16.840.1.113883.10.20.17.3.8"/>
        <templateId root="2.16.840.1.113883.10.20.17.3.8.1" extension="2016-03-01"/>
        <id root="1.3.6.1.4.1.115" extension="8A81CFBE1B0AE1165C737E9CF415BB25" />
        <code code="252116004" codeSystem="2.16.840.1.113883.6.96" displayName="Observation Parameters"/>
        <effectiveTime>
          <low value="20160101000000+0000"/>
          <high value="20161231235959+0000"/>
        </effectiveTime>
      </act>
    </entry>
  </section>
</component>

      <component>
<section>
    <!-- This is the templateId for Patient Data section -->
    <templateId root="2.16.840.1.113883.10.20.17.2.4"/>
    <!-- This is the templateId for Patient Data QDM section -->
    <templateId root="2.16.840.1.113883.10.20.24.2.1" extension="2016-08-01" />
    
      <templateId root="2.16.840.1.113883.10.20.24.2.1.1" extension="2017-07-01"/>
    

    <code code="55188-7" codeSystem="2.16.840.1.113883.6.1"/>
    <title>Patient Data</title>
    <text>

    </text>
    
      <entry>
  <procedure classCode="PROC" moodCode="RQO" >
    <!-- Consolidated Plan of Care Activity Procedure TemplateId (Implied Template) -->
    <templateId root="2.16.840.1.113883.10.20.22.4.41" extension="2014-06-09"/> 
    <!-- QRDA Procedure, Order TemplateId --> 
    <templateId root="2.16.840.1.113883.10.20.24.3.63" extension="2016-02-01"/> 
    <id root="1.3.6.1.4.1.115" extension="5a676a4e5724460019a90b83"/>
    <code code="J1950" codeSystem="2.16.840.1.113883.6.285"
    sdtc:valueSet="2.16.840.1.113762.1.4.1151.16">
    <originalText>Procedure, Order: Injection Leuprolide Acetate</originalText>
</code>
    <text>Procedure, Order: Injection Leuprolide Acetate</text>
    <statusCode code="active"/>
    <!-- Attribute: datetime --> 
    <author>
      <templateId root="2.16.840.1.113883.10.20.22.4.119"/>
      <time value='201603040800+0000'/> 
      <assignedAuthor>
        <id nullFlavor="NA"/>
      </assignedAuthor>
    </author>
    

  </procedure>
</entry>
    
      <entry>
  <act classCode="ACT" moodCode="EVN">
    <!-- Conforms to C-CDA 2.1 Problem Concern Act (V3) -->
    <templateId root="2.16.840.1.113883.10.20.22.4.3" extension="2015-08-01" />
    <!-- Diagnosis Concern Act -->
    <templateId root="2.16.840.1.113883.10.20.24.3.137" extension="2016-08-01" />
    <id root="2ad8d849-4918-4168-bfb8-86dca9a08f69" />
    <code code="CONC" codeSystem="2.16.840.1.113883.5.6" displayName="Concern" />
    
      <statusCode code="active" />
    
    <effectiveTime>
      <low value='201602060800+0000' />
    </effectiveTime>
    <entryRelationship typeCode="SUBJ">
      <observation classCode="OBS" moodCode="EVN">
        <!-- Conforms to C-CDA R2.1 Problem Observation (V3) -->
        <templateId root="2.16.840.1.113883.10.20.22.4.4" extension="2015-08-01" />
        <!-- Diagnosis template -->
        <templateId root="2.16.840.1.113883.10.20.24.3.135" />
        <id root="1.3.6.1.4.1.115" extension="5a676a4e5724460019a90b7e" />
        <code code="29308-4" codeSystem="2.16.840.1.113883.6.1">
          <translation code="282291009" codeSystem="2.16.840.1.113883.6.96"/>
        </code>
        <statusCode code="completed" />
        <effectiveTime>
          <!-- Attribute: onset datetime -->
          <low value='201602060800+0000' />
          <!-- Attribute: abatement datetime -->
          <high nullFlavor='UNK' />
        </effectiveTime>
        <value code="254900004" codeSystem="2.16.840.1.113883.6.96"
    xsi:type="CD" sdtc:valueSet="2.16.840.1.113883.3.526.3.319">
    <originalText>Diagnosis: Prostate Cancer</originalText>
    <translation code="185" codeSystem="2.16.840.1.113883.6.103"/>
    <translation code="C61" codeSystem="2.16.840.1.113883.6.90"/>
</value>
        
        
        
      </observation>
    </entryRelationship>
  </act>
</entry>

    
      <entry>
  <act classCode="ACT" moodCode="EVN" >
    <!--Encounter performed Act -->
    <templateId root="2.16.840.1.113883.10.20.24.3.133"/>
    <id root="1.3.6.1.4.1.115" extension="5a676a4e5724460019a90b7f"/>
    <code code="ENC" codeSystem="2.16.840.1.113883.5.6" displayName="Encounter" codeSystemName="ActClass"/>
    <entryRelationship typeCode="SUBJ">
      <encounter classCode="ENC" moodCode="EVN">
        <!--  Encounter activities template -->
        <templateId root="2.16.840.1.113883.10.20.22.4.49" extension="2015-08-01"/> 
        <!-- Encounter performed template -->
        <templateId root="2.16.840.1.113883.10.20.24.3.23" extension="2016-02-01" />
        <id root="1.3.6.1.4.1.115" extension="5a676a4e5724460019a90b7f"/>
        <code code="99203" codeSystem="2.16.840.1.113883.6.12"
    sdtc:valueSet="2.16.840.1.113883.3.464.1003.101.12.1001">
    <originalText>Encounter, Performed: Office Visit</originalText>
</code>
        <text>Encounter, Performed: Office Visit</text>
        <statusCode code="completed"/>
        <effectiveTime>
          <!-- We try to look for the admit/discharge times on the encounter if they are there. If not, we fall back to the typical start/end date. -->
          
          
          <low value='201602030800+0000'/>
          <high value='201602030900+0000'/>
        </effectiveTime>
        
        
        
          

        
        
        
      </encounter>
    </entryRelationship>
  </act>
</entry>

    
      <entry>
  <act classCode="ACT" moodCode="EVN" >
    <!--Encounter performed Act -->
    <templateId root="2.16.840.1.113883.10.20.24.3.133"/>
    <id root="1.3.6.1.4.1.115" extension="5a676a4e5724460019a90b80"/>
    <code code="ENC" codeSystem="2.16.840.1.113883.5.6" displayName="Encounter" codeSystemName="ActClass"/>
    <entryRelationship typeCode="SUBJ">
      <encounter classCode="ENC" moodCode="EVN">
        <!--  Encounter activities template -->
        <templateId root="2.16.840.1.113883.10.20.22.4.49" extension="2015-08-01"/> 
        <!-- Encounter performed template -->
        <templateId root="2.16.840.1.113883.10.20.24.3.23" extension="2016-02-01" />
        <id root="1.3.6.1.4.1.115" extension="5a676a4e5724460019a90b80"/>
        <code code="99213" codeSystem="2.16.840.1.113883.6.12"
    sdtc:valueSet="2.16.840.1.113883.3.464.1003.101.12.1001">
    <originalText>Encounter, Performed: Office Visit</originalText>
</code>
        <text>Encounter, Performed: Office Visit</text>
        <statusCode code="completed"/>
        <effectiveTime>
          <!-- We try to look for the admit/discharge times on the encounter if they are there. If not, we fall back to the typical start/end date. -->
          
          
          <low value='201603040800+0000'/>
          <high value='201603040830+0000'/>
        </effectiveTime>
        
        
        
          

        
        
        
      </encounter>
    </entryRelationship>
  </act>
</entry>

    
      <entry>
  <act classCode="ACT" moodCode="EVN" >
    <!--Encounter performed Act -->
    <templateId root="2.16.840.1.113883.10.20.24.3.133"/>
    <id root="1.3.6.1.4.1.115" extension="5a676a4e5724460019a90b81"/>
    <code code="ENC" codeSystem="2.16.840.1.113883.5.6" displayName="Encounter" codeSystemName="ActClass"/>
    <entryRelationship typeCode="SUBJ">
      <encounter classCode="ENC" moodCode="EVN">
        <!--  Encounter activities template -->
        <templateId root="2.16.840.1.113883.10.20.22.4.49" extension="2015-08-01"/> 
        <!-- Encounter performed template -->
        <templateId root="2.16.840.1.113883.10.20.24.3.23" extension="2016-02-01" />
        <id root="1.3.6.1.4.1.115" extension="5a676a4e5724460019a90b81"/>
        <code code="99213" codeSystem="2.16.840.1.113883.6.12"
    sdtc:valueSet="2.16.840.1.113883.3.464.1003.101.12.1001">
    <originalText>Encounter, Performed: Office Visit</originalText>
</code>
        <text>Encounter, Performed: Office Visit</text>
        <statusCode code="completed"/>
        <effectiveTime>
          <!-- We try to look for the admit/discharge times on the encounter if they are there. If not, we fall back to the typical start/end date. -->
          
          
          <low value='201611230800+0000'/>
          <high value='201611230900+0000'/>
        </effectiveTime>
        
        
        
          

        
        
        
      </encounter>
    </entryRelationship>
  </act>
</entry>

    
      <entry>
  <!-- Patient Characteristic Payer -->
  <observation classCode="OBS" moodCode="EVN">
    <templateId root="2.16.840.1.113883.10.20.24.3.55"/>
    <id root="1.3.6.1.4.1.115" extension="5a676a4e5724460019a90b86"/>
    <code code="48768-6" codeSystemName="LOINC" codeSystem="2.16.840.1.113883.6.1" displayName="Payment source"/> 
    <statusCode code="completed"/>
    <effectiveTime>
      <!-- Attribute: Start Datetime -->
      <low value='201401110544+0000'/>
      
    </effectiveTime>
    <value code="349" codeSystem="2.16.840.1.113883.3.221.5"
    xsi:type="CD" sdtc:valueSet="2.16.840.1.114222.4.11.3591">
    <originalText></originalText>
</value>

  </observation>            
</entry>
    
      <entry>
  <substanceAdministration classCode="SBADM" moodCode="EVN">
    <!-- Medication Activity (consolidation) template -->
    <templateId root="2.16.840.1.113883.10.20.22.4.16" extension="2014-06-09"/>
    <!-- Medication, Active template -->
    <templateId root="2.16.840.1.113883.10.20.24.3.41" extension="2016-02-01"/>

    <id root="1.3.6.1.4.1.115" extension="5a676a4e5724460019a90b82"/>
    <text>Medication, Active: Androgen deprivation therapy for Urology Care</text>
    <statusCode code="active"/>
    <effectiveTime xsi:type="IVL_TS">
        <low value='201603040800+0000'/>
        <high nullFlavor='UNK'/>
    </effectiveTime>
    
    

    <doseQuantity value="1" unit="dose(s)"/>


    

    <consumable>
      <manufacturedProduct classCode="MANU">
        <!-- Medication Information (consolidation) template -->
        <templateId root="2.16.840.1.113883.10.20.22.4.23" extension="2014-06-09"/>
        <id root="289d4445-ec9c-40c9-a222-975cbdf192ad"/>
        <manufacturedMaterial>
          <code code="1115467" codeSystem="2.16.840.1.113883.6.88"
    sdtc:valueSet="2.16.840.1.113762.1.4.1151.48">
    <originalText>Medication, Active: Androgen deprivation therapy for Urology Care</originalText>
</code>
        </manufacturedMaterial>
        <manufacturerOrganization>
          <name>Medication Factory Inc.</name>
        </manufacturerOrganization>
      </manufacturedProduct>
    </consumable>

    

  </substanceAdministration>

</entry>
    
      <entry>
  <observation classCode="OBS" moodCode="RQO" negationInd='true'>
    <!-- Consolidated Plan of Care Activity Observation
        templateId (Implied Template) -->
    <templateId root="2.16.840.1.113883.10.20.22.4.44" extension="2014-06-09"/>
    <!-- Diagnostic Study, Order template -->
    <templateId root="2.16.840.1.113883.10.20.24.3.17" extension="2016-02-01"/>
    <id root="1.3.6.1.4.1.115" extension="5a676a4e5724460019a90b84"/>
    <code nullFlavor="NA"
    sdtc:valueSet="2.16.840.1.113762.1.4.1151.38">
    <originalText>Diagnostic Study, Order: DEXA Dual Energy Xray Absorptiometry, Bone Density for Urology Care</originalText>
</code>
    <text>Diagnostic Study, Order: DEXA Dual Energy Xray Absorptiometry, Bone Density for Urology Care</text>
    <statusCode code="active"/>
    <!-- The effectiveTime indicates the time when the Diagnostic Study is intended to take place -->
    <effectiveTime>
      <low  value='201604230900+0000'/>
      <high value='201604230900+0000'/>
    </effectiveTime>
    <!-- Attribute: datetime -->
    <author>
      <templateId root="2.16.840.1.113883.10.20.22.4.119"/>
      <time value='201604230900+0000'/>
      <assignedAuthor>
        <id nullFlavor="NA" root="7f35e4c4-f52e-46cf-b71f-c3a6d52b6db4"/>
      </assignedAuthor>
    </author>
    
  
  
  
    <entryRelationship typeCode="RSON">
      <observation classCode="OBS" moodCode="EVN">
        <templateId root="2.16.840.1.113883.10.20.24.3.88" extension="2014-12-01"/>
        <id root="1.3.6.1.4.1.115" extension="B7208CEA5ADC1B666735084CB585FF74"/>
          <code code="77301-0" codeSystem="2.16.840.1.113883.6.1" displayName="reason" codeSystemName="LOINC"/>
        <statusCode code="completed"/>
          <effectiveTime>
            <low value='201604230900+0000'/>
          </effectiveTime>
        <value xsi:type="CD" code="105480006" codeSystem="2.16.840.1.113883.6.96" sdtc:valueSet="2.16.840.1.113883.3.600.1.1503"/>
      </observation>
    </entryRelationship>
  


  </observation>
</entry>

    
</section>
</component>

    </structuredBody>
  </component>

</ClinicalDocument>
