<?xml version="1.0" encoding="utf-8"?>

<ClinicalDocument xmlns:xsi="http://www.w3.org/2001/XMLSchema-instance"
 xmlns="urn:hl7-org:v3"
 xmlns:voc="urn:hl7-org:v3/voc"
 xmlns:sdtc="urn:hl7-org:sdtc">
  <!-- QRDA Header -->
  <realmCode code="US"/>
  <typeId root="2.16.840.1.113883.1.3" extension="POCD_HD000040"/>
  <!-- US Realm Header Template Id -->
  <templateId root="2.16.840.1.113883.10.20.22.1.1" extension="2015-08-01" />
  <!-- QRDA templateId -->
  <templateId root="2.16.840.1.113883.10.20.24.1.1" extension="2016-02-01" />
  <!-- QDM-based QRDA templateId -->
  <templateId root="2.16.840.1.113883.10.20.24.1.2" extension="2016-08-01"/>
  
    <!-- CMS QRDA templateId -->
    <templateId root="2.16.840.1.113883.10.20.24.1.3" extension="2017-07-01" />
  
  <!-- This is the globally unique identifier for this QRDA document -->
  <id root="4271f5c7-7f40-4d70-8e87-d195097281c9"/>
  <!-- QRDA document type code -->
  <code code="55182-0" codeSystem="2.16.840.1.113883.6.1" codeSystemName="LOINC" displayName="Quality Measure Report"/>
  <title>QRDA Incidence Report</title>
  <!-- This is the document creation time -->
  <effectiveTime value="20180123170138+0000"/>
  <confidentialityCode code="N" codeSystem="2.16.840.1.113883.5.25"/>
  <languageCode code="en"/>
  <!-- reported patient -->
  
  <recordTarget>
  <patientRole>
    
      
        <id extension="9ba11921-aafe-4023-82d0-a4f4dd3e7a86_3" root="2.16.840.1.113883.4.572" />
        
          <id extension="9ba11921-aafe-4023-82d0-a4f4dd3e7a86_3" root="1.3.6.1.4.1.115" />
        
      
    
    <addr use="HP">
      
        
          
            <streetAddressLine>8105 Jayde Bridge Ways</streetAddressLine>
          
          <city>East Marcellahaven</city>
          <state>KY</state>
          <postalCode>40455</postalCode>
          <country>US</country>
        
      
    </addr>
    <telecom use="WP" value="tel:+1-781-271-3000"/>
    <patient>
      <name>
        <given>Jared</given>
        <family>Thompson</family>
      </name>
      <administrativeGenderCode code="M" codeSystem="2.16.840.1.113883.5.1" codeSystemName="HL7 AdministrativeGender"/>
      <birthTime value="19450201"/>
      
        <raceCode code="2028-9"  codeSystemName="CDC Race and Ethnicity" codeSystem="2.16.840.1.113883.6.238"/>
      
      
        <ethnicGroupCode code="2135-2"  codeSystemName="CDC Race and Ethnicity" codeSystem="2.16.840.1.113883.6.238"/>
      
      
        <languageCommunication>
          <templateId root="2.16.840.1.113883.3.88.11.83.2" assigningAuthorityName="HITSP/C83"/>
          <templateId root="1.3.6.1.4.1.19376.1.5.3.1.2.1" assigningAuthorityName="IHE/PCC"/>
          <languageCode code="en"/>
        </languageCommunication>
      
    </patient>
  </patientRole>
</recordTarget>


  
    <author>
      <time value="20180123170138+0000"/>
      <assignedAuthor>
        <!-- NPI -->
        
          <id root="2.16.840.1.113883.4.6" extension="1512973086" />
        
        <addr>
          <streetAddressLine>202 Burlington Rd.</streetAddressLine>
          <city>Bedford</city>
          <state>MA</state>
          <postalCode>01730</postalCode>
          <country>US</country>
        </addr>
        <telecom use="WP" value="tel:(781)271-3000"/>
        <assignedAuthoringDevice>
          <manufacturerModelName>Cypress</manufacturerModelName >
          <softwareName>Cypress</softwareName >
        </assignedAuthoringDevice >
      </assignedAuthor>
    </author>
    <custodian>
      <assignedCustodian>
        <representedCustodianOrganization>
          
            <id root="2.16.840.1.113883.19.5"/>
          
          <name>Cypress Test Deck</name>
          <telecom use="WP" value="tel:(781)271-3000"/>
          <addr>
            <streetAddressLine>202 Burlington Rd.</streetAddressLine>
            <city>Bedford</city>
            <state>MA</state>
            <postalCode>01730</postalCode>
            <country>US</country>
          </addr>
        </representedCustodianOrganization>
      </assignedCustodian>
    </custodian>
    <!-- This needs to take reporting program into account EH/EP-->
    
      <informationRecipient>
        <intendedRecipient>
          <id root="2.16.840.1.113883.3.249.7" extension="PQRS_MU_INDIVIDUAL"/>
        </intendedRecipient>
      </informationRecipient>
    
    <legalAuthenticator>
      <time value="20180123170138+0000"/>
      <signatureCode code="S"/>
      <assignedEntity>
        <id root="bc01a5d1-3a34-4286-82cc-43eb04c972a7"/>
        <addr>
          <streetAddressLine>202 Burlington Rd.</streetAddressLine>
          <city>Bedford</city>
          <state>MA</state>
          <postalCode>01730</postalCode>
          <country>US</country>
        </addr>
        <telecom use="WP" value="tel:(781)271-3000"/>
        <assignedPerson>
          <name>
            <given>Henry</given>
            <family>Seven</family>
          </name>
      </assignedPerson>
        <representedOrganization>
          <id root="2.16.840.1.113883.19.5"/>
          <name>Cypress</name>
        </representedOrganization>
      </assignedEntity>
    </legalAuthenticator>
  
  
    <participant typeCode="DEV">
      <associatedEntity classCode="RGPR">
        <id root="2.16.840.1.113883.3.2074.1" extension="0014ABC1D1EFG1H"/>
      </associatedEntity>
    </participant>
  
  <documentationOf typeCode="DOC">
  <serviceEvent classCode="PCPR"> <!-- care provision -->
  
    
      <effectiveTime>
        <low nullFlavor='UNK'/>
        <high nullFlavor='UNK'/>
      </effectiveTime>
      <!-- You can include multiple performers, each with an NPI, TIN, CCN. -->
      <performer typeCode="PRF">
        <time>
          <low nullFlavor='UNK'/>
          <high nullFlavor='UNK'/>
        </time>
        <assignedEntity>
          
            
              <id root="2.16.840.1.113883.4.6" extension="1512973086" />
            
          
            
          
            
              <id root="2.16.840.1.113883.4.336" extension="305362" />
            
          
          
            <code code="207Q00000X" codeSystemName="Healthcare Provider Taxonomy (HIPAA)" codeSystem="2.16.840.1.113883.6.101"/>
          
          
            <addr use="HP">
    
      <streetAddressLine>52143 Crist Common Cove</streetAddressLine>
    
    <city>Lake Abdullahberg</city>
    <state>AK</state>
    <postalCode>99535</postalCode>
    <country>US</country>
</addr>

          
          
            <assignedPerson>
              <name>
                <given>Sean</given>
                <family>Howell</family>
              </name>
            </assignedPerson>
          
          <representedOrganization>
            
              
            
              
                <id root="2.16.840.1.113883.4.2" extension="379956605" />
              
            
              
            
            
              <addr use="HP">
    
      <streetAddressLine>52143 Crist Common Cove</streetAddressLine>
    
    <city>Lake Abdullahberg</city>
    <state>AK</state>
    <postalCode>99535</postalCode>
    <country>US</country>
</addr>

            
          </representedOrganization>
        </assignedEntity>
      </performer>
    
  
  </serviceEvent>
</documentationOf>

  <component>
    <structuredBody>
      <component>
  <section>
    <!--
      *****************************************************************
      Measure Section
      *****************************************************************
    -->
    <!-- This is the templateId for Measure Section -->
    <templateId root="2.16.840.1.113883.10.20.24.2.2"/>
    <!-- This is the templateId for Measure Section QDM -->
    <templateId root="2.16.840.1.113883.10.20.24.2.3"/>
    <!-- This is the LOINC code for "Measure document". This stays the same for all measure section required by QRDA standard -->
    <code code="55186-1" codeSystem="2.16.840.1.113883.6.1"/>
    <title>Measure Section</title>
    <text>
      <table border="1" width="100%">
        <thead>
          <tr>
            <th>eMeasure Title</th>
            <th>Version Neutral Identifier</th>
            <th>eMeasure Version Number</th>
            <th>Version Specific Identifier</th>
          </tr>
        </thead>
        <tbody>
          
          <tr>
            <td>Primary Open-Angle Glaucoma (POAG): Optic Nerve Evaluation</td>
            <td>DB9D9F09-6B6A-4749-A8B2-8C1FDB018823</td>
            <td>0</td>
            <td>40280382-5971-4EED-015A-04E1EAE72DC3</td>
            <td></td>
          </tr>
          
        </tbody>
      </table>
    </text>
    <!-- 1..* Organizers, each containing a reference to an eMeasure -->
    
    <entry>
      <organizer classCode="CLUSTER" moodCode="EVN">
        <!-- This is the templateId for Measure Reference -->
        <templateId root="2.16.840.1.113883.10.20.24.3.98"/>
        <!-- This is the templateId for eMeasure Reference QDM -->
        <templateId root="2.16.840.1.113883.10.20.24.3.97"/>
        <id root="1.3.6.1.4.1.115" extension="40280382-5971-4EED-015A-04E1EAE72DC3"/>
        <statusCode code="completed"/>
        <!-- Containing isBranch external references -->
        <reference typeCode="REFR">
          <externalDocument classCode="DOC" moodCode="EVN">
            <!-- SHALL: This is the version specific identifier for eMeasure: QualityMeasureDocument/id it is a GUID-->
            <id root="2.16.840.1.113883.4.738" extension="40280382-5971-4EED-015A-04E1EAE72DC3"/>
            <!-- SHOULD This is the title of the eMeasure -->
            <text>Primary Open-Angle Glaucoma (POAG): Optic Nerve Evaluation</text>
            <!-- SHOULD: setId is the eMeasure version neutral id  -->
            <setId root="DB9D9F09-6B6A-4749-A8B2-8C1FDB018823"/>
          </externalDocument>
        </reference>
      </organizer>
    </entry>
    
  </section>
</component>

      <component>
  <section>
    <!-- This is the templateId for Reporting Parameters section -->
    <templateId root="2.16.840.1.113883.10.20.17.2.1"/>
    
      <templateId root="2.16.840.1.113883.10.20.17.2.1.1" extension="2016-03-01" />
    
    <code code="55187-9" codeSystem="2.16.840.1.113883.6.1"/>
    <title>Reporting Parameters</title>
    <text>
      <list>
        <item>Reporting period: Fri, 01 Jan 2016 00:00:00 +0000 - Sat, 31 Dec 2016 23:59:59 +0000</item>
      </list>
    </text>
    <entry typeCode="DRIV">
      <act classCode="ACT" moodCode="EVN">
        <!-- This is the templateId for Reporting Parameteres Act -->
        <templateId root="2.16.840.1.113883.10.20.17.3.8"/>
        <templateId root="2.16.840.1.113883.10.20.17.3.8.1" extension="2016-03-01"/>
        <id root="1.3.6.1.4.1.115" extension="8A81CFBE1B0AE1165C737E9CF415BB25" />
        <code code="252116004" codeSystem="2.16.840.1.113883.6.96" displayName="Observation Parameters"/>
        <effectiveTime>
          <low value="20160101000000+0000"/>
          <high value="20161231235959+0000"/>
        </effectiveTime>
      </act>
    </entry>
  </section>
</component>

      <component>
<section>
    <!-- This is the templateId for Patient Data section -->
    <templateId root="2.16.840.1.113883.10.20.17.2.4"/>
    <!-- This is the templateId for Patient Data QDM section -->
    <templateId root="2.16.840.1.113883.10.20.24.2.1" extension="2016-08-01" />
    
      <templateId root="2.16.840.1.113883.10.20.24.2.1.1" extension="2017-07-01"/>
    

    <code code="55188-7" codeSystem="2.16.840.1.113883.6.1"/>
    <title>Patient Data</title>
    <text>

    </text>
    
      <entry>
  <act classCode="ACT" moodCode="EVN" >
    <!--Encounter performed Act -->
    <templateId root="2.16.840.1.113883.10.20.24.3.133"/>
    <id root="1.3.6.1.4.1.115" extension="5a676a6f5724460019a91478"/>
    <code code="ENC" codeSystem="2.16.840.1.113883.5.6" displayName="Encounter" codeSystemName="ActClass"/>
    <entryRelationship typeCode="SUBJ">
      <encounter classCode="ENC" moodCode="EVN">
        <!--  Encounter activities template -->
        <templateId root="2.16.840.1.113883.10.20.22.4.49" extension="2015-08-01"/> 
        <!-- Encounter performed template -->
        <templateId root="2.16.840.1.113883.10.20.24.3.23" extension="2016-02-01" />
        <id root="1.3.6.1.4.1.115" extension="5a676a6f5724460019a91478"/>
        <code code="92004" codeSystem="2.16.840.1.113883.6.12"
    sdtc:valueSet="2.16.840.1.113883.3.526.3.1285">
    <originalText>Encounter, Performed: Ophthalmological Services</originalText>
</code>
        <text>Encounter, Performed: Ophthalmological Services</text>
        <statusCode code="completed"/>
        <effectiveTime>
          <!-- We try to look for the admit/discharge times on the encounter if they are there. If not, we fall back to the typical start/end date. -->
          
          
          <low value='201601041700+0000'/>
          <high value='201601041800+0000'/>
        </effectiveTime>
        
        
        
          

        
        
        
      </encounter>
    </entryRelationship>
  </act>
</entry>

    
      <entry>
  <act classCode="ACT" moodCode="EVN" >
    <!--Encounter performed Act -->
    <templateId root="2.16.840.1.113883.10.20.24.3.133"/>
    <id root="1.3.6.1.4.1.115" extension="5a676a6f5724460019a91479"/>
    <code code="ENC" codeSystem="2.16.840.1.113883.5.6" displayName="Encounter" codeSystemName="ActClass"/>
    <entryRelationship typeCode="SUBJ">
      <encounter classCode="ENC" moodCode="EVN">
        <!--  Encounter activities template -->
        <templateId root="2.16.840.1.113883.10.20.22.4.49" extension="2015-08-01"/> 
        <!-- Encounter performed template -->
        <templateId root="2.16.840.1.113883.10.20.24.3.23" extension="2016-02-01" />
        <id root="1.3.6.1.4.1.115" extension="5a676a6f5724460019a91479"/>
        <code code="92014" codeSystem="2.16.840.1.113883.6.12"
    sdtc:valueSet="2.16.840.1.113883.3.526.3.1285">
    <originalText>Encounter, Performed: Ophthalmological Services</originalText>
</code>
        <text>Encounter, Performed: Ophthalmological Services</text>
        <statusCode code="completed"/>
        <effectiveTime>
          <!-- We try to look for the admit/discharge times on the encounter if they are there. If not, we fall back to the typical start/end date. -->
          
          
          <low value='201601241730+0000'/>
          <high value='201601241815+0000'/>
        </effectiveTime>
        
        
        
          

        
        
        
      </encounter>
    </entryRelationship>
  </act>
</entry>

    
      <entry>
  <act classCode="ACT" moodCode="EVN" >
    <!--Encounter performed Act -->
    <templateId root="2.16.840.1.113883.10.20.24.3.133"/>
    <id root="1.3.6.1.4.1.115" extension="5a676a6f5724460019a9147a"/>
    <code code="ENC" codeSystem="2.16.840.1.113883.5.6" displayName="Encounter" codeSystemName="ActClass"/>
    <entryRelationship typeCode="SUBJ">
      <encounter classCode="ENC" moodCode="EVN">
        <!--  Encounter activities template -->
        <templateId root="2.16.840.1.113883.10.20.22.4.49" extension="2015-08-01"/> 
        <!-- Encounter performed template -->
        <templateId root="2.16.840.1.113883.10.20.24.3.23" extension="2016-02-01" />
        <id root="1.3.6.1.4.1.115" extension="5a676a6f5724460019a9147a"/>
        <code code="92014" codeSystem="2.16.840.1.113883.6.12"
    sdtc:valueSet="2.16.840.1.113883.3.526.3.1285">
    <originalText>Encounter, Performed: Ophthalmological Services</originalText>
</code>
        <text>Encounter, Performed: Ophthalmological Services</text>
        <statusCode code="completed"/>
        <effectiveTime>
          <!-- We try to look for the admit/discharge times on the encounter if they are there. If not, we fall back to the typical start/end date. -->
          
          
          <low value='201602021700+0000'/>
          <high value='201602021830+0000'/>
        </effectiveTime>
        
        
        
          

        
        
        
      </encounter>
    </entryRelationship>
  </act>
</entry>

    
      
  <entry>
    <observation classCode="OBS" moodCode="EVN" >
      <!-- Consolidated Procedure Activity Observation templateId 
        (Implied Template) -->
      <templateId root="2.16.840.1.113883.10.20.22.4.13" extension="2014-06-09"/>
      <!-- Diagnostic Study, Performed template -->
      <templateId root="2.16.840.1.113883.10.20.24.3.18" extension="2016-02-01"/>
      <id root="1.3.6.1.4.1.115" extension="5a676a6f5724460019a9147d"/>
      <code code="71487-3" codeSystem="2.16.840.1.113883.6.1"
    sdtc:valueSet="2.16.840.1.113883.3.526.3.1334">
    <originalText>Diagnostic Study, Performed: Cup to Disc Ratio</originalText>
</code>
      <text>Diagnostic Study, Performed: Optic Disc Exam for Structural Abnormalities</text>
      <statusCode code="completed"/>
      <effectiveTime>
        <!-- Attribute: Start Datetime -->
        <low value='201601041730+0000'/>
        <!-- Attribute: End Datetime -->
        <high value='201601041730+0000'/>
      </effectiveTime>
      
    
        
            <value xsi:type="ST" >abnormal</value> 
        
    


      

    </observation>
  </entry>


    
      <entry>
  <!-- Patient Characteristic Payer -->
  <observation classCode="OBS" moodCode="EVN">
    <templateId root="2.16.840.1.113883.10.20.24.3.55"/>
    <id root="1.3.6.1.4.1.115" extension="5a676a6f5724460019a9148b"/>
    <code code="48768-6" codeSystemName="LOINC" codeSystem="2.16.840.1.113883.6.1" displayName="Payment source"/> 
    <statusCode code="completed"/>
    <effectiveTime>
      <!-- Attribute: Start Datetime -->
      <low value='201412201711+0000'/>
      
    </effectiveTime>
    <value code="2" codeSystem="2.16.840.1.113883.3.221.5"
    xsi:type="CD" sdtc:valueSet="2.16.840.1.114222.4.11.3591">
    <originalText></originalText>
</value>

  </observation>            
</entry>
    
      
  <entry>
    <observation classCode="OBS" moodCode="EVN" >
      <!-- Consolidated Procedure Activity Observation templateId 
        (Implied Template) -->
      <templateId root="2.16.840.1.113883.10.20.22.4.13" extension="2014-06-09"/>
      <!-- Diagnostic Study, Performed template -->
      <templateId root="2.16.840.1.113883.10.20.24.3.18" extension="2016-02-01"/>
      <id root="1.3.6.1.4.1.115" extension="5a676a6f5724460019a9147c"/>
      <code code="71485-7" codeSystem="2.16.840.1.113883.6.1"
    sdtc:valueSet="2.16.840.1.113883.3.526.3.1333">
    <originalText>Diagnostic Study, Performed: Cup to Disc Ratio</originalText>
</code>
      <text>Diagnostic Study, Performed: Cup to Disc Ratio</text>
      <statusCode code="completed"/>
      <effectiveTime>
        <!-- Attribute: Start Datetime -->
        <low value='201601041730+0000'/>
        <!-- Attribute: End Datetime -->
        <high value='201601041730+0000'/>
      </effectiveTime>
      
    
        
            <value xsi:type="PQ" value=".8" unit="1"/>
        
    


      

    </observation>
  </entry>


    
      <entry>
  <act classCode="ACT" moodCode="EVN">
    <!-- Conforms to C-CDA 2.1 Problem Concern Act (V3) -->
    <templateId root="2.16.840.1.113883.10.20.22.4.3" extension="2015-08-01" />
    <!-- Diagnosis Concern Act -->
    <templateId root="2.16.840.1.113883.10.20.24.3.137" extension="2016-08-01" />
    <id root="c7e7497f-8c6a-409b-b276-ef87c1e8c103" />
    <code code="CONC" codeSystem="2.16.840.1.113883.5.6" displayName="Concern" />
    
      <statusCode code="active" />
    
    <effectiveTime>
      <low value='201601041730+0000' />
    </effectiveTime>
    <entryRelationship typeCode="SUBJ">
      <observation classCode="OBS" moodCode="EVN">
        <!-- Conforms to C-CDA R2.1 Problem Observation (V3) -->
        <templateId root="2.16.840.1.113883.10.20.22.4.4" extension="2015-08-01" />
        <!-- Diagnosis template -->
        <templateId root="2.16.840.1.113883.10.20.24.3.135" />
        <id root="1.3.6.1.4.1.115" extension="5a676a6f5724460019a91475" />
        <code code="29308-4" codeSystem="2.16.840.1.113883.6.1">
          <translation code="282291009" codeSystem="2.16.840.1.113883.6.96"/>
        </code>
        <statusCode code="completed" />
        <effectiveTime>
          <!-- Attribute: onset datetime -->
          <low value='201601041730+0000' />
          <!-- Attribute: abatement datetime -->
          <high nullFlavor='UNK' />
        </effectiveTime>
        <value code="77075001" codeSystem="2.16.840.1.113883.6.96"
    xsi:type="CD" sdtc:valueSet="2.16.840.1.113883.3.526.3.326">
    <originalText>Diagnosis: Primary Open-Angle Glaucoma</originalText>
    <translation code="365.10" codeSystem="2.16.840.1.113883.6.103"/>
    <translation code="H40.10X0" codeSystem="2.16.840.1.113883.6.90"/>
</value>
        
        
        
      </observation>
    </entryRelationship>
  </act>
</entry>

    
</section>
</component>

    </structuredBody>
  </component>

</ClinicalDocument>
