<?xml version="1.0" encoding="utf-8"?>

<ClinicalDocument xmlns:xsi="http://www.w3.org/2001/XMLSchema-instance"
 xmlns="urn:hl7-org:v3"
 xmlns:voc="urn:hl7-org:v3/voc"
 xmlns:sdtc="urn:hl7-org:sdtc">
  <!-- QRDA Header -->
  <realmCode code="US"/>
  <typeId root="2.16.840.1.113883.1.3" extension="POCD_HD000040"/>
  <!-- US Realm Header Template Id -->
  <templateId root="2.16.840.1.113883.10.20.22.1.1" extension="2015-08-01" />
  <!-- QRDA templateId -->
  <templateId root="2.16.840.1.113883.10.20.24.1.1" extension="2016-02-01" />
  <!-- QDM-based QRDA templateId -->
  <templateId root="2.16.840.1.113883.10.20.24.1.2" extension="2016-08-01"/>
  
    <!-- CMS QRDA templateId -->
    <templateId root="2.16.840.1.113883.10.20.24.1.3" extension="2017-07-01" />
  
  <!-- This is the globally unique identifier for this QRDA document -->
  <id root="45cc2e95-7ede-42a9-90de-9cdb854dcda1"/>
  <!-- QRDA document type code -->
  <code code="55182-0" codeSystem="2.16.840.1.113883.6.1" codeSystemName="LOINC" displayName="Quality Measure Report"/>
  <title>QRDA Incidence Report</title>
  <!-- This is the document creation time -->
  <effectiveTime value="20180123170139+0000"/>
  <confidentialityCode code="N" codeSystem="2.16.840.1.113883.5.25"/>
  <languageCode code="en"/>
  <!-- reported patient -->
  
  <recordTarget>
  <patientRole>
    
      
        <id extension="f15b94bd-fec6-44f2-bdf8-59e65c4f2309_8" root="2.16.840.1.113883.4.572" />
        
          <id extension="f15b94bd-fec6-44f2-bdf8-59e65c4f2309_8" root="1.3.6.1.4.1.115" />
        
      
    
    <addr use="HP">
      
        
          
            <streetAddressLine>2847 Murray Manor Gardens</streetAddressLine>
          
          <city>North Carmel</city>
          <state>NV</state>
          <postalCode>89875</postalCode>
          <country>US</country>
        
      
    </addr>
    <telecom use="WP" value="tel:+1-781-271-3000"/>
    <patient>
      <name>
        <given>Danny</given>
        <family>W</family>
      </name>
      <administrativeGenderCode code="M" codeSystem="2.16.840.1.113883.5.1" codeSystemName="HL7 AdministrativeGender"/>
      <birthTime value="19450201"/>
      
        <raceCode code="2028-9"  codeSystemName="CDC Race and Ethnicity" codeSystem="2.16.840.1.113883.6.238"/>
      
      
        <ethnicGroupCode code="2186-5"  codeSystemName="CDC Race and Ethnicity" codeSystem="2.16.840.1.113883.6.238"/>
      
      
        <languageCommunication>
          <templateId root="2.16.840.1.113883.3.88.11.83.2" assigningAuthorityName="HITSP/C83"/>
          <templateId root="1.3.6.1.4.1.19376.1.5.3.1.2.1" assigningAuthorityName="IHE/PCC"/>
          <languageCode code="en"/>
        </languageCommunication>
      
    </patient>
  </patientRole>
</recordTarget>


  
    <author>
      <time value="20180123170139+0000"/>
      <assignedAuthor>
        <!-- NPI -->
        
          <id root="2.16.840.1.113883.4.6" extension="1392454611" />
        
        <addr>
          <streetAddressLine>202 Burlington Rd.</streetAddressLine>
          <city>Bedford</city>
          <state>MA</state>
          <postalCode>01730</postalCode>
          <country>US</country>
        </addr>
        <telecom use="WP" value="tel:(781)271-3000"/>
        <assignedAuthoringDevice>
          <manufacturerModelName>Cypress</manufacturerModelName >
          <softwareName>Cypress</softwareName >
        </assignedAuthoringDevice >
      </assignedAuthor>
    </author>
    <custodian>
      <assignedCustodian>
        <representedCustodianOrganization>
          
            <id root="2.16.840.1.113883.19.5"/>
          
          <name>Cypress Test Deck</name>
          <telecom use="WP" value="tel:(781)271-3000"/>
          <addr>
            <streetAddressLine>202 Burlington Rd.</streetAddressLine>
            <city>Bedford</city>
            <state>MA</state>
            <postalCode>01730</postalCode>
            <country>US</country>
          </addr>
        </representedCustodianOrganization>
      </assignedCustodian>
    </custodian>
    <!-- This needs to take reporting program into account EH/EP-->
    
      <informationRecipient>
        <intendedRecipient>
          <id root="2.16.840.1.113883.3.249.7" extension="PQRS_MU_INDIVIDUAL"/>
        </intendedRecipient>
      </informationRecipient>
    
    <legalAuthenticator>
      <time value="20180123170139+0000"/>
      <signatureCode code="S"/>
      <assignedEntity>
        <id root="bc01a5d1-3a34-4286-82cc-43eb04c972a7"/>
        <addr>
          <streetAddressLine>202 Burlington Rd.</streetAddressLine>
          <city>Bedford</city>
          <state>MA</state>
          <postalCode>01730</postalCode>
          <country>US</country>
        </addr>
        <telecom use="WP" value="tel:(781)271-3000"/>
        <assignedPerson>
          <name>
            <given>Henry</given>
            <family>Seven</family>
          </name>
      </assignedPerson>
        <representedOrganization>
          <id root="2.16.840.1.113883.19.5"/>
          <name>Cypress</name>
        </representedOrganization>
      </assignedEntity>
    </legalAuthenticator>
  
  
    <participant typeCode="DEV">
      <associatedEntity classCode="RGPR">
        <id root="2.16.840.1.113883.3.2074.1" extension="0014ABC1D1EFG1H"/>
      </associatedEntity>
    </participant>
  
  <documentationOf typeCode="DOC">
  <serviceEvent classCode="PCPR"> <!-- care provision -->
  
    
      <effectiveTime>
        <low nullFlavor='UNK'/>
        <high nullFlavor='UNK'/>
      </effectiveTime>
      <!-- You can include multiple performers, each with an NPI, TIN, CCN. -->
      <performer typeCode="PRF">
        <time>
          <low nullFlavor='UNK'/>
          <high nullFlavor='UNK'/>
        </time>
        <assignedEntity>
          
            
              <id root="2.16.840.1.113883.4.6" extension="1392454611" />
            
          
            
          
            
              <id root="2.16.840.1.113883.4.336" extension="100855" />
            
          
          
            <code code="207Q00000X" codeSystemName="Healthcare Provider Taxonomy (HIPAA)" codeSystem="2.16.840.1.113883.6.101"/>
          
          
            <addr use="HP">
    
      <streetAddressLine>53635 Gabe Highway Inlet</streetAddressLine>
    
    <city>Sigurdberg</city>
    <state>WI</state>
    <postalCode>54976</postalCode>
    <country>US</country>
</addr>

          
          
            <assignedPerson>
              <name>
                <given>Leon</given>
                <family>Knight</family>
              </name>
            </assignedPerson>
          
          <representedOrganization>
            
              
            
              
                <id root="2.16.840.1.113883.4.2" extension="115037854" />
              
            
              
            
            
              <addr use="HP">
    
      <streetAddressLine>53635 Gabe Highway Inlet</streetAddressLine>
    
    <city>Sigurdberg</city>
    <state>WI</state>
    <postalCode>54976</postalCode>
    <country>US</country>
</addr>

            
          </representedOrganization>
        </assignedEntity>
      </performer>
    
  
  </serviceEvent>
</documentationOf>

  <component>
    <structuredBody>
      <component>
  <section>
    <!--
      *****************************************************************
      Measure Section
      *****************************************************************
    -->
    <!-- This is the templateId for Measure Section -->
    <templateId root="2.16.840.1.113883.10.20.24.2.2"/>
    <!-- This is the templateId for Measure Section QDM -->
    <templateId root="2.16.840.1.113883.10.20.24.2.3"/>
    <!-- This is the LOINC code for "Measure document". This stays the same for all measure section required by QRDA standard -->
    <code code="55186-1" codeSystem="2.16.840.1.113883.6.1"/>
    <title>Measure Section</title>
    <text>
      <table border="1" width="100%">
        <thead>
          <tr>
            <th>eMeasure Title</th>
            <th>Version Neutral Identifier</th>
            <th>eMeasure Version Number</th>
            <th>Version Specific Identifier</th>
          </tr>
        </thead>
        <tbody>
          
          <tr>
            <td>Cataracts: Complications within 30 Days Following Cataract Surgery Requiring Additional Surgical Procedures</td>
            <td>9A0339C2-3D9B-11E1-8634-00237D5BF174</td>
            <td>0</td>
            <td>40280382-5A66-EAB9-015A-866C5ADD0C0B</td>
            <td></td>
          </tr>
          
        </tbody>
      </table>
    </text>
    <!-- 1..* Organizers, each containing a reference to an eMeasure -->
    
    <entry>
      <organizer classCode="CLUSTER" moodCode="EVN">
        <!-- This is the templateId for Measure Reference -->
        <templateId root="2.16.840.1.113883.10.20.24.3.98"/>
        <!-- This is the templateId for eMeasure Reference QDM -->
        <templateId root="2.16.840.1.113883.10.20.24.3.97"/>
        <id root="1.3.6.1.4.1.115" extension="40280382-5A66-EAB9-015A-866C5ADD0C0B"/>
        <statusCode code="completed"/>
        <!-- Containing isBranch external references -->
        <reference typeCode="REFR">
          <externalDocument classCode="DOC" moodCode="EVN">
            <!-- SHALL: This is the version specific identifier for eMeasure: QualityMeasureDocument/id it is a GUID-->
            <id root="2.16.840.1.113883.4.738" extension="40280382-5A66-EAB9-015A-866C5ADD0C0B"/>
            <!-- SHOULD This is the title of the eMeasure -->
            <text>Cataracts: Complications within 30 Days Following Cataract Surgery Requiring Additional Surgical Procedures</text>
            <!-- SHOULD: setId is the eMeasure version neutral id  -->
            <setId root="9A0339C2-3D9B-11E1-8634-00237D5BF174"/>
          </externalDocument>
        </reference>
      </organizer>
    </entry>
    
  </section>
</component>

      <component>
  <section>
    <!-- This is the templateId for Reporting Parameters section -->
    <templateId root="2.16.840.1.113883.10.20.17.2.1"/>
    
      <templateId root="2.16.840.1.113883.10.20.17.2.1.1" extension="2016-03-01" />
    
    <code code="55187-9" codeSystem="2.16.840.1.113883.6.1"/>
    <title>Reporting Parameters</title>
    <text>
      <list>
        <item>Reporting period: Fri, 01 Jan 2016 00:00:00 +0000 - Sat, 31 Dec 2016 23:59:59 +0000</item>
      </list>
    </text>
    <entry typeCode="DRIV">
      <act classCode="ACT" moodCode="EVN">
        <!-- This is the templateId for Reporting Parameteres Act -->
        <templateId root="2.16.840.1.113883.10.20.17.3.8"/>
        <templateId root="2.16.840.1.113883.10.20.17.3.8.1" extension="2016-03-01"/>
        <id root="1.3.6.1.4.1.115" extension="8A81CFBE1B0AE1165C737E9CF415BB25" />
        <code code="252116004" codeSystem="2.16.840.1.113883.6.96" displayName="Observation Parameters"/>
        <effectiveTime>
          <low value="20160101000000+0000"/>
          <high value="20161231235959+0000"/>
        </effectiveTime>
      </act>
    </entry>
  </section>
</component>

      <component>
<section>
    <!-- This is the templateId for Patient Data section -->
    <templateId root="2.16.840.1.113883.10.20.17.2.4"/>
    <!-- This is the templateId for Patient Data QDM section -->
    <templateId root="2.16.840.1.113883.10.20.24.2.1" extension="2016-08-01" />
    
      <templateId root="2.16.840.1.113883.10.20.24.2.1.1" extension="2017-07-01"/>
    

    <code code="55188-7" codeSystem="2.16.840.1.113883.6.1"/>
    <title>Patient Data</title>
    <text>

    </text>
    
      <entry>
  <procedure classCode="PROC" moodCode="EVN" >
    <!--  Procedure performed template -->
    <templateId root="2.16.840.1.113883.10.20.24.3.64" extension="2016-02-01"/>
    <!-- Procedure Activity Procedure-->
    <templateId root="2.16.840.1.113883.10.20.22.4.14" extension="2014-06-09"/>
    <id root="1.3.6.1.4.1.115" extension="5a676a70572446001defba98"/>
    <code code="231741009" codeSystem="2.16.840.1.113883.6.96"
    sdtc:valueSet="2.16.840.1.113883.3.526.3.1439">
    <originalText>Procedure, Performed: Retinal Repair Procedures</originalText>
    <translation code="66250" codeSystem="2.16.840.1.113883.6.12"/>
</code>
    <text>Procedure, Performed: Revision Procedures</text>
    <statusCode code="completed"/>
    <effectiveTime>
      <low value='201610120600+0000'/>
      <high value='201610120820+0000'/>
    </effectiveTime>
    
    

    
    

  </procedure>
</entry>
    
      <entry>
  <!-- Patient Characteristic Payer -->
  <observation classCode="OBS" moodCode="EVN">
    <templateId root="2.16.840.1.113883.10.20.24.3.55"/>
    <id root="1.3.6.1.4.1.115" extension="5a676a70572446001defba9c"/>
    <code code="48768-6" codeSystemName="LOINC" codeSystem="2.16.840.1.113883.6.1" displayName="Payment source"/> 
    <statusCode code="completed"/>
    <effectiveTime>
      <!-- Attribute: Start Datetime -->
      <low value='201412061145+0000'/>
      
    </effectiveTime>
    <value code="1" codeSystem="2.16.840.1.113883.3.221.5"
    xsi:type="CD" sdtc:valueSet="2.16.840.1.114222.4.11.3591">
    <originalText></originalText>
</value>

  </observation>            
</entry>
    
      <entry>
  <procedure classCode="PROC" moodCode="EVN" >
    <!--  Procedure performed template -->
    <templateId root="2.16.840.1.113883.10.20.24.3.64" extension="2016-02-01"/>
    <!-- Procedure Activity Procedure-->
    <templateId root="2.16.840.1.113883.10.20.22.4.14" extension="2014-06-09"/>
    <id root="1.3.6.1.4.1.115" extension="5a676a70572446001defba92"/>
    <code code="416773006" codeSystem="2.16.840.1.113883.6.96"
    sdtc:valueSet="2.16.840.1.113883.3.526.3.1408">
    <originalText>Procedure, Performed: Retinal Repair Procedures</originalText>
    <translation code="66030" codeSystem="2.16.840.1.113883.6.12"/>
</code>
    <text>Procedure, Performed: Aspiration and Injection Procedures</text>
    <statusCode code="completed"/>
    <effectiveTime>
      <low value='201602021745+0000'/>
      <high value='201602021820+0000'/>
    </effectiveTime>
    
    

    
    

  </procedure>
</entry>
    
      <entry>
  <procedure classCode="PROC" moodCode="EVN" >
    <!--  Procedure performed template -->
    <templateId root="2.16.840.1.113883.10.20.24.3.64" extension="2016-02-01"/>
    <!-- Procedure Activity Procedure-->
    <templateId root="2.16.840.1.113883.10.20.22.4.14" extension="2014-06-09"/>
    <id root="1.3.6.1.4.1.115" extension="5a676a70572446001defba8c"/>
    <code code="112963003" codeSystem="2.16.840.1.113883.6.96"
    sdtc:valueSet="2.16.840.1.113883.3.526.3.1411">
    <originalText>Procedure, Performed: Retinal Repair Procedures</originalText>
    <translation code="66982" codeSystem="2.16.840.1.113883.6.12"/>
</code>
    <text>Procedure, Performed: Cataract Surgery</text>
    <statusCode code="completed"/>
    <effectiveTime>
      <low value='201601041700+0000'/>
      <high value='201601041725+0000'/>
    </effectiveTime>
    
    

    
    

  </procedure>
</entry>
    
      <entry>
  <procedure classCode="PROC" moodCode="EVN" >
    <!--  Procedure performed template -->
    <templateId root="2.16.840.1.113883.10.20.24.3.64" extension="2016-02-01"/>
    <!-- Procedure Activity Procedure-->
    <templateId root="2.16.840.1.113883.10.20.22.4.14" extension="2014-06-09"/>
    <id root="1.3.6.1.4.1.115" extension="5a676a70572446001defba95"/>
    <code code="54362002" codeSystem="2.16.840.1.113883.6.96"
    sdtc:valueSet="2.16.840.1.113883.3.526.3.1436">
    <originalText>Procedure, Performed: Retinal Repair Procedures</originalText>
    <translation code="65235" codeSystem="2.16.840.1.113883.6.12"/>
</code>
    <text>Procedure, Performed: Removal Procedures</text>
    <statusCode code="completed"/>
    <effectiveTime>
      <low value='201607020545+0000'/>
      <high value='201607020820+0000'/>
    </effectiveTime>
    
    

    
    

  </procedure>
</entry>
    
      <entry>
  <procedure classCode="PROC" moodCode="EVN" >
    <!--  Procedure performed template -->
    <templateId root="2.16.840.1.113883.10.20.24.3.64" extension="2016-02-01"/>
    <!-- Procedure Activity Procedure-->
    <templateId root="2.16.840.1.113883.10.20.22.4.14" extension="2014-06-09"/>
    <id root="1.3.6.1.4.1.115" extension="5a676a70572446001defba91"/>
    <code code="231751005" codeSystem="2.16.840.1.113883.6.96"
    sdtc:valueSet="2.16.840.1.113883.3.526.3.1429">
    <originalText>Procedure, Performed: Retinal Repair Procedures</originalText>
    <translation code="66986" codeSystem="2.16.840.1.113883.6.12"/>
</code>
    <text>Procedure, Performed: Lens Procedure</text>
    <statusCode code="completed"/>
    <effectiveTime>
      <low value='201602021745+0000'/>
      <high value='201602021820+0000'/>
    </effectiveTime>
    
    

    
    

  </procedure>
</entry>
    
      <entry>
  <procedure classCode="PROC" moodCode="EVN" >
    <!--  Procedure performed template -->
    <templateId root="2.16.840.1.113883.10.20.24.3.64" extension="2016-02-01"/>
    <!-- Procedure Activity Procedure-->
    <templateId root="2.16.840.1.113883.10.20.22.4.14" extension="2014-06-09"/>
    <id root="1.3.6.1.4.1.115" extension="5a676a70572446001defba94"/>
    <code code="296867007" codeSystem="2.16.840.1.113883.6.96"
    sdtc:valueSet="2.16.840.1.113883.3.526.3.1447">
    <originalText>Procedure, Performed: Retinal Repair Procedures</originalText>
    <translation code="67010" codeSystem="2.16.840.1.113883.6.12"/>
</code>
    <text>Procedure, Performed: Vitreous Procedures</text>
    <statusCode code="completed"/>
    <effectiveTime>
      <low value='201607020545+0000'/>
      <high value='201607020820+0000'/>
    </effectiveTime>
    
    

    
    

  </procedure>
</entry>
    
      <entry>
  <act classCode="ACT" moodCode="EVN">
    <!-- Conforms to C-CDA 2.1 Problem Concern Act (V3) -->
    <templateId root="2.16.840.1.113883.10.20.22.4.3" extension="2015-08-01" />
    <!-- Diagnosis Concern Act -->
    <templateId root="2.16.840.1.113883.10.20.24.3.137" extension="2016-08-01" />
    <id root="e72b2236-a7ce-4169-bca4-7866707007a6" />
    <code code="CONC" codeSystem="2.16.840.1.113883.5.6" displayName="Concern" />
    
      <statusCode code="active" />
    
    <effectiveTime>
      <low value='201601041730+0000' />
    </effectiveTime>
    <entryRelationship typeCode="SUBJ">
      <observation classCode="OBS" moodCode="EVN">
        <!-- Conforms to C-CDA R2.1 Problem Observation (V3) -->
        <templateId root="2.16.840.1.113883.10.20.22.4.4" extension="2015-08-01" />
        <!-- Diagnosis template -->
        <templateId root="2.16.840.1.113883.10.20.24.3.135" />
        <id root="1.3.6.1.4.1.115" extension="5a676a70572446001defba86" />
        <code code="29308-4" codeSystem="2.16.840.1.113883.6.1">
          <translation code="282291009" codeSystem="2.16.840.1.113883.6.96"/>
        </code>
        <statusCode code="completed" />
        <effectiveTime>
          <!-- Attribute: onset datetime -->
          <low value='201601041730+0000' />
          <!-- Attribute: abatement datetime -->
          <high nullFlavor='UNK' />
        </effectiveTime>
        <value code="365.10" codeSystem="2.16.840.1.113883.6.103"
    xsi:type="CD" sdtc:valueSet="2.16.840.1.113883.3.526.3.1423">
    <originalText>Diagnosis: Primary Open-Angle Glaucoma</originalText>
    <translation code="H40.10X0" codeSystem="2.16.840.1.113883.6.90"/>
</value>
        
        
        
      </observation>
    </entryRelationship>
  </act>
</entry>

    
      <entry>
  <procedure classCode="PROC" moodCode="EVN" >
    <!--  Procedure performed template -->
    <templateId root="2.16.840.1.113883.10.20.24.3.64" extension="2016-02-01"/>
    <!-- Procedure Activity Procedure-->
    <templateId root="2.16.840.1.113883.10.20.22.4.14" extension="2014-06-09"/>
    <id root="1.3.6.1.4.1.115" extension="5a676a70572446001defba90"/>
    <code code="438601000" codeSystem="2.16.840.1.113883.6.96"
    sdtc:valueSet="2.16.840.1.113883.3.526.3.1422">
    <originalText>Procedure, Performed: Retinal Repair Procedures</originalText>
    <translation code="65860" codeSystem="2.16.840.1.113883.6.12"/>
</code>
    <text>Procedure, Performed: Excision of Adhesions</text>
    <statusCode code="completed"/>
    <effectiveTime>
      <low value='201602021745+0000'/>
      <high value='201602021820+0000'/>
    </effectiveTime>
    
    

    
    

  </procedure>
</entry>
    
      <entry>
  <procedure classCode="PROC" moodCode="EVN" >
    <!--  Procedure performed template -->
    <templateId root="2.16.840.1.113883.10.20.24.3.64" extension="2016-02-01"/>
    <!-- Procedure Activity Procedure-->
    <templateId root="2.16.840.1.113883.10.20.22.4.14" extension="2014-06-09"/>
    <id root="1.3.6.1.4.1.115" extension="5a676a70572446001defba97"/>
    <code code="10807008" codeSystem="2.16.840.1.113883.6.96"
    sdtc:valueSet="2.16.840.1.113883.3.526.3.1440">
    <originalText>Procedure, Performed: Retinal Repair Procedures</originalText>
    <translation code="67250" codeSystem="2.16.840.1.113883.6.12"/>
</code>
    <text>Procedure, Performed: Scleral Procedures</text>
    <statusCode code="completed"/>
    <effectiveTime>
      <low value='201610120600+0000'/>
      <high value='201610120820+0000'/>
    </effectiveTime>
    
    

    
    

  </procedure>
</entry>
    
      <entry>
  <procedure classCode="PROC" moodCode="EVN" >
    <!--  Procedure performed template -->
    <templateId root="2.16.840.1.113883.10.20.24.3.64" extension="2016-02-01"/>
    <!-- Procedure Activity Procedure-->
    <templateId root="2.16.840.1.113883.10.20.22.4.14" extension="2014-06-09"/>
    <id root="1.3.6.1.4.1.115" extension="5a676a70572446001defba96"/>
    <code code="78917001" codeSystem="2.16.840.1.113883.6.96"
    sdtc:valueSet="2.16.840.1.113883.3.526.3.1437">
    <originalText>Procedure, Performed: Retinal Repair Procedures</originalText>
    <translation code="67105" codeSystem="2.16.840.1.113883.6.12"/>
</code>
    <text>Procedure, Performed: Retinal Repair Procedures</text>
    <statusCode code="completed"/>
    <effectiveTime>
      <low value='201610120600+0000'/>
      <high value='201610120820+0000'/>
    </effectiveTime>
    
    

    
    

  </procedure>
</entry>
    
</section>
</component>

    </structuredBody>
  </component>

</ClinicalDocument>
