<?xml version="1.0" encoding="utf-8"?>
<ClinicalDocument xmlns:xsi="http://www.w3.org/2001/XMLSchema-instance" xmlns="urn:hl7-org:v3" xmlns:voc="urn:hl7-org:v3/voc" xmlns:sdtc="urn:hl7-org:sdtc">

<!-- QRDA Header -->
<realmCode code="US"/>
<typeId root="2.16.840.1.113883.1.3" extension="POCD_HD000040"/>
<!-- US Realm Header Template Id -->
<templateId root="2.16.840.1.113883.10.20.22.1.1" extension="2015-08-01"/>
<!-- QRDA templateId -->
<templateId root="2.16.840.1.113883.10.20.24.1.1" extension="2017-08-01"/>
<!-- QDM-based QRDA templateId -->
<templateId root="2.16.840.1.113883.10.20.24.1.2" extension="2018-10-01"/>
<!-- CMS QRDA templateId -->
<templateId root="2.16.840.1.113883.10.20.24.1.3" extension="2019-02-01"/>
<!-- This is the globally unique identifier for this QRDA document -->
<id root="fa4a1ca0-fb50-0138-88e1-080027e672fa"/>
<!-- QRDA document type code -->
<code code="55182-0" codeSystem="2.16.840.1.113883.6.1" codeSystemName="LOINC" displayName="Quality Measure Report"/>
<title>QRDA Incidence Report</title>
<!-- This is the document creation time -->
<effectiveTime value="20201028133951"/>
<confidentialityCode code="N" codeSystem="2.16.840.1.113883.5.25"/>
<languageCode code="en"/>
<!-- reported patient -->
<recordTarget>
  <patientRole>
    <id extension="5f9974a763623903eff92a28" root="1.3.6.1.4.1.115" />
      <addr use="HP">
          <streetAddressLine>7113 Emard Plains Wall</streetAddressLine>
        <city>McClureport</city>
        <state>VA</state>
        <postalCode>22266</postalCode>
        <country>US</country>
      </addr>
      <telecom use="HP" value="tel:(105) 469-0196"/>
    <patient>
        <name>
          <given>Dean</given>
          <family>Perez</family>
        </name>
          <administrativeGenderCode code="M" codeSystem="2.16.840.1.113883.5.1" codeSystemName="AdministrativeGender"/>
        <birthTime value='19520711031025'/>
          <raceCode code="2028-9" codeSystem="2.16.840.1.113883.6.238" codeSystemName="CDCREC"/>
          <ethnicGroupCode code="2186-5" codeSystem="2.16.840.1.113883.6.238" codeSystemName="CDCREC"/>
      <languageCommunication>
        <languageCode code="eng"/>
      </languageCommunication>
    </patient>
  </patientRole>
</recordTarget>
<author>
  <time value="20201028133951"/>
  <assignedAuthor>
    <!-- NPI -->
      <id extension="1663789786" root="2.16.840.1.113883.4.6"/>
    <addr>
      <streetAddressLine>202 Burlington Rd.</streetAddressLine>
      <city>Bedford</city>
      <state>MA</state>
      <postalCode>01730</postalCode>
      <country>US</country>
    </addr>
    <telecom use="WP" value="tel:(781)271-3000"/>
    <assignedAuthoringDevice>
      <manufacturerModelName>Cypress</manufacturerModelName>
      <softwareName>Cypress</softwareName>
    </assignedAuthoringDevice>
  </assignedAuthor>
</author><custodian>
  <assignedCustodian>
    <representedCustodianOrganization>
        <id extension="134366" root="2.16.840.1.113883.4.336"/>
      <name>Cypress Test Deck</name>
      <telecom use="WP" value="tel:(781)271-3000"/>
      <addr use="HP">
        <streetAddressLine>30817 Davon Gateway Cape</streetAddressLine>
        <city>Lake Chelseytown</city>
        <state>NE</state>
        <postalCode>68853</postalCode>
        <country>US</country>
      </addr>
    </representedCustodianOrganization>
  </assignedCustodian>
</custodian>
<legalAuthenticator>
  <time value="20201028133951"/>
  <signatureCode code="S"/>
  <assignedEntity>
    <id root="bc01a5d1-3a34-4286-82cc-43eb04c972a7"/>
    <addr>
      <streetAddressLine>202 Burlington Rd.</streetAddressLine>
      <city>Bedford</city>
      <state>MA</state>
      <postalCode>01730</postalCode>
      <country>US</country>
    </addr>
    <telecom use="WP" value="tel:(781)271-3000"/>
    <assignedPerson>
      <name>
        <given>Henry</given>
        <family>Seven</family>
      </name>
    </assignedPerson>
    <representedOrganization>
      <id root="2.16.840.1.113883.19.5"/>
      <name>Cypress</name>
    </representedOrganization>
  </assignedEntity>
</legalAuthenticator><participant typeCode="DEV">
  <associatedEntity classCode="RGPR">
    <!-- CMS EHR Certification Number (formerly known as Office of the 
        National Coordinator Certification Number) -->
    <id extension="123456789" root="2.16.840.1.113883.3.2074.1"/>
  </associatedEntity>
</participant><documentationOf typeCode="DOC">
  <serviceEvent classCode="PCPR">
    <!-- care provision -->
    <effectiveTime>
      <low nullFlavor="UNK"/>
      <high nullFlavor="UNK"/>
    </effectiveTime>
    <!-- You can include multiple performers, each with an NPI, TIN, CCN. -->
    <performer typeCode="PRF">
      <time>
        <low nullFlavor="UNK"/>
        <high nullFlavor="UNK"/>
      </time>
      <assignedEntity>
          <id extension="1663789786" root="2.16.840.1.113883.4.6"/>
          <id extension="134366" root="2.16.840.1.113883.4.336"/>
        <code code="207Q00000X" codeSystem="2.16.840.1.113883.6.101" codeSystemName="Healthcare Provider Taxonomy (HIPAA)"/>
        <addr use="HP">
          <streetAddressLine>30817 Davon Gateway Cape</streetAddressLine>
          <city>Lake Chelseytown</city>
          <state>NE</state>
          <postalCode>68853</postalCode>
          <country>US</country>
        </addr>
        <assignedPerson>
          <name>
            <given>Irene</given>
            <family>Chambers</family>
          </name>
        </assignedPerson>
        <representedOrganization>
          <id extension="677619158" root="2.16.840.1.113883.4.2"/>
          <addr use="HP">
            <streetAddressLine>30817 Davon Gateway Cape</streetAddressLine>
            <city>Lake Chelseytown</city>
            <state>NE</state>
            <postalCode>68853</postalCode>
            <country>US</country>
          </addr>
        </representedOrganization>
      </assignedEntity>
    </performer>
  </serviceEvent>
</documentationOf>
<component>
  <structuredBody>
    <component>
      <section>
        <!-- 
          *****************************************************************
          Measure Section
          *****************************************************************
        -->
        <!-- This is the templateId for Measure Section -->
        <templateId root="2.16.840.1.113883.10.20.24.2.2"/>
        <!-- This is the templateId for Measure Section QDM -->
        <templateId root="2.16.840.1.113883.10.20.24.2.3"/>
        <!-- This is the LOINC code for "Measure document". This stays the same for all measure section required by QRDA standard -->
        <code code="55186-1" codeSystem="2.16.840.1.113883.6.1"/>
        <title>Measure Section</title>
        <text>
          <table border="1" width="100%">
            <thead>
              <tr>
                <th>eMeasure Title</th>
                <th>Version specific identifier</th>
              </tr>
            </thead>
            <tbody>
              <tr>
                <td>Percentage of patients 18 years of age and older who were treated with antidepressant medication, had a diagnosis of major depression, and who remained on an antidepressant medication treatment. Two rates are reported. 
a. Percentage of patients who remained on an antidepressant medication for at least 84 days (12 weeks). 
b. Percentage of patients who remained on an antidepressant medication for at least 180 days (6 months).</td>
                <td>40280382-6963-BF5E-0169-E4D266793DA0</td>
                <td/>
              </tr>
            </tbody>
          </table>
        </text>
        <!-- 1..* Organizers, each containing a reference to an eMeasure -->
        <entry>
          <organizer classCode="CLUSTER" moodCode="EVN">
            <!-- This is the templateId for Measure Reference -->
            <templateId root="2.16.840.1.113883.10.20.24.3.98"/>
            <!-- This is the templateId for eMeasure Reference QDM -->
            <templateId root="2.16.840.1.113883.10.20.24.3.97"/>
            <id extension="fa51d6e0-fb50-0138-88e1-080027e672fa" root="1.3.6.1.4.1.115"/>
            <statusCode code="completed"/>
            <!-- Containing isBranch external references -->
            <reference typeCode="REFR">
              <externalDocument classCode="DOC" moodCode="EVN">
                <!-- SHALL: This is the version specific identifier for eMeasure: QualityMeasureDocument/id it is a GUID-->
                <id extension="40280382-6963-BF5E-0169-E4D266793DA0" root="2.16.840.1.113883.4.738"/>
                <!-- SHOULD This is the title of the eMeasure -->
                <text>Percentage of patients 18 years of age and older who were treated with antidepressant medication, had a diagnosis of major depression, and who remained on an antidepressant medication treatment. Two rates are reported. 
a. Percentage of patients who remained on an antidepressant medication for at least 84 days (12 weeks). 
b. Percentage of patients who remained on an antidepressant medication for at least 180 days (6 months).</text>
                <!-- SHOULD: setId is the eMeasure version neutral id  -->
                <setId root="8924F2B3-EC06-4650-B634-D70A53DEE577"/>
              </externalDocument>
            </reference>
          </organizer>
        </entry>
      </section>
    </component>    <component>
      <section>
        <!-- This is the templateId for Reporting Parameters section -->
        <templateId root="2.16.840.1.113883.10.20.17.2.1"/>
        <templateId extension="2016-03-01" root="2.16.840.1.113883.10.20.17.2.1.1"/>
        <code code="55187-9" codeSystem="2.16.840.1.113883.6.1"/>
        <title>Reporting Parameters</title>
        <text></text>
        <entry typeCode="DRIV">
          <act classCode="ACT" moodCode="EVN">
            <!-- This is the templateId for Reporting Parameteres Act -->
            <templateId root="2.16.840.1.113883.10.20.17.3.8"/>
            <templateId extension="2016-03-01" root="2.16.840.1.113883.10.20.17.3.8.1"/>
            <id extension="fa51f910-fb50-0138-88e1-080027e672fa" root="1.3.6.1.4.1.115"/>
            <code code="252116004" codeSystem="2.16.840.1.113883.6.96" displayName="Observation Parameters"/>
            <effectiveTime>
              <low value="20200101000000"/>
              <high value="20201231235959"/>
            </effectiveTime>
          </act>
        </entry>
      </section>
    </component>    <component>
        <section>
          <!-- This is the templateId for Patient Data section -->
          <templateId root="2.16.840.1.113883.10.20.17.2.4"/>
          <!-- This is the templateId for Patient Data QDM section -->
          <templateId extension="2018-10-01" root="2.16.840.1.113883.10.20.24.2.1"/>
          <templateId extension="2019-02-01" root="2.16.840.1.113883.10.20.24.2.1.1"/>
          <code code="55188-7" codeSystem="2.16.840.1.113883.6.1"/>
          <title>Patient Data</title>
          <text/>















            <entry>
              <act classCode="ACT" moodCode="EVN" >
                <!--Encounter performed Act -->
                <templateId extension="2017-08-01" root="2.16.840.1.113883.10.20.24.3.133"/>
                <code code="ENC" codeSystem="2.16.840.1.113883.5.6" codeSystemName="ActClass" displayName="Encounter"/>
                <entryRelationship typeCode="SUBJ">
                  <encounter classCode="ENC" moodCode="EVN">
                    <!--  Encounter activities template -->
                    <templateId extension="2015-08-01" root="2.16.840.1.113883.10.20.22.4.49"/>
                    <!-- Encounter performed template -->
                    <templateId extension="2017-08-01" root="2.16.840.1.113883.10.20.24.3.23"/>
                    <id extension="5f99749f63623903eff9269d" root="1.3.6.1.4.1.115"/>
                    <!-- QDM Attribute: Code -->
                      <code code="99203" codeSystem="2.16.840.1.113883.6.12" codeSystemName="CPT"/>
                    <text>Office Visit</text>
                    <statusCode code="completed"/>
                      <!-- QDM Attribute: Relevant Period -->
                      <effectiveTime><low value='20200303105125'/><high value='20200303110625'/></effectiveTime>
                  </encounter>
                </entryRelationship>
              </act>
            </entry>            <entry>
              <act classCode="ACT" moodCode="EVN" >
                <!--Encounter performed Act -->
                <templateId extension="2017-08-01" root="2.16.840.1.113883.10.20.24.3.133"/>
                <code code="ENC" codeSystem="2.16.840.1.113883.5.6" codeSystemName="ActClass" displayName="Encounter"/>
                <entryRelationship typeCode="SUBJ">
                  <encounter classCode="ENC" moodCode="EVN">
                    <!--  Encounter activities template -->
                    <templateId extension="2015-08-01" root="2.16.840.1.113883.10.20.22.4.49"/>
                    <!-- Encounter performed template -->
                    <templateId extension="2017-08-01" root="2.16.840.1.113883.10.20.24.3.23"/>
                    <id extension="5f99749f63623903eff926a1" root="1.3.6.1.4.1.115"/>
                    <!-- QDM Attribute: Code -->
                      <code code="99214" codeSystem="2.16.840.1.113883.6.12" codeSystemName="CPT"/>
                    <text>Office Visit</text>
                    <statusCode code="completed"/>
                      <!-- QDM Attribute: Relevant Period -->
                      <effectiveTime><low value='20201205105125'/><high value='20201205112125'/></effectiveTime>
                  </encounter>
                </entryRelationship>
              </act>
            </entry>






























            <entry>
              <!-- Patient Characteristic Payer -->
              <observation classCode="OBS" moodCode="EVN">
                <templateId root="2.16.840.1.113883.10.20.24.3.55"/>
                <id root="fa54c2f0-fb50-0138-88e1-080027e672fa"/> 
                <code code="48768-6" codeSystemName="LOINC" codeSystem="2.16.840.1.113883.6.1" displayName="Payment source"/> 
                <statusCode code="completed"/>
                  <!-- QDM Attribute: Relevant Period -->
                  <effectiveTime><low value='19520711031025'/><high nullFlavor='UNK'/></effectiveTime>
                  <value xsi:type="CD" code="2" codeSystem="2.16.840.1.113883.3.221.5" codeSystemName="Source of Payment Typology"/>
              </observation>            
            </entry>
        </section>
      </component>
    </structuredBody>
  </component>
</ClinicalDocument>