<?xml version="1.0" encoding="utf-8"?>
<ClinicalDocument xmlns:xsi="http://www.w3.org/2001/XMLSchema-instance" xmlns="urn:hl7-org:v3" xmlns:voc="urn:hl7-org:v3/voc" xmlns:sdtc="urn:hl7-org:sdtc">

<!-- QRDA Header -->
<realmCode code="US"/>
<typeId root="2.16.840.1.113883.1.3" extension="POCD_HD000040"/>
<!-- US Realm Header Template Id -->
<templateId root="2.16.840.1.113883.10.20.22.1.1" extension="2015-08-01"/>
<!-- QRDA templateId -->
<templateId root="2.16.840.1.113883.10.20.24.1.1" extension="2017-08-01"/>
<!-- QDM-based QRDA templateId -->
<templateId root="2.16.840.1.113883.10.20.24.1.2" extension="2018-10-01"/>
<!-- CMS QRDA templateId -->
<templateId root="2.16.840.1.113883.10.20.24.1.3" extension="2019-02-01"/>
<!-- This is the globally unique identifier for this QRDA document -->
<id root="2752c730-fb52-0138-88e2-080027e672fa"/>
<!-- QRDA document type code -->
<code code="55182-0" codeSystem="2.16.840.1.113883.6.1" codeSystemName="LOINC" displayName="Quality Measure Report"/>
<title>QRDA Incidence Report</title>
<!-- This is the document creation time -->
<effectiveTime value="20201028134816"/>
<confidentialityCode code="N" codeSystem="2.16.840.1.113883.5.25"/>
<languageCode code="en"/>
<!-- reported patient -->
<recordTarget>
  <patientRole>
    <id extension="5f9976a063623903c1fd790d" root="1.3.6.1.4.1.115" />
      <addr use="HP">
          <streetAddressLine>19104 Delpha Turnpike Walk</streetAddressLine>
        <city>South Elenor</city>
        <state>NE</state>
        <postalCode>68849</postalCode>
        <country>US</country>
      </addr>
      <telecom use="HP" value="tel:1-843-267-7873"/>
    <patient>
        <name>
          <given>Gina</given>
          <family>Patton</family>
        </name>
          <administrativeGenderCode code="F" codeSystem="2.16.840.1.113883.5.1" codeSystemName="AdministrativeGender"/>
        <birthTime value='19690403234358'/>
          <raceCode code="2028-9" codeSystem="2.16.840.1.113883.6.238" codeSystemName="CDCREC"/>
          <ethnicGroupCode code="2186-5" codeSystem="2.16.840.1.113883.6.238" codeSystemName="CDCREC"/>
      <languageCommunication>
        <languageCode code="eng"/>
      </languageCommunication>
    </patient>
  </patientRole>
</recordTarget>
<author>
  <time value="20201028134816"/>
  <assignedAuthor>
    <!-- NPI -->
      <id extension="1151588682" root="2.16.840.1.113883.4.6"/>
    <addr>
      <streetAddressLine>202 Burlington Rd.</streetAddressLine>
      <city>Bedford</city>
      <state>MA</state>
      <postalCode>01730</postalCode>
      <country>US</country>
    </addr>
    <telecom use="WP" value="tel:(781)271-3000"/>
    <assignedAuthoringDevice>
      <manufacturerModelName>Cypress</manufacturerModelName>
      <softwareName>Cypress</softwareName>
    </assignedAuthoringDevice>
  </assignedAuthor>
</author><custodian>
  <assignedCustodian>
    <representedCustodianOrganization>
        <id extension="422777" root="2.16.840.1.113883.4.336"/>
      <name>Cypress Test Deck</name>
      <telecom use="WP" value="tel:(781)271-3000"/>
      <addr use="HP">
        <streetAddressLine>16424 Hartmann Plaza Summit</streetAddressLine>
        <city>Port Zelma</city>
        <state>NE</state>
        <postalCode>68889</postalCode>
        <country>US</country>
      </addr>
    </representedCustodianOrganization>
  </assignedCustodian>
</custodian>
<legalAuthenticator>
  <time value="20201028134816"/>
  <signatureCode code="S"/>
  <assignedEntity>
    <id root="bc01a5d1-3a34-4286-82cc-43eb04c972a7"/>
    <addr>
      <streetAddressLine>202 Burlington Rd.</streetAddressLine>
      <city>Bedford</city>
      <state>MA</state>
      <postalCode>01730</postalCode>
      <country>US</country>
    </addr>
    <telecom use="WP" value="tel:(781)271-3000"/>
    <assignedPerson>
      <name>
        <given>Henry</given>
        <family>Seven</family>
      </name>
    </assignedPerson>
    <representedOrganization>
      <id root="2.16.840.1.113883.19.5"/>
      <name>Cypress</name>
    </representedOrganization>
  </assignedEntity>
</legalAuthenticator><participant typeCode="DEV">
  <associatedEntity classCode="RGPR">
    <!-- CMS EHR Certification Number (formerly known as Office of the 
        National Coordinator Certification Number) -->
    <id extension="123456789" root="2.16.840.1.113883.3.2074.1"/>
  </associatedEntity>
</participant><documentationOf typeCode="DOC">
  <serviceEvent classCode="PCPR">
    <!-- care provision -->
    <effectiveTime>
      <low nullFlavor="UNK"/>
      <high nullFlavor="UNK"/>
    </effectiveTime>
    <!-- You can include multiple performers, each with an NPI, TIN, CCN. -->
    <performer typeCode="PRF">
      <time>
        <low nullFlavor="UNK"/>
        <high nullFlavor="UNK"/>
      </time>
      <assignedEntity>
          <id extension="1151588682" root="2.16.840.1.113883.4.6"/>
          <id extension="422777" root="2.16.840.1.113883.4.336"/>
        <code code="207Q00000X" codeSystem="2.16.840.1.113883.6.101" codeSystemName="Healthcare Provider Taxonomy (HIPAA)"/>
        <addr use="HP">
          <streetAddressLine>16424 Hartmann Plaza Summit</streetAddressLine>
          <city>Port Zelma</city>
          <state>NE</state>
          <postalCode>68889</postalCode>
          <country>US</country>
        </addr>
        <assignedPerson>
          <name>
            <given>Vickie</given>
            <family>Douglas</family>
          </name>
        </assignedPerson>
        <representedOrganization>
          <id extension="370103386" root="2.16.840.1.113883.4.2"/>
          <addr use="HP">
            <streetAddressLine>16424 Hartmann Plaza Summit</streetAddressLine>
            <city>Port Zelma</city>
            <state>NE</state>
            <postalCode>68889</postalCode>
            <country>US</country>
          </addr>
        </representedOrganization>
      </assignedEntity>
    </performer>
  </serviceEvent>
</documentationOf>
<component>
  <structuredBody>
    <component>
      <section>
        <!-- 
          *****************************************************************
          Measure Section
          *****************************************************************
        -->
        <!-- This is the templateId for Measure Section -->
        <templateId root="2.16.840.1.113883.10.20.24.2.2"/>
        <!-- This is the templateId for Measure Section QDM -->
        <templateId root="2.16.840.1.113883.10.20.24.2.3"/>
        <!-- This is the LOINC code for "Measure document". This stays the same for all measure section required by QRDA standard -->
        <code code="55186-1" codeSystem="2.16.840.1.113883.6.1"/>
        <title>Measure Section</title>
        <text>
          <table border="1" width="100%">
            <thead>
              <tr>
                <th>eMeasure Title</th>
                <th>Version specific identifier</th>
              </tr>
            </thead>
            <tbody>
              <tr>
                <td>Percentage of patients with an office visit within the measurement period and with a new diagnosis of clinically significant Benign Prostatic Hyperplasia who have International Prostate Symptoms Score (IPSS) or American Urological Association (AUA) Symptom Index (SI) documented at time of diagnosis and again 6-12 months later with an improvement of 3 points</td>
                <td>40280382-6963-BF5E-0169-E6713F5A3DF1</td>
                <td/>
              </tr>
            </tbody>
          </table>
        </text>
        <!-- 1..* Organizers, each containing a reference to an eMeasure -->
        <entry>
          <organizer classCode="CLUSTER" moodCode="EVN">
            <!-- This is the templateId for Measure Reference -->
            <templateId root="2.16.840.1.113883.10.20.24.3.98"/>
            <!-- This is the templateId for eMeasure Reference QDM -->
            <templateId root="2.16.840.1.113883.10.20.24.3.97"/>
            <id extension="2759a570-fb52-0138-88e2-080027e672fa" root="1.3.6.1.4.1.115"/>
            <statusCode code="completed"/>
            <!-- Containing isBranch external references -->
            <reference typeCode="REFR">
              <externalDocument classCode="DOC" moodCode="EVN">
                <!-- SHALL: This is the version specific identifier for eMeasure: QualityMeasureDocument/id it is a GUID-->
                <id extension="40280382-6963-BF5E-0169-E6713F5A3DF1" root="2.16.840.1.113883.4.738"/>
                <!-- SHOULD This is the title of the eMeasure -->
                <text>Percentage of patients with an office visit within the measurement period and with a new diagnosis of clinically significant Benign Prostatic Hyperplasia who have International Prostate Symptoms Score (IPSS) or American Urological Association (AUA) Symptom Index (SI) documented at time of diagnosis and again 6-12 months later with an improvement of 3 points</text>
                <!-- SHOULD: setId is the eMeasure version neutral id  -->
                <setId root="1C05C6C0-8099-4270-83CE-292CF6E35C51"/>
              </externalDocument>
            </reference>
          </organizer>
        </entry>
      </section>
    </component>    <component>
      <section>
        <!-- This is the templateId for Reporting Parameters section -->
        <templateId root="2.16.840.1.113883.10.20.17.2.1"/>
        <templateId extension="2016-03-01" root="2.16.840.1.113883.10.20.17.2.1.1"/>
        <code code="55187-9" codeSystem="2.16.840.1.113883.6.1"/>
        <title>Reporting Parameters</title>
        <text></text>
        <entry typeCode="DRIV">
          <act classCode="ACT" moodCode="EVN">
            <!-- This is the templateId for Reporting Parameteres Act -->
            <templateId root="2.16.840.1.113883.10.20.17.3.8"/>
            <templateId extension="2016-03-01" root="2.16.840.1.113883.10.20.17.3.8.1"/>
            <id extension="2759c270-fb52-0138-88e2-080027e672fa" root="1.3.6.1.4.1.115"/>
            <code code="252116004" codeSystem="2.16.840.1.113883.6.96" displayName="Observation Parameters"/>
            <effectiveTime>
              <low value="20200101000000"/>
              <high value="20201231235959"/>
            </effectiveTime>
          </act>
        </entry>
      </section>
    </component>    <component>
        <section>
          <!-- This is the templateId for Patient Data section -->
          <templateId root="2.16.840.1.113883.10.20.17.2.4"/>
          <!-- This is the templateId for Patient Data QDM section -->
          <templateId extension="2018-10-01" root="2.16.840.1.113883.10.20.24.2.1"/>
          <templateId extension="2019-02-01" root="2.16.840.1.113883.10.20.24.2.1.1"/>
          <code code="55188-7" codeSystem="2.16.840.1.113883.6.1"/>
          <title>Patient Data</title>
          <text/>















            <entry>
              <act classCode="ACT" moodCode="EVN" >
                <!--Encounter performed Act -->
                <templateId extension="2017-08-01" root="2.16.840.1.113883.10.20.24.3.133"/>
                <code code="ENC" codeSystem="2.16.840.1.113883.5.6" codeSystemName="ActClass" displayName="Encounter"/>
                <entryRelationship typeCode="SUBJ">
                  <encounter classCode="ENC" moodCode="EVN">
                    <!--  Encounter activities template -->
                    <templateId extension="2015-08-01" root="2.16.840.1.113883.10.20.22.4.49"/>
                    <!-- Encounter performed template -->
                    <templateId extension="2017-08-01" root="2.16.840.1.113883.10.20.24.3.23"/>
                    <id extension="5f99769c63623903c1fd75ca" root="1.3.6.1.4.1.115"/>
                    <!-- QDM Attribute: Code -->
                      <code code="99214" codeSystem="2.16.840.1.113883.6.12" codeSystemName="CPT"/>
                    <text>Office Visit</text>
                    <statusCode code="completed"/>
                      <!-- QDM Attribute: Relevant Period -->
                      <effectiveTime><low value='20200522161358'/><high value='20200522164358'/></effectiveTime>
                  </encounter>
                </entryRelationship>
              </act>
            </entry>            <entry>
              <act classCode="ACT" moodCode="EVN" >
                <!--Encounter performed Act -->
                <templateId extension="2017-08-01" root="2.16.840.1.113883.10.20.24.3.133"/>
                <code code="ENC" codeSystem="2.16.840.1.113883.5.6" codeSystemName="ActClass" displayName="Encounter"/>
                <entryRelationship typeCode="SUBJ">
                  <encounter classCode="ENC" moodCode="EVN">
                    <!--  Encounter activities template -->
                    <templateId extension="2015-08-01" root="2.16.840.1.113883.10.20.22.4.49"/>
                    <!-- Encounter performed template -->
                    <templateId extension="2017-08-01" root="2.16.840.1.113883.10.20.24.3.23"/>
                    <id extension="5f99769c63623903c1fd75cc" root="1.3.6.1.4.1.115"/>
                    <!-- QDM Attribute: Code -->
                      <code code="99214" codeSystem="2.16.840.1.113883.6.12" codeSystemName="CPT"/>
                    <text>Office Visit</text>
                    <statusCode code="completed"/>
                      <!-- QDM Attribute: Relevant Period -->
                      <effectiveTime><low value='20200724161358'/><high value='20200724164358'/></effectiveTime>
                  </encounter>
                </entryRelationship>
              </act>
            </entry>






























            <entry>
              <!-- Patient Characteristic Payer -->
              <observation classCode="OBS" moodCode="EVN">
                <templateId root="2.16.840.1.113883.10.20.24.3.55"/>
                <id root="275cfe10-fb52-0138-88e2-080027e672fa"/> 
                <code code="48768-6" codeSystemName="LOINC" codeSystem="2.16.840.1.113883.6.1" displayName="Payment source"/> 
                <statusCode code="completed"/>
                  <!-- QDM Attribute: Relevant Period -->
                  <effectiveTime><low value='19690403234358'/><high nullFlavor='UNK'/></effectiveTime>
                  <value xsi:type="CD" code="349" codeSystem="2.16.840.1.113883.3.221.5" codeSystemName="Source of Payment Typology"/>
              </observation>            
            </entry>
        </section>
      </component>
    </structuredBody>
  </component>
</ClinicalDocument>