<?xml version="1.0" encoding="utf-8"?>
<ClinicalDocument xmlns:xsi="http://www.w3.org/2001/XMLSchema-instance" xmlns="urn:hl7-org:v3" xmlns:voc="urn:hl7-org:v3/voc" xmlns:sdtc="urn:hl7-org:sdtc">

<!-- QRDA Header -->
<realmCode code="US"/>
<typeId root="2.16.840.1.113883.1.3" extension="POCD_HD000040"/>
<!-- US Realm Header Template Id -->
<templateId root="2.16.840.1.113883.10.20.22.1.1" extension="2015-08-01"/>
<!-- QRDA templateId -->
<templateId root="2.16.840.1.113883.10.20.24.1.1" extension="2017-08-01"/>
<!-- QDM-based QRDA templateId -->
<templateId root="2.16.840.1.113883.10.20.24.1.2" extension="2017-08-01"/>
<!-- CMS QRDA templateId -->
<templateId root="2.16.840.1.113883.10.20.24.1.3" extension="2018-02-01"/>
<!-- This is the globally unique identifier for this QRDA document -->
<id root="e39fe480-b79d-0137-1c4c-0800274d695b"/>
<!-- QRDA document type code -->
<code code="55182-0" codeSystem="2.16.840.1.113883.6.1" codeSystemName="LOINC" displayName="Quality Measure Report"/>
<title>QRDA Incidence Report</title>
<!-- This is the document creation time -->
<effectiveTime value="20190912151407"/>
<confidentialityCode code="N" codeSystem="2.16.840.1.113883.5.25"/>
<languageCode code="en"/>
<!-- reported patient -->
<recordTarget>
  <patientRole>
    <id extension="e3db9051-952a-4941-be87-fd76a2b7f6cf_2" root="1.3.6.1.4.1.115" />
    <addr use="HP">
      <streetAddressLine>202 Burlington Rd.</streetAddressLine>
      <city>Bedford</city>
      <state>MA</state>
      <postalCode>01730</postalCode>
      <country>US</country>
    </addr>
    <telecom use="WP" value="tel:+1-781-271-3000"/>
    <patient>
      <name>
        <given>Micheal</given>
        <family>Miller</family>
      </name>
      <administrativeGenderCode code="M" codeSystem="2.16.840.1.113883.5.1" codeSystemName="HL7 AdministrativeGender"/>
      <birthTime value="19380821163000"/>
      <raceCode code="2028-9" codeSystemName="CDC Race and Ethnicity" codeSystem="2.16.840.1.113883.6.238"/>
      <ethnicGroupCode code="2135-2" codeSystemName="CDC Race and Ethnicity" codeSystem="2.16.840.1.113883.6.238"/>
      <languageCommunication>
        <templateId root="2.16.840.1.113883.3.88.11.83.2" assigningAuthorityName="HITSP/C83"/>
        <templateId root="1.3.6.1.4.1.19376.1.5.3.1.2.1" assigningAuthorityName="IHE/PCC"/>
        <languageCode code="eng"/>
      </languageCommunication>
    </patient>
  </patientRole>
</recordTarget><author>
  <time value="20190912151407"/>
  <assignedAuthor>
    <!-- NPI -->
      <id extension="1272844139" root="2.16.840.1.113883.4.6"/>
    <addr>
      <streetAddressLine>202 Burlington Rd.</streetAddressLine>
      <city>Bedford</city>
      <state>MA</state>
      <postalCode>01730</postalCode>
      <country>US</country>
    </addr>
    <telecom use="WP" value="tel:(781)271-3000"/>
    <assignedAuthoringDevice>
      <manufacturerModelName>Cypress</manufacturerModelName>
      <softwareName>Cypress</softwareName>
    </assignedAuthoringDevice>
  </assignedAuthor>
</author><custodian>
  <assignedCustodian>
    <representedCustodianOrganization>
        <id extension="554434" root="2.16.840.1.113883.4.336"/>
      <name>Cypress Test Deck</name>
      <telecom use="WP" value="tel:(781)271-3000"/>
        <addr use="HP">
          <streetAddressLine>24175 Cristina Meadow Spurs</streetAddressLine>
          <city>Botsfordland</city>
          <state>SC</state>
          <postalCode>29957</postalCode>
          <country>US</country>
        </addr>
    </representedCustodianOrganization>
  </assignedCustodian>
</custodian>
<informationRecipient>
  <intendedRecipient>
    <id extension="HQR_IQR" root="2.16.840.1.113883.3.249.7"/>
  </intendedRecipient>
</informationRecipient>
<legalAuthenticator>
  <time value="20190912151407"/>
  <signatureCode code="S"/>
  <assignedEntity>
    <id root="bc01a5d1-3a34-4286-82cc-43eb04c972a7"/>
    <addr>
      <streetAddressLine>202 Burlington Rd.</streetAddressLine>
      <city>Bedford</city>
      <state>MA</state>
      <postalCode>01730</postalCode>
      <country>US</country>
    </addr>
    <telecom use="WP" value="tel:(781)271-3000"/>
    <assignedPerson>
      <name>
        <given>Henry</given>
        <family>Seven</family>
      </name>
    </assignedPerson>
    <representedOrganization>
      <id root="2.16.840.1.113883.19.5"/>
      <name>Cypress</name>
    </representedOrganization>
  </assignedEntity>
</legalAuthenticator><participant typeCode="DEV">
  <associatedEntity classCode="RGPR">
    <!-- CMS EHR Certification Number (formerly known as Office of the 
        National Coordinator Certification Number) -->
    <id extension="123456789" root="2.16.840.1.113883.3.2074.1"/>
  </associatedEntity>
</participant><documentationOf typeCode="DOC">
  <serviceEvent classCode="PCPR">
    <!-- care provision -->
    <effectiveTime>
      <low nullFlavor="UNK"/>
      <high nullFlavor="UNK"/>
    </effectiveTime>
    <!-- You can include multiple performers, each with an NPI, TIN, CCN. -->
    <performer typeCode="PRF">
      <time>
        <low nullFlavor="UNK"/>
        <high nullFlavor="UNK"/>
      </time>
      <assignedEntity>
        <id extension="1272844139" root="2.16.840.1.113883.4.6"/>
          <id extension="554434" root="2.16.840.1.113883.4.336"/>
        <code code="282N00000X" codeSystem="2.16.840.1.113883.6.101" codeSystemName="Healthcare Provider Taxonomy (HIPAA)"/>
        <addr use="HP">
          <streetAddressLine>24175 Cristina Meadow Spurs</streetAddressLine>
          <city>Botsfordland</city>
          <state>SC</state>
          <postalCode>29957</postalCode>
          <country>US</country>
        </addr>
        <assignedPerson>
          <name>
            <given>Beverly</given>
            <family>Singleton</family>
          </name>
        </assignedPerson>
        <representedOrganization>
          <id extension="718955830" root="2.16.840.1.113883.4.2"/>
          <addr use="HP">
            <streetAddressLine>24175 Cristina Meadow Spurs</streetAddressLine>
            <city>Botsfordland</city>
            <state>SC</state>
            <postalCode>29957</postalCode>
            <country>US</country>
          </addr>
        </representedOrganization>
      </assignedEntity>
    </performer>
  </serviceEvent>
</documentationOf>
<component>
  <structuredBody>
    <component>
      <section>
        <!-- 
          *****************************************************************
          Measure Section
          *****************************************************************
        -->
        <!-- This is the templateId for Measure Section -->
        <templateId root="2.16.840.1.113883.10.20.24.2.2"/>
        <!-- This is the templateId for Measure Section QDM -->
        <templateId root="2.16.840.1.113883.10.20.24.2.3"/>
        <!-- This is the LOINC code for "Measure document". This stays the same for all measure section required by QRDA standard -->
        <code code="55186-1" codeSystem="2.16.840.1.113883.6.1"/>
        <title>Measure Section</title>
        <text>
          <table border="1" width="100%">
            <thead>
              <tr>
                <th>eMeasure Title</th>
                <th>Version specific identifier</th>
              </tr>
            </thead>
            <tbody>
              <tr>
                <td>Ischemic or hemorrhagic stroke patients who were assessed for rehabilitation services</td>
                <td>40280382-610B-E7A4-0161-8AE785802D33</td>
                <td/>
              </tr>
            </tbody>
          </table>
        </text>
        <!-- 1..* Organizers, each containing a reference to an eMeasure -->
        <entry>
          <organizer classCode="CLUSTER" moodCode="EVN">
            <!-- This is the templateId for Measure Reference -->
            <templateId root="2.16.840.1.113883.10.20.24.3.98"/>
            <!-- This is the templateId for eMeasure Reference QDM -->
            <templateId root="2.16.840.1.113883.10.20.24.3.97"/>
            <id extension="e3a3dc10-b79d-0137-1c4c-0800274d695b" root="1.3.6.1.4.1.115"/>
            <statusCode code="completed"/>
            <!-- Containing isBranch external references -->
            <reference typeCode="REFR">
              <externalDocument classCode="DOC" moodCode="EVN">
                <!-- SHALL: This is the version specific identifier for eMeasure: QualityMeasureDocument/id it is a GUID-->
                <id extension="40280382-610B-E7A4-0161-8AE785802D33" root="2.16.840.1.113883.4.738"/>
                <!-- SHOULD This is the title of the eMeasure -->
                <text>Ischemic or hemorrhagic stroke patients who were assessed for rehabilitation services</text>
                <!-- SHOULD: setId is the eMeasure version neutral id  -->
                <setId root="7DC26160-E615-4CC2-879C-75985189EC1A"/>
              </externalDocument>
            </reference>
          </organizer>
        </entry>
      </section>
    </component>    <component>
      <section>
        <!-- This is the templateId for Reporting Parameters section -->
        <templateId root="2.16.840.1.113883.10.20.17.2.1"/>
        <templateId extension="2016-03-01" root="2.16.840.1.113883.10.20.17.2.1.1"/>
        <code code="55187-9" codeSystem="2.16.840.1.113883.6.1"/>
        <title>Reporting Parameters</title>
        <text></text>
        <entry typeCode="DRIV">
          <act classCode="ACT" moodCode="EVN">
            <!-- This is the templateId for Reporting Parameteres Act -->
            <templateId root="2.16.840.1.113883.10.20.17.3.8"/>
            <templateId extension="2016-03-01" root="2.16.840.1.113883.10.20.17.3.8.1"/>
            <id extension="e3a3f740-b79d-0137-1c4c-0800274d695b" root="1.3.6.1.4.1.115"/>
            <code code="252116004" codeSystem="2.16.840.1.113883.6.96" displayName="Observation Parameters"/>
            <effectiveTime>
              <low value="20190101000000"/>
              <high value="20191231235959"/>
            </effectiveTime>
          </act>
        </entry>
      </section>
    </component>    <component>
        <section>
          <!-- This is the templateId for Patient Data section -->
          <templateId root="2.16.840.1.113883.10.20.17.2.4"/>
          <!-- This is the templateId for Patient Data QDM section -->
          <templateId extension="2017-08-01" root="2.16.840.1.113883.10.20.24.2.1"/>
          <templateId extension="2018-02-01" root="2.16.840.1.113883.10.20.24.2.1.1"/>
          <code code="55188-7" codeSystem="2.16.840.1.113883.6.1"/>
          <title>Patient Data</title>
          <text/>













            <entry>
              <act classCode="ACT" moodCode="EVN">
                <!--Encounter performed Act -->
                <templateId extension="2017-08-01" root="2.16.840.1.113883.10.20.24.3.133"/>
                <code code="ENC" codeSystem="2.16.840.1.113883.5.6" codeSystemName="ActClass" displayName="Encounter"/>
                <entryRelationship typeCode="SUBJ">
                  <encounter classCode="ENC" moodCode="EVN">
                    <!--  Encounter activities template -->
                    <templateId extension="2015-08-01" root="2.16.840.1.113883.10.20.22.4.49"/>
                    <!-- Encounter performed template -->
                    <templateId extension="2017-08-01" root="2.16.840.1.113883.10.20.24.3.23"/>
                    <id extension="5d7a60bc63623903a805bf33" root="1.3.6.1.4.1.115"/>
                      <code code="4525004" codeSystem="2.16.840.1.113883.6.96" codeSystemName="SNOMED-CT"/>
                    <text>Encounter, Performed: Emergency Department Visit</text>
                    <statusCode code="completed"/>
                    <effectiveTime><low value='20190421090000'/><high value='20190421100000'/></effectiveTime>
                    <author>
                      <templateId root="2.16.840.1.113883.10.20.24.3.155" extension="2017-08-01"/>
                      <time value='20190421090000'/>
                      <assignedAuthor>
                          <id nullFlavor="NA"/>
                      </assignedAuthor>
                    </author>                      <participant typeCode="LOC">
                        <!-- Facility Location template -->
                        <templateId extension="2017-08-01" root="2.16.840.1.113883.10.20.24.3.100"/>
                        <time>
                          <low value='20190421090000'/><high value='20190421100000'/>
                        </time>
                        <participantRole classCode="SDLOC">
                          <code code="4525004" codeSystem="2.16.840.1.113883.6.96" codeSystemName="SNOMED-CT"/>
                          <telecom nullFlavor="UNK"/>
                          <playingEntity classCode="PLC">
                            <name/>
                          </playingEntity>
                        </participantRole>
                      </participant>                  </encounter>
                </entryRelationship>
              </act>
            </entry>            <entry>
              <act classCode="ACT" moodCode="EVN">
                <!--Encounter performed Act -->
                <templateId extension="2017-08-01" root="2.16.840.1.113883.10.20.24.3.133"/>
                <code code="ENC" codeSystem="2.16.840.1.113883.5.6" codeSystemName="ActClass" displayName="Encounter"/>
                <entryRelationship typeCode="SUBJ">
                  <encounter classCode="ENC" moodCode="EVN">
                    <!--  Encounter activities template -->
                    <templateId extension="2015-08-01" root="2.16.840.1.113883.10.20.22.4.49"/>
                    <!-- Encounter performed template -->
                    <templateId extension="2017-08-01" root="2.16.840.1.113883.10.20.24.3.23"/>
                    <id extension="5d7a60bc63623903a805bf35" root="1.3.6.1.4.1.115"/>
                      <code code="32485007" codeSystem="2.16.840.1.113883.6.96" codeSystemName="SNOMED-CT"/>
                    <text>Encounter, Performed: Non-Elective Inpatient Encounter</text>
                    <statusCode code="completed"/>
                    <effectiveTime><low value='20190421100000'/><high value='20190426081500'/></effectiveTime>
                    <sdtc:dischargeDispositionCode code="10161009" codeSystem="2.16.840.1.113883.6.96" codeSystemName="SNOMED-CT"/>
                    <author>
                      <templateId root="2.16.840.1.113883.10.20.24.3.155" extension="2017-08-01"/>
                      <time value='20190421100000'/>
                      <assignedAuthor>
                          <id nullFlavor="NA"/>
                      </assignedAuthor>
                    </author>                      <participant typeCode="LOC">
                        <!-- Facility Location template -->
                        <templateId extension="2017-08-01" root="2.16.840.1.113883.10.20.24.3.100"/>
                        <time>
                          <low value='20190421100000'/><high value='20190426081500'/>
                        </time>
                        <participantRole classCode="SDLOC">
                          <code code="183452005" codeSystem="2.16.840.1.113883.6.96" codeSystemName="SNOMED-CT"/>
                          <telecom nullFlavor="UNK"/>
                          <playingEntity classCode="PLC">
                            <name/>
                          </playingEntity>
                        </participantRole>
                      </participant>                      <entryRelationship typeCode="REFR">
                        <observation classCode="OBS" moodCode="EVN">
                            <templateId root="2.16.840.1.113883.10.20.24.3.152" extension="2017-08-01"/>
                            <id root="e3a62950-b79d-0137-1c4c-0800274d695b"/>
                            <code code="8319008" codeSystem="2.16.840.1.113883.6.96" displayName="Principal Diagnosis" codeSystemName="SNOMED"/>
                            <value code="111297002" codeSystem="2.16.840.1.113883.6.96" codeSystemName="SNOMED-CT" xsi:type="CD"/>
                        </observation>
                      </entryRelationship>                      <entryRelationship typeCode="REFR">
                        <act classCode="ACT" moodCode="EVN">
                          <templateId extension="2015-08-01" root="2.16.840.1.113883.10.20.22.4.80"/>
                          <code code="29308-4" codeSystem="2.16.840.1.113883.6.1" codeSystemName="LOINC" displayName="Diagnosis"/>
                          <entryRelationship typeCode="SUBJ">
                            <observation classCode="OBS" moodCode="EVN">
                              <!--  Problem observation template -->
                              <templateId extension="2015-08-01" root="2.16.840.1.113883.10.20.22.4.4"/>
                              <id root="e3a64bf0-b79d-0137-1c4c-0800274d695b"/>
                              <code code="29308-4" codeSystem="2.16.840.1.113883.6.1">
                                <translation code="282291009" codeSystem="2.16.840.1.113883.6.96"/>
                              </code>
                              <statusCode code="completed"/>
                              <effectiveTime><low value='20190421100000'/><high value='20190426081500'/></effectiveTime>
                              <value code="111297002" codeSystem="2.16.840.1.113883.6.96" codeSystemName="SNOMED-CT" xsi:type="CD"/>
                            </observation>
                          </entryRelationship>
                        </act>
                      </entryRelationship>                  </encounter>
                </entryRelationship>
              </act>
            </entry>

            <entry>
              <act classCode="ACT" moodCode="RQO" >
                <!-- Plan of Care Activity Act template -->
                <templateId root="2.16.840.1.113883.10.20.22.4.39" extension="2014-06-09"/>
                <!-- Intervention Order template -->
                <templateId root="2.16.840.1.113883.10.20.24.3.31" extension="2017-08-01"/>
                <id root="1.3.6.1.4.1.115" extension="5d7a60bc63623903a805bf39"/>
                  <code code="133918004" codeSystem="2.16.840.1.113883.6.96" codeSystemName="SNOMED-CT"/>
                <text>Intervention, Order: Comfort Measures</text>
                <statusCode code="active"/>
                <author>
                  <templateId root="2.16.840.1.113883.10.20.24.3.155" extension="2017-08-01"/>
                  <time value='20190421094500'/>
                  <assignedAuthor>
                      <id nullFlavor="NA"/>
                  </assignedAuthor>
                </author>              </act>
            </entry>












            <entry>
              <!-- Patient Characteristic Payer -->
              <observation classCode="OBS" moodCode="EVN">
                <templateId root="2.16.840.1.113883.10.20.24.3.55"/>
                <id root="e3a7ced0-b79d-0137-1c4c-0800274d695b"/> 
                <code code="48768-6" codeSystemName="LOINC" codeSystem="2.16.840.1.113883.6.1" displayName="Payment source"/> 
                <statusCode code="completed"/>
                <effectiveTime><low value='19700101003218'/><high nullFlavor='UNK'/></effectiveTime>
                <value xsi:type="CD" code="349" codeSystem="2.16.840.1.113883.3.221.5" codeSystemName="SOP" sdtc:valueSet="2.16.840.1.114222.4.11.3591"/>
              </observation>            
            </entry>
        </section>
      </component>
    </structuredBody>
  </component>
</ClinicalDocument>