<?xml version="1.0" encoding="utf-8"?>
<ClinicalDocument xmlns:xsi="http://www.w3.org/2001/XMLSchema-instance" xmlns="urn:hl7-org:v3" xmlns:voc="urn:hl7-org:v3/voc" xmlns:sdtc="urn:hl7-org:sdtc">

<!-- QRDA Header -->
<realmCode code="US"/>
<typeId root="2.16.840.1.113883.1.3" extension="POCD_HD000040"/>
<!-- US Realm Header Template Id -->
<templateId root="2.16.840.1.113883.10.20.22.1.1" extension="2015-08-01"/>
<!-- QRDA templateId -->
<templateId root="2.16.840.1.113883.10.20.24.1.1" extension="2017-08-01"/>
<!-- QDM-based QRDA templateId -->
<templateId root="2.16.840.1.113883.10.20.24.1.2" extension="2017-08-01"/>
<!-- CMS QRDA templateId -->
<templateId root="2.16.840.1.113883.10.20.24.1.3" extension="2018-02-01"/>
<!-- This is the globally unique identifier for this QRDA document -->
<id root="ce63f8f0-b79d-0137-1c4c-0800274d695b"/>
<!-- QRDA document type code -->
<code code="55182-0" codeSystem="2.16.840.1.113883.6.1" codeSystemName="LOINC" displayName="Quality Measure Report"/>
<title>QRDA Incidence Report</title>
<!-- This is the document creation time -->
<effectiveTime value="20190912151331"/>
<confidentialityCode code="N" codeSystem="2.16.840.1.113883.5.25"/>
<languageCode code="en"/>
<!-- reported patient -->
<recordTarget>
  <patientRole>
    <id extension="70a62895-3526-4b44-ba8c-9c392aa18dc7_12" root="1.3.6.1.4.1.115" />
    <addr use="HP">
      <streetAddressLine>202 Burlington Rd.</streetAddressLine>
      <city>Bedford</city>
      <state>MA</state>
      <postalCode>01730</postalCode>
      <country>US</country>
    </addr>
    <telecom use="WP" value="tel:+1-781-271-3000"/>
    <patient>
      <name>
        <given>Bobby</given>
        <family>Hardy</family>
      </name>
      <administrativeGenderCode code="M" codeSystem="2.16.840.1.113883.5.1" codeSystemName="HL7 AdministrativeGender"/>
      <birthTime value="19680324152500"/>
      <raceCode code="1002-5" codeSystemName="CDC Race and Ethnicity" codeSystem="2.16.840.1.113883.6.238"/>
      <ethnicGroupCode code="2135-2" codeSystemName="CDC Race and Ethnicity" codeSystem="2.16.840.1.113883.6.238"/>
      <languageCommunication>
        <templateId root="2.16.840.1.113883.3.88.11.83.2" assigningAuthorityName="HITSP/C83"/>
        <templateId root="1.3.6.1.4.1.19376.1.5.3.1.2.1" assigningAuthorityName="IHE/PCC"/>
        <languageCode code="eng"/>
      </languageCommunication>
    </patient>
  </patientRole>
</recordTarget><author>
  <time value="20190912151331"/>
  <assignedAuthor>
    <!-- NPI -->
      <id extension="1100752769" root="2.16.840.1.113883.4.6"/>
    <addr>
      <streetAddressLine>202 Burlington Rd.</streetAddressLine>
      <city>Bedford</city>
      <state>MA</state>
      <postalCode>01730</postalCode>
      <country>US</country>
    </addr>
    <telecom use="WP" value="tel:(781)271-3000"/>
    <assignedAuthoringDevice>
      <manufacturerModelName>Cypress</manufacturerModelName>
      <softwareName>Cypress</softwareName>
    </assignedAuthoringDevice>
  </assignedAuthor>
</author><custodian>
  <assignedCustodian>
    <representedCustodianOrganization>
        <id extension="591271" root="2.16.840.1.113883.4.336"/>
      <name>Cypress Test Deck</name>
      <telecom use="WP" value="tel:(781)271-3000"/>
        <addr use="HP">
          <streetAddressLine>7771 Bahringer Turnpike Rest</streetAddressLine>
          <city>West Lafayettefurt</city>
          <state>AL</state>
          <postalCode>35087</postalCode>
          <country>US</country>
        </addr>
    </representedCustodianOrganization>
  </assignedCustodian>
</custodian>
<legalAuthenticator>
  <time value="20190912151331"/>
  <signatureCode code="S"/>
  <assignedEntity>
    <id root="bc01a5d1-3a34-4286-82cc-43eb04c972a7"/>
    <addr>
      <streetAddressLine>202 Burlington Rd.</streetAddressLine>
      <city>Bedford</city>
      <state>MA</state>
      <postalCode>01730</postalCode>
      <country>US</country>
    </addr>
    <telecom use="WP" value="tel:(781)271-3000"/>
    <assignedPerson>
      <name>
        <given>Henry</given>
        <family>Seven</family>
      </name>
    </assignedPerson>
    <representedOrganization>
      <id root="2.16.840.1.113883.19.5"/>
      <name>Cypress</name>
    </representedOrganization>
  </assignedEntity>
</legalAuthenticator><participant typeCode="DEV">
  <associatedEntity classCode="RGPR">
    <!-- CMS EHR Certification Number (formerly known as Office of the 
        National Coordinator Certification Number) -->
    <id extension="123456789" root="2.16.840.1.113883.3.2074.1"/>
  </associatedEntity>
</participant><documentationOf typeCode="DOC">
  <serviceEvent classCode="PCPR">
    <!-- care provision -->
    <effectiveTime>
      <low nullFlavor="UNK"/>
      <high nullFlavor="UNK"/>
    </effectiveTime>
    <!-- You can include multiple performers, each with an NPI, TIN, CCN. -->
    <performer typeCode="PRF">
      <time>
        <low nullFlavor="UNK"/>
        <high nullFlavor="UNK"/>
      </time>
      <assignedEntity>
        <id extension="1100752769" root="2.16.840.1.113883.4.6"/>
          <id extension="591271" root="2.16.840.1.113883.4.336"/>
        <code code="207Q00000X" codeSystem="2.16.840.1.113883.6.101" codeSystemName="Healthcare Provider Taxonomy (HIPAA)"/>
        <addr use="HP">
          <streetAddressLine>7771 Bahringer Turnpike Rest</streetAddressLine>
          <city>West Lafayettefurt</city>
          <state>AL</state>
          <postalCode>35087</postalCode>
          <country>US</country>
        </addr>
        <assignedPerson>
          <name>
            <given>Maurice</given>
            <family>Grant</family>
          </name>
        </assignedPerson>
        <representedOrganization>
          <id extension="220917305" root="2.16.840.1.113883.4.2"/>
          <addr use="HP">
            <streetAddressLine>7771 Bahringer Turnpike Rest</streetAddressLine>
            <city>West Lafayettefurt</city>
            <state>AL</state>
            <postalCode>35087</postalCode>
            <country>US</country>
          </addr>
        </representedOrganization>
      </assignedEntity>
    </performer>
  </serviceEvent>
</documentationOf>
<component>
  <structuredBody>
    <component>
      <section>
        <!-- 
          *****************************************************************
          Measure Section
          *****************************************************************
        -->
        <!-- This is the templateId for Measure Section -->
        <templateId root="2.16.840.1.113883.10.20.24.2.2"/>
        <!-- This is the templateId for Measure Section QDM -->
        <templateId root="2.16.840.1.113883.10.20.24.2.3"/>
        <!-- This is the LOINC code for "Measure document". This stays the same for all measure section required by QRDA standard -->
        <code code="55186-1" codeSystem="2.16.840.1.113883.6.1"/>
        <title>Measure Section</title>
        <text>
          <table border="1" width="100%">
            <thead>
              <tr>
                <th>eMeasure Title</th>
                <th>Version specific identifier</th>
              </tr>
            </thead>
            <tbody>
              <tr>
                <td>Percentage of patients aged 6 months and older seen for a visit between October 1 and March 31 who received an influenza immunization OR who reported previous receipt of an influenza immunization</td>
                <td>40280382-6240-B6B9-0162-5096917708E0</td>
                <td/>
              </tr>
            </tbody>
          </table>
        </text>
        <!-- 1..* Organizers, each containing a reference to an eMeasure -->
        <entry>
          <organizer classCode="CLUSTER" moodCode="EVN">
            <!-- This is the templateId for Measure Reference -->
            <templateId root="2.16.840.1.113883.10.20.24.3.98"/>
            <!-- This is the templateId for eMeasure Reference QDM -->
            <templateId root="2.16.840.1.113883.10.20.24.3.97"/>
            <id extension="ce67eb80-b79d-0137-1c4c-0800274d695b" root="1.3.6.1.4.1.115"/>
            <statusCode code="completed"/>
            <!-- Containing isBranch external references -->
            <reference typeCode="REFR">
              <externalDocument classCode="DOC" moodCode="EVN">
                <!-- SHALL: This is the version specific identifier for eMeasure: QualityMeasureDocument/id it is a GUID-->
                <id extension="40280382-6240-B6B9-0162-5096917708E0" root="2.16.840.1.113883.4.738"/>
                <!-- SHOULD This is the title of the eMeasure -->
                <text>Percentage of patients aged 6 months and older seen for a visit between October 1 and March 31 who received an influenza immunization OR who reported previous receipt of an influenza immunization</text>
                <!-- SHOULD: setId is the eMeasure version neutral id  -->
                <setId root="A244AA29-7D11-4616-888A-86E376BFCC6F"/>
              </externalDocument>
            </reference>
          </organizer>
        </entry>
      </section>
    </component>    <component>
      <section>
        <!-- This is the templateId for Reporting Parameters section -->
        <templateId root="2.16.840.1.113883.10.20.17.2.1"/>
        <templateId extension="2016-03-01" root="2.16.840.1.113883.10.20.17.2.1.1"/>
        <code code="55187-9" codeSystem="2.16.840.1.113883.6.1"/>
        <title>Reporting Parameters</title>
        <text></text>
        <entry typeCode="DRIV">
          <act classCode="ACT" moodCode="EVN">
            <!-- This is the templateId for Reporting Parameteres Act -->
            <templateId root="2.16.840.1.113883.10.20.17.3.8"/>
            <templateId extension="2016-03-01" root="2.16.840.1.113883.10.20.17.3.8.1"/>
            <id extension="ce680e20-b79d-0137-1c4c-0800274d695b" root="1.3.6.1.4.1.115"/>
            <code code="252116004" codeSystem="2.16.840.1.113883.6.96" displayName="Observation Parameters"/>
            <effectiveTime>
              <low value="20190101000000"/>
              <high value="20191231235959"/>
            </effectiveTime>
          </act>
        </entry>
      </section>
    </component>    <component>
        <section>
          <!-- This is the templateId for Patient Data section -->
          <templateId root="2.16.840.1.113883.10.20.17.2.4"/>
          <!-- This is the templateId for Patient Data QDM section -->
          <templateId extension="2017-08-01" root="2.16.840.1.113883.10.20.24.2.1"/>
          <templateId extension="2018-02-01" root="2.16.840.1.113883.10.20.24.2.1.1"/>
          <code code="55188-7" codeSystem="2.16.840.1.113883.6.1"/>
          <title>Patient Data</title>
          <text/>













            <entry>
              <act classCode="ACT" moodCode="EVN">
                <!--Encounter performed Act -->
                <templateId extension="2017-08-01" root="2.16.840.1.113883.10.20.24.3.133"/>
                <code code="ENC" codeSystem="2.16.840.1.113883.5.6" codeSystemName="ActClass" displayName="Encounter"/>
                <entryRelationship typeCode="SUBJ">
                  <encounter classCode="ENC" moodCode="EVN">
                    <!--  Encounter activities template -->
                    <templateId extension="2015-08-01" root="2.16.840.1.113883.10.20.22.4.49"/>
                    <!-- Encounter performed template -->
                    <templateId extension="2017-08-01" root="2.16.840.1.113883.10.20.24.3.23"/>
                    <id extension="5d7a609563623903a8058b92" root="1.3.6.1.4.1.115"/>
                      <code code="99213" codeSystem="2.16.840.1.113883.6.12" codeSystemName="CPT"/>
                    <text>Encounter, Performed: Office Visit</text>
                    <statusCode code="completed"/>
                    <effectiveTime><low value='20190213100000'/><high value='20190213103000'/></effectiveTime>
                    <author>
                      <templateId root="2.16.840.1.113883.10.20.24.3.155" extension="2017-08-01"/>
                      <time value='20190213100000'/>
                      <assignedAuthor>
                          <id nullFlavor="NA"/>
                      </assignedAuthor>
                    </author>                  </encounter>
                </entryRelationship>
              </act>
            </entry>            <entry>
              <act classCode="ACT" moodCode="EVN">
                <!--Encounter performed Act -->
                <templateId extension="2017-08-01" root="2.16.840.1.113883.10.20.24.3.133"/>
                <code code="ENC" codeSystem="2.16.840.1.113883.5.6" codeSystemName="ActClass" displayName="Encounter"/>
                <entryRelationship typeCode="SUBJ">
                  <encounter classCode="ENC" moodCode="EVN">
                    <!--  Encounter activities template -->
                    <templateId extension="2015-08-01" root="2.16.840.1.113883.10.20.22.4.49"/>
                    <!-- Encounter performed template -->
                    <templateId extension="2017-08-01" root="2.16.840.1.113883.10.20.24.3.23"/>
                    <id extension="5d7a609563623903a8058b94" root="1.3.6.1.4.1.115"/>
                      <code code="99213" codeSystem="2.16.840.1.113883.6.12" codeSystemName="CPT"/>
                    <text>Encounter, Performed: Office Visit</text>
                    <statusCode code="completed"/>
                    <effectiveTime><low value='20190220080000'/><high value='20190220083000'/></effectiveTime>
                    <author>
                      <templateId root="2.16.840.1.113883.10.20.24.3.155" extension="2017-08-01"/>
                      <time value='20190220080000'/>
                      <assignedAuthor>
                          <id nullFlavor="NA"/>
                      </assignedAuthor>
                    </author>                  </encounter>
                </entryRelationship>
              </act>
            </entry>            <entry>
              <act classCode="ACT" moodCode="EVN">
                <!--Encounter performed Act -->
                <templateId extension="2017-08-01" root="2.16.840.1.113883.10.20.24.3.133"/>
                <code code="ENC" codeSystem="2.16.840.1.113883.5.6" codeSystemName="ActClass" displayName="Encounter"/>
                <entryRelationship typeCode="SUBJ">
                  <encounter classCode="ENC" moodCode="EVN">
                    <!--  Encounter activities template -->
                    <templateId extension="2015-08-01" root="2.16.840.1.113883.10.20.22.4.49"/>
                    <!-- Encounter performed template -->
                    <templateId extension="2017-08-01" root="2.16.840.1.113883.10.20.24.3.23"/>
                    <id extension="5d7a609563623903a8058b96" root="1.3.6.1.4.1.115"/>
                      <code code="G0438" codeSystem="2.16.840.1.113883.6.285" codeSystemName="HCPCS"/>
                    <text>Encounter, Performed: Annual Wellness Visit</text>
                    <statusCode code="completed"/>
                    <effectiveTime><low value='20191107080000'/><high value='20191107083000'/></effectiveTime>
                    <author>
                      <templateId root="2.16.840.1.113883.10.20.24.3.155" extension="2017-08-01"/>
                      <time value='20191107080000'/>
                      <assignedAuthor>
                          <id nullFlavor="NA"/>
                      </assignedAuthor>
                    </author>                  </encounter>
                </entryRelationship>
              </act>
            </entry>













            <entry>
              <procedure classCode="PROC" moodCode="EVN" negationInd="true">
                <!--  Procedure performed template -->
                <templateId root="2.16.840.1.113883.10.20.24.3.64" extension="2017-08-01"/>
                <!-- Procedure Activity Procedure-->
                <templateId root="2.16.840.1.113883.10.20.22.4.14" extension="2014-06-09"/>
                <id root="1.3.6.1.4.1.115" extension="5d7a609563623903a8058b9a"/>
                  <code nullFlavor="NA" sdtc:valueSet="2.16.840.1.113883.3.526.3.402"/>
                <text>Procedure, Performed: Influenza Vaccination</text>
                <statusCode code="completed"/>
                <effectiveTime><low value='20190213101500'/><high nullFlavor='UNK'/></effectiveTime>
                <author>
                  <templateId root="2.16.840.1.113883.10.20.24.3.155" extension="2017-08-01"/>
                  <time value='20190213101500'/>
                  <assignedAuthor>
                      <id nullFlavor="NA"/>
                  </assignedAuthor>
                </author>                <entryRelationship typeCode="RSON">
                  <observation classCode="OBS" moodCode="EVN">
                    <templateId root="2.16.840.1.113883.10.20.24.3.88" extension="2017-08-01"/>
                    <id root="1.3.6.1.4.1.115" extension="ce6c52a0-b79d-0137-1c4c-0800274d695b" />
                    <code code="77301-0" codeSystem="2.16.840.1.113883.6.1" displayName="reason" codeSystemName="LOINC"/>
                    <statusCode code="completed"/>
                    <effectiveTime><low value='20190213101500'/><high nullFlavor='UNK'/></effectiveTime>
                    <value code="107724000" codeSystem="2.16.840.1.113883.6.96" codeSystemName="SNOMED-CT" xsi:type="CD"/>
                  </observation>
                </entryRelationship>              </procedure>
            </entry>
            

            <entry>
              <!-- Patient Characteristic Payer -->
              <observation classCode="OBS" moodCode="EVN">
                <templateId root="2.16.840.1.113883.10.20.24.3.55"/>
                <id root="ce6c6e50-b79d-0137-1c4c-0800274d695b"/> 
                <code code="48768-6" codeSystemName="LOINC" codeSystem="2.16.840.1.113883.6.1" displayName="Payment source"/> 
                <statusCode code="completed"/>
                <effectiveTime><low value='19700101003248'/><high nullFlavor='UNK'/></effectiveTime>
                <value xsi:type="CD" code="2" codeSystem="2.16.840.1.113883.3.221.5" codeSystemName="SOP" sdtc:valueSet="2.16.840.1.114222.4.11.3591"/>
              </observation>            
            </entry>
        </section>
      </component>
    </structuredBody>
  </component>
</ClinicalDocument>