<?xml version="1.0" encoding="utf-8"?>
<ClinicalDocument xmlns:xsi="http://www.w3.org/2001/XMLSchema-instance" xmlns="urn:hl7-org:v3" xmlns:voc="urn:hl7-org:v3/voc" xmlns:sdtc="urn:hl7-org:sdtc">

<!-- QRDA Header -->
<realmCode code="US"/>
<typeId root="2.16.840.1.113883.1.3" extension="POCD_HD000040"/>
<!-- US Realm Header Template Id -->
<templateId root="2.16.840.1.113883.10.20.22.1.1" extension="2015-08-01"/>
<!-- QRDA templateId -->
<templateId root="2.16.840.1.113883.10.20.24.1.1" extension="2017-08-01"/>
<!-- QDM-based QRDA templateId -->
<templateId root="2.16.840.1.113883.10.20.24.1.2" extension="2017-08-01"/>
<!-- CMS QRDA templateId -->
<templateId root="2.16.840.1.113883.10.20.24.1.3" extension="2018-02-01"/>
<!-- This is the globally unique identifier for this QRDA document -->
<id root="6d97e3f0-b79d-0137-1c4b-0800274d695b"/>
<!-- QRDA document type code -->
<code code="55182-0" codeSystem="2.16.840.1.113883.6.1" codeSystemName="LOINC" displayName="Quality Measure Report"/>
<title>QRDA Incidence Report</title>
<!-- This is the document creation time -->
<effectiveTime value="20190912151049"/>
<confidentialityCode code="N" codeSystem="2.16.840.1.113883.5.25"/>
<languageCode code="en"/>
<!-- reported patient -->
<recordTarget>
  <patientRole>
    <id extension="49d7bf67-f74d-4c41-ab19-0c4f961391ec_4" root="1.3.6.1.4.1.115" />
    <addr use="HP">
      <streetAddressLine>202 Burlington Rd.</streetAddressLine>
      <city>Bedford</city>
      <state>MA</state>
      <postalCode>01730</postalCode>
      <country>US</country>
    </addr>
    <telecom use="WP" value="tel:+1-781-271-3000"/>
    <patient>
      <name>
        <given>Curtis</given>
        <family>Lane</family>
      </name>
      <administrativeGenderCode code="M" codeSystem="2.16.840.1.113883.5.1" codeSystemName="HL7 AdministrativeGender"/>
      <birthTime value="20020313133000"/>
      <raceCode code="2076-8" codeSystemName="CDC Race and Ethnicity" codeSystem="2.16.840.1.113883.6.238"/>
      <ethnicGroupCode code="2135-2" codeSystemName="CDC Race and Ethnicity" codeSystem="2.16.840.1.113883.6.238"/>
      <languageCommunication>
        <templateId root="2.16.840.1.113883.3.88.11.83.2" assigningAuthorityName="HITSP/C83"/>
        <templateId root="1.3.6.1.4.1.19376.1.5.3.1.2.1" assigningAuthorityName="IHE/PCC"/>
        <languageCode code="eng"/>
      </languageCommunication>
    </patient>
  </patientRole>
</recordTarget><author>
  <time value="20190912151049"/>
  <assignedAuthor>
    <!-- NPI -->
      <id extension="1844614358" root="2.16.840.1.113883.4.6"/>
    <addr>
      <streetAddressLine>202 Burlington Rd.</streetAddressLine>
      <city>Bedford</city>
      <state>MA</state>
      <postalCode>01730</postalCode>
      <country>US</country>
    </addr>
    <telecom use="WP" value="tel:(781)271-3000"/>
    <assignedAuthoringDevice>
      <manufacturerModelName>Cypress</manufacturerModelName>
      <softwareName>Cypress</softwareName>
    </assignedAuthoringDevice>
  </assignedAuthor>
</author><custodian>
  <assignedCustodian>
    <representedCustodianOrganization>
        <id extension="224714" root="2.16.840.1.113883.4.336"/>
      <name>Cypress Test Deck</name>
      <telecom use="WP" value="tel:(781)271-3000"/>
        <addr use="HP">
          <streetAddressLine>828 Doyle Mills Walk</streetAddressLine>
          <city>Lake Humberto</city>
          <state>MO</state>
          <postalCode>65086</postalCode>
          <country>US</country>
        </addr>
    </representedCustodianOrganization>
  </assignedCustodian>
</custodian>
<legalAuthenticator>
  <time value="20190912151049"/>
  <signatureCode code="S"/>
  <assignedEntity>
    <id root="bc01a5d1-3a34-4286-82cc-43eb04c972a7"/>
    <addr>
      <streetAddressLine>202 Burlington Rd.</streetAddressLine>
      <city>Bedford</city>
      <state>MA</state>
      <postalCode>01730</postalCode>
      <country>US</country>
    </addr>
    <telecom use="WP" value="tel:(781)271-3000"/>
    <assignedPerson>
      <name>
        <given>Henry</given>
        <family>Seven</family>
      </name>
    </assignedPerson>
    <representedOrganization>
      <id root="2.16.840.1.113883.19.5"/>
      <name>Cypress</name>
    </representedOrganization>
  </assignedEntity>
</legalAuthenticator><participant typeCode="DEV">
  <associatedEntity classCode="RGPR">
    <!-- CMS EHR Certification Number (formerly known as Office of the 
        National Coordinator Certification Number) -->
    <id extension="123456789" root="2.16.840.1.113883.3.2074.1"/>
  </associatedEntity>
</participant><documentationOf typeCode="DOC">
  <serviceEvent classCode="PCPR">
    <!-- care provision -->
    <effectiveTime>
      <low nullFlavor="UNK"/>
      <high nullFlavor="UNK"/>
    </effectiveTime>
    <!-- You can include multiple performers, each with an NPI, TIN, CCN. -->
    <performer typeCode="PRF">
      <time>
        <low nullFlavor="UNK"/>
        <high nullFlavor="UNK"/>
      </time>
      <assignedEntity>
        <id extension="1844614358" root="2.16.840.1.113883.4.6"/>
          <id extension="224714" root="2.16.840.1.113883.4.336"/>
        <code code="207Q00000X" codeSystem="2.16.840.1.113883.6.101" codeSystemName="Healthcare Provider Taxonomy (HIPAA)"/>
        <addr use="HP">
          <streetAddressLine>828 Doyle Mills Walk</streetAddressLine>
          <city>Lake Humberto</city>
          <state>MO</state>
          <postalCode>65086</postalCode>
          <country>US</country>
        </addr>
        <assignedPerson>
          <name>
            <given>Stephen</given>
            <family>Lambert</family>
          </name>
        </assignedPerson>
        <representedOrganization>
          <id extension="810857900" root="2.16.840.1.113883.4.2"/>
          <addr use="HP">
            <streetAddressLine>828 Doyle Mills Walk</streetAddressLine>
            <city>Lake Humberto</city>
            <state>MO</state>
            <postalCode>65086</postalCode>
            <country>US</country>
          </addr>
        </representedOrganization>
      </assignedEntity>
    </performer>
  </serviceEvent>
</documentationOf>
<component>
  <structuredBody>
    <component>
      <section>
        <!-- 
          *****************************************************************
          Measure Section
          *****************************************************************
        -->
        <!-- This is the templateId for Measure Section -->
        <templateId root="2.16.840.1.113883.10.20.24.2.2"/>
        <!-- This is the templateId for Measure Section QDM -->
        <templateId root="2.16.840.1.113883.10.20.24.2.3"/>
        <!-- This is the LOINC code for "Measure document". This stays the same for all measure section required by QRDA standard -->
        <code code="55186-1" codeSystem="2.16.840.1.113883.6.1"/>
        <title>Measure Section</title>
        <text>
          <table border="1" width="100%">
            <thead>
              <tr>
                <th>eMeasure Title</th>
                <th>Version specific identifier</th>
              </tr>
            </thead>
            <tbody>
              <tr>
                <td>The percentage of adolescent patients 12 to 17 years of age and adult patients 18 years of age or older with major depression or dysthymia who reached remission 12 months (+/- 60 days) after an index event.</td>
                <td>40280382-6258-7581-0162-626F31A0009E</td>
                <td/>
              </tr>
            </tbody>
          </table>
        </text>
        <!-- 1..* Organizers, each containing a reference to an eMeasure -->
        <entry>
          <organizer classCode="CLUSTER" moodCode="EVN">
            <!-- This is the templateId for Measure Reference -->
            <templateId root="2.16.840.1.113883.10.20.24.3.98"/>
            <!-- This is the templateId for eMeasure Reference QDM -->
            <templateId root="2.16.840.1.113883.10.20.24.3.97"/>
            <id extension="6d9be8d0-b79d-0137-1c4b-0800274d695b" root="1.3.6.1.4.1.115"/>
            <statusCode code="completed"/>
            <!-- Containing isBranch external references -->
            <reference typeCode="REFR">
              <externalDocument classCode="DOC" moodCode="EVN">
                <!-- SHALL: This is the version specific identifier for eMeasure: QualityMeasureDocument/id it is a GUID-->
                <id extension="40280382-6258-7581-0162-626F31A0009E" root="2.16.840.1.113883.4.738"/>
                <!-- SHOULD This is the title of the eMeasure -->
                <text>The percentage of adolescent patients 12 to 17 years of age and adult patients 18 years of age or older with major depression or dysthymia who reached remission 12 months (+/- 60 days) after an index event.</text>
                <!-- SHOULD: setId is the eMeasure version neutral id  -->
                <setId root="8455CD3E-DBB9-4E0C-8084-3ECE4068FE94"/>
              </externalDocument>
            </reference>
          </organizer>
        </entry>
      </section>
    </component>    <component>
      <section>
        <!-- This is the templateId for Reporting Parameters section -->
        <templateId root="2.16.840.1.113883.10.20.17.2.1"/>
        <templateId extension="2016-03-01" root="2.16.840.1.113883.10.20.17.2.1.1"/>
        <code code="55187-9" codeSystem="2.16.840.1.113883.6.1"/>
        <title>Reporting Parameters</title>
        <text></text>
        <entry typeCode="DRIV">
          <act classCode="ACT" moodCode="EVN">
            <!-- This is the templateId for Reporting Parameteres Act -->
            <templateId root="2.16.840.1.113883.10.20.17.3.8"/>
            <templateId extension="2016-03-01" root="2.16.840.1.113883.10.20.17.3.8.1"/>
            <id extension="6d9c0270-b79d-0137-1c4b-0800274d695b" root="1.3.6.1.4.1.115"/>
            <code code="252116004" codeSystem="2.16.840.1.113883.6.96" displayName="Observation Parameters"/>
            <effectiveTime>
              <low value="20190101000000"/>
              <high value="20191231235959"/>
            </effectiveTime>
          </act>
        </entry>
      </section>
    </component>    <component>
        <section>
          <!-- This is the templateId for Patient Data section -->
          <templateId root="2.16.840.1.113883.10.20.17.2.4"/>
          <!-- This is the templateId for Patient Data QDM section -->
          <templateId extension="2017-08-01" root="2.16.840.1.113883.10.20.24.2.1"/>
          <templateId extension="2018-02-01" root="2.16.840.1.113883.10.20.24.2.1.1"/>
          <code code="55188-7" codeSystem="2.16.840.1.113883.6.1"/>
          <title>Patient Data</title>
          <text/>



            <entry>
              <observation classCode="OBS" moodCode="EVN" >
                <!-- Assessment Performed -->
                <templateId root="2.16.840.1.113883.10.20.24.3.144" extension="2017-08-01" />
                <id root="1.3.6.1.4.1.115" extension="5d7a5ff663623903aa159b1b"/>
                  <code code="44261-6" codeSystem="2.16.840.1.113883.6.1" codeSystemName="LOINC"/>
                <text>Assessment, Performed: Patient Health Questionnaire 9 item (PHQ-9) total score [Reported]</text>
                <statusCode code="completed"/>
                <value xsi:type="PQ" value="10" unit="1"/>
                <author>
                  <templateId root="2.16.840.1.113883.10.20.24.3.155" extension="2017-08-01"/>
                  <time value='20181021083000'/>
                  <assignedAuthor>
                      <id nullFlavor="NA"/>
                  </assignedAuthor>
                </author>              </observation>
            </entry>



            <entry>
              <act classCode="ACT" moodCode="EVN">
                <!-- Conforms to C-CDA 2.1 Problem Concern Act (V3) -->
                <templateId root="2.16.840.1.113883.10.20.22.4.3" extension="2015-08-01" />
                <!-- Diagnosis Concern Act -->
                <templateId root="2.16.840.1.113883.10.20.24.3.137" extension="2017-08-01"/>
                <id root="1.3.6.1.4.1.115" extension="5d7a5ff663623903aa159b1d"/>
                <code code="CONC" codeSystem="2.16.840.1.113883.5.6" displayName="Concern" />
                <statusCode code="completed" />
                <effectiveTime><low value='20181021080000'/><high nullFlavor='UNK'/></effectiveTime>
                <entryRelationship typeCode="SUBJ">
                  <observation classCode="OBS" moodCode="EVN">
                    <!-- Conforms to C-CDA R2.1 Problem Observation (V3) -->
                    <templateId root="2.16.840.1.113883.10.20.22.4.4" extension="2015-08-01" />
                    <!-- Diagnosis template -->
                    <templateId root="2.16.840.1.113883.10.20.24.3.135" extension="2017-08-01" />
                    <id root="1.3.6.1.4.1.115" extension="5d7a5ff663623903aa159b1d"/>
                    <code code="29308-4" codeSystem="2.16.840.1.113883.6.1">
                      <translation code="282291009" codeSystem="2.16.840.1.113883.6.96"/>
                    </code>
                    <statusCode code="completed" />
                    <effectiveTime><low value='20181021080000'/><high nullFlavor='UNK'/></effectiveTime>
                      <value xsi:type="CD" code="14183003" codeSystem="2.16.840.1.113883.6.96" codeSystemName="SNOMED-CT">
                      <translation code="F32.0" codeSystem="2.16.840.1.113883.6.90" codeSystemName="ICD-10-CM"/>
                      </value>
                  </observation>
                </entryRelationship>
              </act>
            </entry>
            <entry>
              <act classCode="ACT" moodCode="EVN">
                <!-- Conforms to C-CDA 2.1 Problem Concern Act (V3) -->
                <templateId root="2.16.840.1.113883.10.20.22.4.3" extension="2015-08-01" />
                <!-- Diagnosis Concern Act -->
                <templateId root="2.16.840.1.113883.10.20.24.3.137" extension="2017-08-01"/>
                <id root="1.3.6.1.4.1.115" extension="5d7a5ff663623903aa159b1f"/>
                <code code="CONC" codeSystem="2.16.840.1.113883.5.6" displayName="Concern" />
                <statusCode code="completed" />
                <effectiveTime><low value='20181021080000'/><high nullFlavor='UNK'/></effectiveTime>
                <entryRelationship typeCode="SUBJ">
                  <observation classCode="OBS" moodCode="EVN">
                    <!-- Conforms to C-CDA R2.1 Problem Observation (V3) -->
                    <templateId root="2.16.840.1.113883.10.20.22.4.4" extension="2015-08-01" />
                    <!-- Diagnosis template -->
                    <templateId root="2.16.840.1.113883.10.20.24.3.135" extension="2017-08-01" />
                    <id root="1.3.6.1.4.1.115" extension="5d7a5ff663623903aa159b1f"/>
                    <code code="29308-4" codeSystem="2.16.840.1.113883.6.1">
                      <translation code="282291009" codeSystem="2.16.840.1.113883.6.96"/>
                    </code>
                    <statusCode code="completed" />
                    <effectiveTime><low value='20181021080000'/><high nullFlavor='UNK'/></effectiveTime>
                      <value xsi:type="CD" code="20010003" codeSystem="2.16.840.1.113883.6.96" codeSystemName="SNOMED-CT">
                      <translation code="301.83" codeSystem="2.16.840.1.113883.6.103" codeSystemName="ICD-9-CM"/><translation code="F60.3" codeSystem="2.16.840.1.113883.6.90" codeSystemName="ICD-10-CM"/>
                      </value>
                  </observation>
                </entryRelationship>
              </act>
            </entry>






            <entry>
              <act classCode="ACT" moodCode="EVN">
                <!--Encounter performed Act -->
                <templateId extension="2017-08-01" root="2.16.840.1.113883.10.20.24.3.133"/>
                <code code="ENC" codeSystem="2.16.840.1.113883.5.6" codeSystemName="ActClass" displayName="Encounter"/>
                <entryRelationship typeCode="SUBJ">
                  <encounter classCode="ENC" moodCode="EVN">
                    <!--  Encounter activities template -->
                    <templateId extension="2015-08-01" root="2.16.840.1.113883.10.20.22.4.49"/>
                    <!-- Encounter performed template -->
                    <templateId extension="2017-08-01" root="2.16.840.1.113883.10.20.24.3.23"/>
                    <id extension="5d7a5ff663623903aa159b23" root="1.3.6.1.4.1.115"/>
                      <code code="90837" codeSystem="2.16.840.1.113883.6.12" codeSystemName="CPT"/>
                    <text>Encounter, Performed: Contact or Office Visit</text>
                    <statusCode code="completed"/>
                    <effectiveTime><low value='20181021080000'/><high value='20181021090000'/></effectiveTime>
                    <author>
                      <templateId root="2.16.840.1.113883.10.20.24.3.155" extension="2017-08-01"/>
                      <time value='20181021080000'/>
                      <assignedAuthor>
                          <id nullFlavor="NA"/>
                      </assignedAuthor>
                    </author>                  </encounter>
                </entryRelationship>
              </act>
            </entry>            <entry>
              <act classCode="ACT" moodCode="EVN">
                <!--Encounter performed Act -->
                <templateId extension="2017-08-01" root="2.16.840.1.113883.10.20.24.3.133"/>
                <code code="ENC" codeSystem="2.16.840.1.113883.5.6" codeSystemName="ActClass" displayName="Encounter"/>
                <entryRelationship typeCode="SUBJ">
                  <encounter classCode="ENC" moodCode="EVN">
                    <!--  Encounter activities template -->
                    <templateId extension="2015-08-01" root="2.16.840.1.113883.10.20.22.4.49"/>
                    <!-- Encounter performed template -->
                    <templateId extension="2017-08-01" root="2.16.840.1.113883.10.20.24.3.23"/>
                    <id extension="5d7a5ff663623903aa159b27" root="1.3.6.1.4.1.115"/>
                      <code code="99213" codeSystem="2.16.840.1.113883.6.12" codeSystemName="CPT"/>
                    <text>Encounter, Performed: Contact or Office Visit</text>
                    <statusCode code="completed"/>
                    <effectiveTime><low value='20190721100000'/><high value='20190721110000'/></effectiveTime>
                    <author>
                      <templateId root="2.16.840.1.113883.10.20.24.3.155" extension="2017-08-01"/>
                      <time value='20190721100000'/>
                      <assignedAuthor>
                          <id nullFlavor="NA"/>
                      </assignedAuthor>
                    </author>                      <entryRelationship typeCode="REFR">
                        <observation classCode="OBS" moodCode="EVN">
                            <templateId root="2.16.840.1.113883.10.20.24.3.152" extension="2017-08-01"/>
                            <id root="6da02d40-b79d-0137-1c4b-0800274d695b"/>
                            <code code="8319008" codeSystem="2.16.840.1.113883.6.96" displayName="Principal Diagnosis" codeSystemName="SNOMED"/>
                            <value code="10811121000119102" codeSystem="2.16.840.1.113883.6.96" codeSystemName="SNOMED-CT" xsi:type="CD"/>
                        </observation>
                      </entryRelationship>                      <entryRelationship typeCode="REFR">
                        <act classCode="ACT" moodCode="EVN">
                          <templateId extension="2015-08-01" root="2.16.840.1.113883.10.20.22.4.80"/>
                          <code code="29308-4" codeSystem="2.16.840.1.113883.6.1" codeSystemName="LOINC" displayName="Diagnosis"/>
                          <entryRelationship typeCode="SUBJ">
                            <observation classCode="OBS" moodCode="EVN">
                              <!--  Problem observation template -->
                              <templateId extension="2015-08-01" root="2.16.840.1.113883.10.20.22.4.4"/>
                              <id root="6da04660-b79d-0137-1c4b-0800274d695b"/>
                              <code code="29308-4" codeSystem="2.16.840.1.113883.6.1">
                                <translation code="282291009" codeSystem="2.16.840.1.113883.6.96"/>
                              </code>
                              <statusCode code="completed"/>
                              <effectiveTime><low value='20190721100000'/><high value='20190721110000'/></effectiveTime>
                              <value code="10811121000119102" codeSystem="2.16.840.1.113883.6.96" codeSystemName="SNOMED-CT" xsi:type="CD"/>
                            </observation>
                          </entryRelationship>
                        </act>
                      </entryRelationship>                  </encounter>
                </entryRelationship>
              </act>
            </entry>

            <entry>
              <act classCode="ACT" moodCode="RQO" >
                <!-- Plan of Care Activity Act template -->
                <templateId root="2.16.840.1.113883.10.20.22.4.39" extension="2014-06-09"/>
                <!-- Intervention Order template -->
                <templateId root="2.16.840.1.113883.10.20.24.3.31" extension="2017-08-01"/>
                <id root="1.3.6.1.4.1.115" extension="5d7a5ff663623903aa159b29"/>
                  <code code="385763009" codeSystem="2.16.840.1.113883.6.96" codeSystemName="SNOMED-CT"/>
                <text>Intervention, Order: Palliative Care</text>
                <statusCode code="active"/>
                <author>
                  <templateId root="2.16.840.1.113883.10.20.24.3.155" extension="2017-08-01"/>
                  <time value='20190716174500'/>
                  <assignedAuthor>
                      <id nullFlavor="NA"/>
                  </assignedAuthor>
                </author>              </act>
            </entry>








            <entry>
              <observation classCode="OBS" moodCode="EVN">
                <!-- C-CDA R2.1 Deceased Observation (V3) templateId -->
                <templateId root="2.16.840.1.113883.10.20.22.4.79" extension="2015-08-01" />
                <!-- Patient Characteristic Expired (V3) -->
                <templateId root="2.16.840.1.113883.10.20.24.3.54" extension="2016-02-01" />
                <id root="1.3.6.1.4.1.115" extension="5d7a5ff663623903aa159b2f"/>
                <code code="ASSERTION" codeSystem="2.16.840.1.113883.5.4" codeSystemName="HL7ActCode" />
                <statusCode code="completed" />
                <!-- QDM Attributes: Date and Time  -->
                <effectiveTime><low value='20190802080000'/></effectiveTime>
                <value xsi:type="CD" code="419099009" codeSystem="2.16.840.1.113883.6.96" codeSystemName="SNOMED CT" displayName="Dead" />
              </observation>
            </entry>




            <entry>
              <!-- Patient Characteristic Payer -->
              <observation classCode="OBS" moodCode="EVN">
                <templateId root="2.16.840.1.113883.10.20.24.3.55"/>
                <id root="6da28d30-b79d-0137-1c4b-0800274d695b"/> 
                <code code="48768-6" codeSystemName="LOINC" codeSystem="2.16.840.1.113883.6.1" displayName="Payment source"/> 
                <statusCode code="completed"/>
                <effectiveTime><low value='19700101003322'/><high nullFlavor='UNK'/></effectiveTime>
                <value xsi:type="CD" code="2" codeSystem="2.16.840.1.113883.3.221.5" codeSystemName="SOP" sdtc:valueSet="2.16.840.1.114222.4.11.3591"/>
              </observation>            
            </entry>
        </section>
      </component>
    </structuredBody>
  </component>
</ClinicalDocument>