<?xml version="1.0" encoding="utf-8"?>
<ClinicalDocument xmlns:xsi="http://www.w3.org/2001/XMLSchema-instance" xmlns="urn:hl7-org:v3" xmlns:voc="urn:hl7-org:v3/voc" xmlns:sdtc="urn:hl7-org:sdtc">

<!-- QRDA Header -->
<realmCode code="US"/>
<typeId root="2.16.840.1.113883.1.3" extension="POCD_HD000040"/>
<!-- US Realm Header Template Id -->
<templateId root="2.16.840.1.113883.10.20.22.1.1" extension="2015-08-01"/>
<!-- QRDA templateId -->
<templateId root="2.16.840.1.113883.10.20.24.1.1" extension="2017-08-01"/>
<!-- QDM-based QRDA templateId -->
<templateId root="2.16.840.1.113883.10.20.24.1.2" extension="2017-08-01"/>
<!-- CMS QRDA templateId -->
<templateId root="2.16.840.1.113883.10.20.24.1.3" extension="2018-02-01"/>
<!-- This is the globally unique identifier for this QRDA document -->
<id root="ac7d4e60-41b4-0137-a34b-080027495961"/>
<!-- QRDA document type code -->
<code code="55182-0" codeSystem="2.16.840.1.113883.6.1" codeSystemName="LOINC" displayName="Quality Measure Report"/>
<title>QRDA Incidence Report</title>
<!-- This is the document creation time -->
<effectiveTime value="20190415135956"/>
<confidentialityCode code="N" codeSystem="2.16.840.1.113883.5.25"/>
<languageCode code="en"/>
<!-- reported patient -->
<recordTarget>
  <patientRole>
    <id extension="cd85cea1-6b61-4852-980c-bce276d00a34_16" root="1.3.6.1.4.1.115" />
    <addr use="HP">
      <streetAddressLine>202 Burlington Rd.</streetAddressLine>
      <city>Bedford</city>
      <state>MA</state>
      <postalCode>01730</postalCode>
      <country>US</country>
    </addr>
    <telecom use="WP" value="tel:+1-781-271-3000"/>
    <patient>
      <name>
        <given>George</given>
        <family>Soto</family>
      </name>
      <administrativeGenderCode code="M" codeSystem="2.16.840.1.113883.5.1" codeSystemName="HL7 AdministrativeGender"/>
      <birthTime value="19580605151852"/>
      <raceCode code="2076-8" codeSystemName="CDC Race and Ethnicity" codeSystem="2.16.840.1.113883.6.238"/>
      <ethnicGroupCode code="2186-5" codeSystemName="CDC Race and Ethnicity" codeSystem="2.16.840.1.113883.6.238"/>
      <languageCommunication>
        <templateId root="2.16.840.1.113883.3.88.11.83.2" assigningAuthorityName="HITSP/C83"/>
        <templateId root="1.3.6.1.4.1.19376.1.5.3.1.2.1" assigningAuthorityName="IHE/PCC"/>
        <languageCode code="eng"/>
      </languageCommunication>
    </patient>
  </patientRole>
</recordTarget><author>
  <time value="20190415135956"/>
  <assignedAuthor>
    <!-- NPI -->
      <id extension="1017235825" root="2.16.840.1.113883.4.6"/>
    <addr>
      <streetAddressLine>202 Burlington Rd.</streetAddressLine>
      <city>Bedford</city>
      <state>MA</state>
      <postalCode>01730</postalCode>
      <country>US</country>
    </addr>
    <telecom use="WP" value="tel:(781)271-3000"/>
    <assignedAuthoringDevice>
      <manufacturerModelName>Cypress</manufacturerModelName>
      <softwareName>Cypress</softwareName>
    </assignedAuthoringDevice>
  </assignedAuthor>
</author><custodian>
  <assignedCustodian>
    <representedCustodianOrganization>
        <id extension="201372" root="2.16.840.1.113883.4.336"/>
      <name>Cypress Test Deck</name>
      <telecom use="WP" value="tel:(781)271-3000"/>
        <addr use="HP">
          <streetAddressLine>8811 Elody Cape Union</streetAddressLine>
          <city>South Frida</city>
          <state>MN</state>
          <postalCode>55542</postalCode>
          <country>US</country>
        </addr>
    </representedCustodianOrganization>
  </assignedCustodian>
</custodian>
<legalAuthenticator>
  <time value="20190415135956"/>
  <signatureCode code="S"/>
  <assignedEntity>
    <id root="bc01a5d1-3a34-4286-82cc-43eb04c972a7"/>
    <addr>
      <streetAddressLine>202 Burlington Rd.</streetAddressLine>
      <city>Bedford</city>
      <state>MA</state>
      <postalCode>01730</postalCode>
      <country>US</country>
    </addr>
    <telecom use="WP" value="tel:(781)271-3000"/>
    <assignedPerson>
      <name>
        <given>Henry</given>
        <family>Seven</family>
      </name>
    </assignedPerson>
    <representedOrganization>
      <id root="2.16.840.1.113883.19.5"/>
      <name>Cypress</name>
    </representedOrganization>
  </assignedEntity>
</legalAuthenticator><participant typeCode="DEV">
  <associatedEntity classCode="RGPR">
    <!-- CMS EHR Certification Number (formerly known as Office of the 
        National Coordinator Certification Number) -->
    <id extension="123456789" root="2.16.840.1.113883.3.2074.1"/>
  </associatedEntity>
</participant><documentationOf typeCode="DOC">
  <serviceEvent classCode="PCPR">
    <!-- care provision -->
    <effectiveTime>
      <low nullFlavor="UNK"/>
      <high nullFlavor="UNK"/>
    </effectiveTime>
    <!-- You can include multiple performers, each with an NPI, TIN, CCN. -->
    <performer typeCode="PRF">
      <time>
        <low nullFlavor="UNK"/>
        <high nullFlavor="UNK"/>
      </time>
      <assignedEntity>
        <id extension="1017235825" root="2.16.840.1.113883.4.6"/>
          <id extension="201372" root="2.16.840.1.113883.4.336"/>
        <code code="207Q00000X" codeSystem="2.16.840.1.113883.6.101" codeSystemName="Healthcare Provider Taxonomy (HIPAA)"/>
        <addr use="HP">
          <streetAddressLine>8811 Elody Cape Union</streetAddressLine>
          <city>South Frida</city>
          <state>MN</state>
          <postalCode>55542</postalCode>
          <country>US</country>
        </addr>
        <assignedPerson>
          <name>
            <given>Kurt</given>
            <family>Mckenzie</family>
          </name>
        </assignedPerson>
        <representedOrganization>
          <id extension="296451129" root="2.16.840.1.113883.4.2"/>
          <addr use="HP">
            <streetAddressLine>8811 Elody Cape Union</streetAddressLine>
            <city>South Frida</city>
            <state>MN</state>
            <postalCode>55542</postalCode>
            <country>US</country>
          </addr>
        </representedOrganization>
      </assignedEntity>
    </performer>
  </serviceEvent>
</documentationOf>
<component>
  <structuredBody>
    <component>
      <section>
        <!-- 
          *****************************************************************
          Measure Section
          *****************************************************************
        -->
        <!-- This is the templateId for Measure Section -->
        <templateId root="2.16.840.1.113883.10.20.24.2.2"/>
        <!-- This is the templateId for Measure Section QDM -->
        <templateId root="2.16.840.1.113883.10.20.24.2.3"/>
        <!-- This is the LOINC code for "Measure document". This stays the same for all measure section required by QRDA standard -->
        <code code="55186-1" codeSystem="2.16.840.1.113883.6.1"/>
        <title>Measure Section</title>
        <text>
          <table border="1" width="100%">
            <thead>
              <tr>
                <th>eMeasure Title</th>
                <th>Version specific identifier</th>
              </tr>
            </thead>
            <tbody>
              <tr>
                <td>Percentage of patients aged 18 years and older with a diagnosis of diabetic retinopathy who had a dilated macular or fundus exam performed which included documentation of the level of severity of retinopathy and the presence or absence of macular edema during one or more office visits within 12 months</td>
                <td>40280382-6240-B6B9-0162-549464D50CAB</td>
                <td/>
              </tr>
            </tbody>
          </table>
        </text>
        <!-- 1..* Organizers, each containing a reference to an eMeasure -->
        <entry>
          <organizer classCode="CLUSTER" moodCode="EVN">
            <!-- This is the templateId for Measure Reference -->
            <templateId root="2.16.840.1.113883.10.20.24.3.98"/>
            <!-- This is the templateId for eMeasure Reference QDM -->
            <templateId root="2.16.840.1.113883.10.20.24.3.97"/>
            <id extension="ac814640-41b4-0137-a34b-080027495961" root="1.3.6.1.4.1.115"/>
            <statusCode code="completed"/>
            <!-- Containing isBranch external references -->
            <reference typeCode="REFR">
              <externalDocument classCode="DOC" moodCode="EVN">
                <!-- SHALL: This is the version specific identifier for eMeasure: QualityMeasureDocument/id it is a GUID-->
                <id extension="40280382-6240-B6B9-0162-549464D50CAB" root="2.16.840.1.113883.4.738"/>
                <!-- SHOULD This is the title of the eMeasure -->
                <text>Percentage of patients aged 18 years and older with a diagnosis of diabetic retinopathy who had a dilated macular or fundus exam performed which included documentation of the level of severity of retinopathy and the presence or absence of macular edema during one or more office visits within 12 months</text>
                <!-- SHOULD: setId is the eMeasure version neutral id  -->
                <setId root="50164228-9D64-4EFC-AF67-DA0547FF61F1"/>
              </externalDocument>
            </reference>
          </organizer>
        </entry>
      </section>
    </component>    <component>
      <section>
        <!-- This is the templateId for Reporting Parameters section -->
        <templateId root="2.16.840.1.113883.10.20.17.2.1"/>
        <templateId extension="2016-03-01" root="2.16.840.1.113883.10.20.17.2.1.1"/>
        <code code="55187-9" codeSystem="2.16.840.1.113883.6.1"/>
        <title>Reporting Parameters</title>
        <text></text>
        <entry typeCode="DRIV">
          <act classCode="ACT" moodCode="EVN">
            <!-- This is the templateId for Reporting Parameteres Act -->
            <templateId root="2.16.840.1.113883.10.20.17.3.8"/>
            <templateId extension="2016-03-01" root="2.16.840.1.113883.10.20.17.3.8.1"/>
            <id extension="ac816020-41b4-0137-a34b-080027495961" root="1.3.6.1.4.1.115"/>
            <code code="252116004" codeSystem="2.16.840.1.113883.6.96" displayName="Observation Parameters"/>
            <effectiveTime>
              <low value="20190101000000"/>
              <high value="20191231235959"/>
            </effectiveTime>
          </act>
        </entry>
      </section>
    </component>    <component>
        <section>
          <!-- This is the templateId for Patient Data section -->
          <templateId root="2.16.840.1.113883.10.20.17.2.4"/>
          <!-- This is the templateId for Patient Data QDM section -->
          <templateId extension="2017-08-01" root="2.16.840.1.113883.10.20.24.2.1"/>
          <templateId extension="2018-02-01" root="2.16.840.1.113883.10.20.24.2.1.1"/>
          <code code="55188-7" codeSystem="2.16.840.1.113883.6.1"/>
          <title>Patient Data</title>
          <text/>













            <entry>
              <act classCode="ACT" moodCode="EVN">
                <!--Encounter performed Act -->
                <templateId extension="2017-08-01" root="2.16.840.1.113883.10.20.24.3.133"/>
                <code code="ENC" codeSystem="2.16.840.1.113883.5.6" codeSystemName="ActClass" displayName="Encounter"/>
                <entryRelationship typeCode="SUBJ">
                  <encounter classCode="ENC" moodCode="EVN">
                    <!--  Encounter activities template -->
                    <templateId extension="2015-08-01" root="2.16.840.1.113883.10.20.22.4.49"/>
                    <!-- Encounter performed template -->
                    <templateId extension="2017-08-01" root="2.16.840.1.113883.10.20.24.3.23"/>
                    <id extension="5cb48e52636239096d3b723b" root="1.3.6.1.4.1.115"/>
                      <code code="4525004" codeSystem="2.16.840.1.113883.6.96" codeSystemName="SNOMED-CT"/>
                    <text>Encounter, Performed: Emergency Department Visit</text>
                    <statusCode code="completed"/>
                    <effectiveTime><low value='20190429004852'/><high value='20190429071852'/></effectiveTime>
                    <author>
                      <templateId root="2.16.840.1.113883.10.20.24.3.155" extension="2017-08-01"/>
                      <time value='20190429004852'/>
                      <assignedAuthor>
                          <id nullFlavor="NA"/>
                      </assignedAuthor>
                    </author>                      <participant typeCode="LOC">
                        <!-- Facility Location template -->
                        <templateId extension="2017-08-01" root="2.16.840.1.113883.10.20.24.3.100"/>
                        <time>
                          <low value='20190429004852'/><high value='20190429071852'/>
                        </time>
                        <participantRole classCode="SDLOC">
                          <code code="4525004" codeSystem="2.16.840.1.113883.6.96" codeSystemName="SNOMED-CT"/>
                          <telecom nullFlavor="UNK"/>
                          <playingEntity classCode="PLC">
                            <name/>
                          </playingEntity>
                        </participantRole>
                      </participant>                  </encounter>
                </entryRelationship>
              </act>
            </entry>            <entry>
              <act classCode="ACT" moodCode="EVN">
                <!--Encounter performed Act -->
                <templateId extension="2017-08-01" root="2.16.840.1.113883.10.20.24.3.133"/>
                <code code="ENC" codeSystem="2.16.840.1.113883.5.6" codeSystemName="ActClass" displayName="Encounter"/>
                <entryRelationship typeCode="SUBJ">
                  <encounter classCode="ENC" moodCode="EVN">
                    <!--  Encounter activities template -->
                    <templateId extension="2015-08-01" root="2.16.840.1.113883.10.20.22.4.49"/>
                    <!-- Encounter performed template -->
                    <templateId extension="2017-08-01" root="2.16.840.1.113883.10.20.24.3.23"/>
                    <id extension="5cb48e52636239096d3b723d" root="1.3.6.1.4.1.115"/>
                      <code code="32485007" codeSystem="2.16.840.1.113883.6.96" codeSystemName="SNOMED-CT"/>
                    <text>Encounter, Performed: Encounter Inpatient</text>
                    <statusCode code="completed"/>
                    <effectiveTime><low value='20190429071852'/><high value='20190505100352'/></effectiveTime>
                    <author>
                      <templateId root="2.16.840.1.113883.10.20.24.3.155" extension="2017-08-01"/>
                      <time value='20190429071852'/>
                      <assignedAuthor>
                          <id nullFlavor="NA"/>
                      </assignedAuthor>
                    </author>                      <participant typeCode="LOC">
                        <!-- Facility Location template -->
                        <templateId extension="2017-08-01" root="2.16.840.1.113883.10.20.24.3.100"/>
                        <time>
                          <low value='20190429071852'/><high value='20190501100352'/>
                        </time>
                        <participantRole classCode="SDLOC">
                          <code code="309904001" codeSystem="2.16.840.1.113883.6.96" codeSystemName="SNOMED-CT"/>
                          <telecom nullFlavor="UNK"/>
                          <playingEntity classCode="PLC">
                            <name/>
                          </playingEntity>
                        </participantRole>
                      </participant>                  </encounter>
                </entryRelationship>
              </act>
            </entry>














            <entry>
              <!-- Patient Characteristic Payer -->
              <observation classCode="OBS" moodCode="EVN">
                <templateId root="2.16.840.1.113883.10.20.24.3.55"/>
                <id root="ac8456f0-41b4-0137-a34b-080027495961"/> 
                <code code="48768-6" codeSystemName="LOINC" codeSystem="2.16.840.1.113883.6.1" displayName="Payment source"/> 
                <statusCode code="completed"/>
                <effectiveTime><low value='19700101003238'/><high nullFlavor='UNK'/></effectiveTime>
                <value xsi:type="CD" code="2" codeSystem="2.16.840.1.113883.3.221.5" codeSystemName="SOP" sdtc:valueSet="2.16.840.1.114222.4.11.3591"/>
              </observation>            
            </entry>
        </section>
      </component>
    </structuredBody>
  </component>
</ClinicalDocument>