<?xml version="1.0" encoding="utf-8"?>
<ClinicalDocument xmlns:xsi="http://www.w3.org/2001/XMLSchema-instance" xmlns="urn:hl7-org:v3" xmlns:voc="urn:hl7-org:v3/voc" xmlns:sdtc="urn:hl7-org:sdtc">

<!-- QRDA Header -->
<realmCode code="US"/>
<typeId root="2.16.840.1.113883.1.3" extension="POCD_HD000040"/>
<!-- US Realm Header Template Id -->
<templateId root="2.16.840.1.113883.10.20.22.1.1" extension="2015-08-01"/>
<!-- QRDA templateId -->
<templateId root="2.16.840.1.113883.10.20.24.1.1" extension="2017-08-01"/>
<!-- QDM-based QRDA templateId -->
<templateId root="2.16.840.1.113883.10.20.24.1.2" extension="2017-08-01"/>
<!-- CMS QRDA templateId -->
<templateId root="2.16.840.1.113883.10.20.24.1.3" extension="2018-02-01"/>
<!-- This is the globally unique identifier for this QRDA document -->
<id root="4c967020-41b4-0137-a34d-080027495961"/>
<!-- QRDA document type code -->
<code code="55182-0" codeSystem="2.16.840.1.113883.6.1" codeSystemName="LOINC" displayName="Quality Measure Report"/>
<title>QRDA Incidence Report</title>
<!-- This is the document creation time -->
<effectiveTime value="20190415135715"/>
<confidentialityCode code="N" codeSystem="2.16.840.1.113883.5.25"/>
<languageCode code="en"/>
<!-- reported patient -->
<recordTarget>
  <patientRole>
    <id extension="37ea2b98-3301-464d-929e-038518505bd4_7" root="1.3.6.1.4.1.115" />
    <addr use="HP">
      <streetAddressLine>202 Burlington Rd.</streetAddressLine>
      <city>Bedford</city>
      <state>MA</state>
      <postalCode>01730</postalCode>
      <country>US</country>
    </addr>
    <telecom use="WP" value="tel:+1-781-271-3000"/>
    <patient>
      <name>
        <given>Frederick</given>
        <family>Joseph</family>
      </name>
      <administrativeGenderCode code="M" codeSystem="2.16.840.1.113883.5.1" codeSystemName="HL7 AdministrativeGender"/>
      <birthTime value="19460702153000"/>
      <raceCode code="2076-8" codeSystemName="CDC Race and Ethnicity" codeSystem="2.16.840.1.113883.6.238"/>
      <ethnicGroupCode code="2135-2" codeSystemName="CDC Race and Ethnicity" codeSystem="2.16.840.1.113883.6.238"/>
      <languageCommunication>
        <templateId root="2.16.840.1.113883.3.88.11.83.2" assigningAuthorityName="HITSP/C83"/>
        <templateId root="1.3.6.1.4.1.19376.1.5.3.1.2.1" assigningAuthorityName="IHE/PCC"/>
        <languageCode code="eng"/>
      </languageCommunication>
    </patient>
  </patientRole>
</recordTarget><author>
  <time value="20190415135715"/>
  <assignedAuthor>
    <!-- NPI -->
      <id extension="1072560703" root="2.16.840.1.113883.4.6"/>
    <addr>
      <streetAddressLine>202 Burlington Rd.</streetAddressLine>
      <city>Bedford</city>
      <state>MA</state>
      <postalCode>01730</postalCode>
      <country>US</country>
    </addr>
    <telecom use="WP" value="tel:(781)271-3000"/>
    <assignedAuthoringDevice>
      <manufacturerModelName>Cypress</manufacturerModelName>
      <softwareName>Cypress</softwareName>
    </assignedAuthoringDevice>
  </assignedAuthor>
</author><custodian>
  <assignedCustodian>
    <representedCustodianOrganization>
        <id extension="217742" root="2.16.840.1.113883.4.336"/>
      <name>Cypress Test Deck</name>
      <telecom use="WP" value="tel:(781)271-3000"/>
        <addr use="HP">
          <streetAddressLine>7471 Greenfelder Overpass Trace</streetAddressLine>
          <city>East Pedro</city>
          <state>DE</state>
          <postalCode>19839</postalCode>
          <country>US</country>
        </addr>
    </representedCustodianOrganization>
  </assignedCustodian>
</custodian>
<legalAuthenticator>
  <time value="20190415135715"/>
  <signatureCode code="S"/>
  <assignedEntity>
    <id root="bc01a5d1-3a34-4286-82cc-43eb04c972a7"/>
    <addr>
      <streetAddressLine>202 Burlington Rd.</streetAddressLine>
      <city>Bedford</city>
      <state>MA</state>
      <postalCode>01730</postalCode>
      <country>US</country>
    </addr>
    <telecom use="WP" value="tel:(781)271-3000"/>
    <assignedPerson>
      <name>
        <given>Henry</given>
        <family>Seven</family>
      </name>
    </assignedPerson>
    <representedOrganization>
      <id root="2.16.840.1.113883.19.5"/>
      <name>Cypress</name>
    </representedOrganization>
  </assignedEntity>
</legalAuthenticator><participant typeCode="DEV">
  <associatedEntity classCode="RGPR">
    <!-- CMS EHR Certification Number (formerly known as Office of the 
        National Coordinator Certification Number) -->
    <id extension="123456789" root="2.16.840.1.113883.3.2074.1"/>
  </associatedEntity>
</participant><documentationOf typeCode="DOC">
  <serviceEvent classCode="PCPR">
    <!-- care provision -->
    <effectiveTime>
      <low nullFlavor="UNK"/>
      <high nullFlavor="UNK"/>
    </effectiveTime>
    <!-- You can include multiple performers, each with an NPI, TIN, CCN. -->
    <performer typeCode="PRF">
      <time>
        <low nullFlavor="UNK"/>
        <high nullFlavor="UNK"/>
      </time>
      <assignedEntity>
        <id extension="1072560703" root="2.16.840.1.113883.4.6"/>
          <id extension="217742" root="2.16.840.1.113883.4.336"/>
        <code code="207Q00000X" codeSystem="2.16.840.1.113883.6.101" codeSystemName="Healthcare Provider Taxonomy (HIPAA)"/>
        <addr use="HP">
          <streetAddressLine>7471 Greenfelder Overpass Trace</streetAddressLine>
          <city>East Pedro</city>
          <state>DE</state>
          <postalCode>19839</postalCode>
          <country>US</country>
        </addr>
        <assignedPerson>
          <name>
            <given>Tammy</given>
            <family>Joseph</family>
          </name>
        </assignedPerson>
        <representedOrganization>
          <id extension="848332929" root="2.16.840.1.113883.4.2"/>
          <addr use="HP">
            <streetAddressLine>7471 Greenfelder Overpass Trace</streetAddressLine>
            <city>East Pedro</city>
            <state>DE</state>
            <postalCode>19839</postalCode>
            <country>US</country>
          </addr>
        </representedOrganization>
      </assignedEntity>
    </performer>
  </serviceEvent>
</documentationOf>
<component>
  <structuredBody>
    <component>
      <section>
        <!-- 
          *****************************************************************
          Measure Section
          *****************************************************************
        -->
        <!-- This is the templateId for Measure Section -->
        <templateId root="2.16.840.1.113883.10.20.24.2.2"/>
        <!-- This is the templateId for Measure Section QDM -->
        <templateId root="2.16.840.1.113883.10.20.24.2.3"/>
        <!-- This is the LOINC code for "Measure document". This stays the same for all measure section required by QRDA standard -->
        <code code="55186-1" codeSystem="2.16.840.1.113883.6.1"/>
        <title>Measure Section</title>
        <text>
          <table border="1" width="100%">
            <thead>
              <tr>
                <th>eMeasure Title</th>
                <th>Version specific identifier</th>
              </tr>
            </thead>
            <tbody>
              <tr>
                <td>Percentage of patients, regardless of age, with a diagnosis of prostate cancer at low (or very low) risk of recurrence receiving interstitial prostate brachytherapy, OR external beam radiotherapy to the prostate, OR radical prostatectomy, OR cryotherapy who did not have a bone scan performed at any time since diagnosis of prostate cancer</td>
                <td>40280382-6240-B6B9-0162-501E58AF08C9</td>
                <td/>
              </tr>
            </tbody>
          </table>
        </text>
        <!-- 1..* Organizers, each containing a reference to an eMeasure -->
        <entry>
          <organizer classCode="CLUSTER" moodCode="EVN">
            <!-- This is the templateId for Measure Reference -->
            <templateId root="2.16.840.1.113883.10.20.24.3.98"/>
            <!-- This is the templateId for eMeasure Reference QDM -->
            <templateId root="2.16.840.1.113883.10.20.24.3.97"/>
            <id extension="4c9a06e0-41b4-0137-a34d-080027495961" root="1.3.6.1.4.1.115"/>
            <statusCode code="completed"/>
            <!-- Containing isBranch external references -->
            <reference typeCode="REFR">
              <externalDocument classCode="DOC" moodCode="EVN">
                <!-- SHALL: This is the version specific identifier for eMeasure: QualityMeasureDocument/id it is a GUID-->
                <id extension="40280382-6240-B6B9-0162-501E58AF08C9" root="2.16.840.1.113883.4.738"/>
                <!-- SHOULD This is the title of the eMeasure -->
                <text>Percentage of patients, regardless of age, with a diagnosis of prostate cancer at low (or very low) risk of recurrence receiving interstitial prostate brachytherapy, OR external beam radiotherapy to the prostate, OR radical prostatectomy, OR cryotherapy who did not have a bone scan performed at any time since diagnosis of prostate cancer</text>
                <!-- SHOULD: setId is the eMeasure version neutral id  -->
                <setId root="1635C14D-E612-4FA6-96CD-285361AA7F7B"/>
              </externalDocument>
            </reference>
          </organizer>
        </entry>
      </section>
    </component>    <component>
      <section>
        <!-- This is the templateId for Reporting Parameters section -->
        <templateId root="2.16.840.1.113883.10.20.17.2.1"/>
        <templateId extension="2016-03-01" root="2.16.840.1.113883.10.20.17.2.1.1"/>
        <code code="55187-9" codeSystem="2.16.840.1.113883.6.1"/>
        <title>Reporting Parameters</title>
        <text></text>
        <entry typeCode="DRIV">
          <act classCode="ACT" moodCode="EVN">
            <!-- This is the templateId for Reporting Parameteres Act -->
            <templateId root="2.16.840.1.113883.10.20.17.3.8"/>
            <templateId extension="2016-03-01" root="2.16.840.1.113883.10.20.17.3.8.1"/>
            <id extension="4c9a2790-41b4-0137-a34d-080027495961" root="1.3.6.1.4.1.115"/>
            <code code="252116004" codeSystem="2.16.840.1.113883.6.96" displayName="Observation Parameters"/>
            <effectiveTime>
              <low value="20190101000000"/>
              <high value="20191231235959"/>
            </effectiveTime>
          </act>
        </entry>
      </section>
    </component>    <component>
        <section>
          <!-- This is the templateId for Patient Data section -->
          <templateId root="2.16.840.1.113883.10.20.17.2.4"/>
          <!-- This is the templateId for Patient Data QDM section -->
          <templateId extension="2017-08-01" root="2.16.840.1.113883.10.20.24.2.1"/>
          <templateId extension="2018-02-01" root="2.16.840.1.113883.10.20.24.2.1.1"/>
          <code code="55188-7" codeSystem="2.16.840.1.113883.6.1"/>
          <title>Patient Data</title>
          <text/>







            <entry>
              <act classCode="ACT" moodCode="EVN">
                <!-- Conforms to C-CDA 2.1 Problem Concern Act (V3) -->
                <templateId root="2.16.840.1.113883.10.20.22.4.3" extension="2015-08-01" />
                <!-- Diagnosis Concern Act -->
                <templateId root="2.16.840.1.113883.10.20.24.3.137" extension="2017-08-01"/>
                <id root="1.3.6.1.4.1.115" extension="5cb48db263623909687b6a02"/>
                <code code="CONC" codeSystem="2.16.840.1.113883.5.6" displayName="Concern" />
                <statusCode code="completed" />
                <effectiveTime><low value='20190204080000'/><high nullFlavor='UNK'/></effectiveTime>
                <entryRelationship typeCode="SUBJ">
                  <observation classCode="OBS" moodCode="EVN">
                    <!-- Conforms to C-CDA R2.1 Problem Observation (V3) -->
                    <templateId root="2.16.840.1.113883.10.20.22.4.4" extension="2015-08-01" />
                    <!-- Diagnosis template -->
                    <templateId root="2.16.840.1.113883.10.20.24.3.135" extension="2017-08-01" />
                    <id root="1.3.6.1.4.1.115" extension="5cb48db263623909687b6a02"/>
                    <code code="29308-4" codeSystem="2.16.840.1.113883.6.1">
                      <translation code="282291009" codeSystem="2.16.840.1.113883.6.96"/>
                    </code>
                    <statusCode code="completed" />
                    <effectiveTime><low value='20190204080000'/><high nullFlavor='UNK'/></effectiveTime>
                      <value xsi:type="CD" code="185" codeSystem="2.16.840.1.113883.6.103" codeSystemName="ICD-9-CM">
                      <translation code="254900004" codeSystem="2.16.840.1.113883.6.96" codeSystemName="SNOMED-CT"/><translation code="C61" codeSystem="2.16.840.1.113883.6.90" codeSystemName="ICD-10-CM"/>
                      </value>
                  </observation>
                </entryRelationship>
              </act>
            </entry>










            <entry>
              <observation classCode="OBS" moodCode="EVN" >
                <!-- Lab test performed -->
                <templateId root="2.16.840.1.113883.10.20.24.3.38" extension="2017-08-01"/>
                <id root="1.3.6.1.4.1.115" extension="5cb48db263623909687b6a1a"/>
                  <code code="35266-6" codeSystem="2.16.840.1.113883.6.1" codeSystemName="LOINC"/>
                <text>Laboratory Test, Performed: Gleason score in Specimen Qualitative</text>
                <statusCode code="completed"/>
                <effectiveTime><low value='20190130080000'/><high value='20190130081500'/></effectiveTime>
                <author>
                  <templateId root="2.16.840.1.113883.10.20.24.3.155" extension="2017-08-01"/>
                  <time value='20190130080000'/>
                  <assignedAuthor>
                      <id nullFlavor="NA"/>
                  </assignedAuthor>
                </author>                <entryRelationship typeCode="REFR">
                 <observation classCode="OBS" moodCode="EVN">
                    <!-- Conforms to C-CDA R2 Result Observation (V2) -->
                    <templateId root="2.16.840.1.113883.10.20.22.4.2" extension="2015-08-01"/>
                    <!-- Result (QRDA I R3) -->
                    <templateId root="2.16.840.1.113883.10.20.24.3.87" extension="2016-02-01"/>
                    <id root="1.3.6.1.4.1.115" extension="4c9cea40-41b4-0137-a34d-080027495961"/>
                      <code code="35266-6" codeSystem="2.16.840.1.113883.6.1" codeSystemName="LOINC"/>
                    <statusCode code="completed"/>
                    <effectiveTime><low value='20190130080000'/><high value='20190130081500'/></effectiveTime>
                    <value xsi:type="PQ" value="5" unit="1"/>
                 </observation>
                </entryRelationship>
                
                </observation>
            </entry>            <entry>
              <observation classCode="OBS" moodCode="EVN" >
                <!-- Lab test performed -->
                <templateId root="2.16.840.1.113883.10.20.24.3.38" extension="2017-08-01"/>
                <id root="1.3.6.1.4.1.115" extension="5cb48db263623909687b6a1c"/>
                  <code code="2857-1" codeSystem="2.16.840.1.113883.6.1" codeSystemName="LOINC"/>
                <text>Laboratory Test, Performed: Prostate Specific Antigen Test</text>
                <statusCode code="completed"/>
                <effectiveTime><low value='20190130080000'/><high value='20190130081500'/></effectiveTime>
                <author>
                  <templateId root="2.16.840.1.113883.10.20.24.3.155" extension="2017-08-01"/>
                  <time value='20190130080000'/>
                  <assignedAuthor>
                      <id nullFlavor="NA"/>
                  </assignedAuthor>
                </author>                <entryRelationship typeCode="REFR">
                 <observation classCode="OBS" moodCode="EVN">
                    <!-- Conforms to C-CDA R2 Result Observation (V2) -->
                    <templateId root="2.16.840.1.113883.10.20.22.4.2" extension="2015-08-01"/>
                    <!-- Result (QRDA I R3) -->
                    <templateId root="2.16.840.1.113883.10.20.24.3.87" extension="2016-02-01"/>
                    <id root="1.3.6.1.4.1.115" extension="4c9d2dd0-41b4-0137-a34d-080027495961"/>
                      <code code="2857-1" codeSystem="2.16.840.1.113883.6.1" codeSystemName="LOINC"/>
                    <statusCode code="completed"/>
                    <effectiveTime><low value='20190130080000'/><high value='20190130081500'/></effectiveTime>
                    <value xsi:type="PQ" value="8" unit="ng/mL"/>
                 </observation>
                </entryRelationship>
                
                </observation>
            </entry>









            <entry>
              <procedure classCode="PROC" moodCode="EVN" >
                <!--  Procedure performed template -->
                <templateId root="2.16.840.1.113883.10.20.24.3.64" extension="2017-08-01"/>
                <!-- Procedure Activity Procedure-->
                <templateId root="2.16.840.1.113883.10.20.22.4.14" extension="2014-06-09"/>
                <id root="1.3.6.1.4.1.115" extension="5cb48db263623909687b6a14"/>
                  <code code="258232002" codeSystem="2.16.840.1.113883.6.96" codeSystemName="SNOMED-CT"/>
                <text>Procedure, Performed: Cancer Staging</text>
                <statusCode code="completed"/>
                <effectiveTime><low value='20190204080000'/><high value='20190204081500'/></effectiveTime>
                <author>
                  <templateId root="2.16.840.1.113883.10.20.24.3.155" extension="2017-08-01"/>
                  <time value='20190204080000'/>
                  <assignedAuthor>
                      <id nullFlavor="NA"/>
                  </assignedAuthor>
                </author>                <entryRelationship typeCode="REFR">
                 <observation classCode="OBS" moodCode="EVN">
                    <!-- Conforms to C-CDA R2 Result Observation (V2) -->
                    <templateId root="2.16.840.1.113883.10.20.22.4.2" extension="2015-08-01"/>
                    <!-- Result (QRDA I R3) -->
                    <templateId root="2.16.840.1.113883.10.20.24.3.87" extension="2016-02-01"/>
                    <id root="1.3.6.1.4.1.115" extension="4c9e9f70-41b4-0137-a34d-080027495961"/>
                      <code code="258232002" codeSystem="2.16.840.1.113883.6.96" codeSystemName="SNOMED-CT"/>
                    <statusCode code="completed"/>
                    <effectiveTime><low value='20190204080000'/><high value='20190204081500'/></effectiveTime>
                    <value xsi:type="CD" code="369833007" codeSystem="2.16.840.1.113883.6.96" codeSystemName="SNOMED-CT"/>
                 </observation>
                </entryRelationship>
                
              </procedure>
            </entry>
            
            <entry>
              <procedure classCode="PROC" moodCode="EVN" >
                <!--  Procedure performed template -->
                <templateId root="2.16.840.1.113883.10.20.24.3.64" extension="2017-08-01"/>
                <!-- Procedure Activity Procedure-->
                <templateId root="2.16.840.1.113883.10.20.22.4.14" extension="2014-06-09"/>
                <id root="1.3.6.1.4.1.115" extension="5cb48db263623909687b6a16"/>
                  <code code="394918006" codeSystem="2.16.840.1.113883.6.96" codeSystemName="SNOMED-CT">
                  <translation code="77427" codeSystem="2.16.840.1.113883.6.12" codeSystemName="CPT"/>
                  </code>
                <text>Procedure, Performed: Prostate Cancer Treatment</text>
                <statusCode code="completed"/>
                <effectiveTime><low value='20190216080000'/><high value='20190216083000'/></effectiveTime>
                <author>
                  <templateId root="2.16.840.1.113883.10.20.24.3.155" extension="2017-08-01"/>
                  <time value='20190216080000'/>
                  <assignedAuthor>
                      <id nullFlavor="NA"/>
                  </assignedAuthor>
                </author>              </procedure>
            </entry>
            

            <entry>
              <!-- Patient Characteristic Payer -->
              <observation classCode="OBS" moodCode="EVN">
                <templateId root="2.16.840.1.113883.10.20.24.3.55"/>
                <id root="4c9ed7d0-41b4-0137-a34d-080027495961"/> 
                <code code="48768-6" codeSystemName="LOINC" codeSystem="2.16.840.1.113883.6.1" displayName="Payment source"/> 
                <statusCode code="completed"/>
                <effectiveTime><low value='19700101003226'/><high nullFlavor='UNK'/></effectiveTime>
                <value xsi:type="CD" code="349" codeSystem="2.16.840.1.113883.3.221.5" codeSystemName="SOP" sdtc:valueSet="2.16.840.1.114222.4.11.3591"/>
              </observation>            
            </entry>
        </section>
      </component>
    </structuredBody>
  </component>
</ClinicalDocument>