<?xml version="1.0" encoding="utf-8"?>

<ClinicalDocument xmlns:xsi="http://www.w3.org/2001/XMLSchema-instance"
 xmlns="urn:hl7-org:v3"
 xmlns:voc="urn:hl7-org:v3/voc"
 xmlns:sdtc="urn:hl7-org:sdtc">
  <!-- QRDA Header -->
  <realmCode code="US"/>
  <typeId root="2.16.840.1.113883.1.3" extension="POCD_HD000040"/>
  <!-- US Realm Header Template Id -->
  <templateId root="2.16.840.1.113883.10.20.22.1.1" extension="2015-08-01" />
  <!-- QRDA templateId -->
  <templateId root="2.16.840.1.113883.10.20.24.1.1" extension="2016-02-01" />
  <!-- QDM-based QRDA templateId -->
  <templateId root="2.16.840.1.113883.10.20.24.1.2" extension="2016-08-01"/>
  
    <!-- CMS QRDA templateId -->
    <templateId root="2.16.840.1.113883.10.20.24.1.3" extension="2017-07-01" />
  
  <!-- This is the globally unique identifier for this QRDA document -->
  <id root="9bd5e896-8c54-43b4-809d-a87d41b24210"/>
  <!-- QRDA document type code -->
  <code code="55182-0" codeSystem="2.16.840.1.113883.6.1" codeSystemName="LOINC" displayName="Quality Measure Report"/>
  <title>QRDA Incidence Report</title>
  <!-- This is the document creation time -->
  <effectiveTime value="20180112185513+0000"/>
  <confidentialityCode code="N" codeSystem="2.16.840.1.113883.5.25"/>
  <languageCode code="en"/>
  <!-- reported patient -->
  
  <recordTarget>
  <patientRole>
    
      
        <id extension="f0d84841-6d79-4862-a0db-54b01da5f407_40" root="2.16.840.1.113883.4.572" />
        
          <id extension="f0d84841-6d79-4862-a0db-54b01da5f407_40" root="1.3.6.1.4.1.115" />
        
      
    
    <addr use="HP">
      
        
          
            <streetAddressLine>87771 Nicolas Well Mission</streetAddressLine>
          
          <city>North Amina</city>
          <state>AR</state>
          <postalCode>71757</postalCode>
          <country>US</country>
        
      
    </addr>
    <telecom use="WP" value="tel:+1-781-271-3000"/>
    <patient>
      <name>
        <given>Alice</given>
        <family>Hernandez</family>
      </name>
      <administrativeGenderCode code="F" codeSystem="2.16.840.1.113883.5.1" codeSystemName="HL7 AdministrativeGender"/>
      <birthTime value="19681003"/>
      
        <raceCode code="1002-5"  codeSystemName="CDC Race and Ethnicity" codeSystem="2.16.840.1.113883.6.238"/>
      
      
        <ethnicGroupCode code="2186-5"  codeSystemName="CDC Race and Ethnicity" codeSystem="2.16.840.1.113883.6.238"/>
      
      
        <languageCommunication>
          <templateId root="2.16.840.1.113883.3.88.11.83.2" assigningAuthorityName="HITSP/C83"/>
          <templateId root="1.3.6.1.4.1.19376.1.5.3.1.2.1" assigningAuthorityName="IHE/PCC"/>
          <languageCode code="en"/>
        </languageCommunication>
      
    </patient>
  </patientRole>
</recordTarget>


  
    <author>
      <time value="20180112185513+0000"/>
      <assignedAuthor>
        <!-- NPI -->
        
          <id root="2.16.840.1.113883.4.6" extension="1723328377" />
        
        <addr>
          <streetAddressLine>202 Burlington Rd.</streetAddressLine>
          <city>Bedford</city>
          <state>MA</state>
          <postalCode>01730</postalCode>
          <country>US</country>
        </addr>
        <telecom use="WP" value="tel:(781)271-3000"/>
        <assignedAuthoringDevice>
          <manufacturerModelName>Cypress</manufacturerModelName >
          <softwareName>Cypress</softwareName >
        </assignedAuthoringDevice >
      </assignedAuthor>
    </author>
    <custodian>
      <assignedCustodian>
        <representedCustodianOrganization>
          
            <!-- HQR Only -->
            
              <id root="2.16.840.1.113883.4.336" extension="516824" />
            
          
          <name>Cypress Test Deck</name>
          <telecom use="WP" value="tel:(781)271-3000"/>
          <addr>
            <streetAddressLine>202 Burlington Rd.</streetAddressLine>
            <city>Bedford</city>
            <state>MA</state>
            <postalCode>01730</postalCode>
            <country>US</country>
          </addr>
        </representedCustodianOrganization>
      </assignedCustodian>
    </custodian>
    <!-- This needs to take reporting program into account EH/EP-->
    
      <informationRecipient>
        <intendedRecipient>
          <id root="2.16.840.1.113883.3.249.7" extension="HQR_EHR"/>
        </intendedRecipient>
      </informationRecipient>
    
    <legalAuthenticator>
      <time value="20180112185513+0000"/>
      <signatureCode code="S"/>
      <assignedEntity>
        <id root="bc01a5d1-3a34-4286-82cc-43eb04c972a7"/>
        <addr>
          <streetAddressLine>202 Burlington Rd.</streetAddressLine>
          <city>Bedford</city>
          <state>MA</state>
          <postalCode>01730</postalCode>
          <country>US</country>
        </addr>
        <telecom use="WP" value="tel:(781)271-3000"/>
        <assignedPerson>
          <name>
            <given>Henry</given>
            <family>Seven</family>
          </name>
      </assignedPerson>
        <representedOrganization>
          <id root="2.16.840.1.113883.19.5"/>
          <name>Cypress</name>
        </representedOrganization>
      </assignedEntity>
    </legalAuthenticator>
  
  
    <participant typeCode="DEV">
      <associatedEntity classCode="RGPR">
        <id root="2.16.840.1.113883.3.2074.1" extension="0014ABC1D1EFG1H"/>
      </associatedEntity>
    </participant>
  
  <documentationOf typeCode="DOC">
  <serviceEvent classCode="PCPR"> <!-- care provision -->
  
    
      <effectiveTime>
        <low nullFlavor='UNK'/>
        <high nullFlavor='UNK'/>
      </effectiveTime>
      <!-- You can include multiple performers, each with an NPI, TIN, CCN. -->
      <performer typeCode="PRF">
        <time>
          <low nullFlavor='UNK'/>
          <high nullFlavor='UNK'/>
        </time>
        <assignedEntity>
          
            
              <id root="2.16.840.1.113883.4.6" extension="1723328377" />
            
          
            
          
            
              <id root="2.16.840.1.113883.4.336" extension="516824" />
            
          
          
            <code code="282N00000X" codeSystemName="Healthcare Provider Taxonomy (HIPAA)" codeSystem="2.16.840.1.113883.6.101"/>
          
          
            <addr use="HP">
    
      <streetAddressLine>8322 Chet Plains Bypass</streetAddressLine>
    
    <city>Donavonshire</city>
    <state>ME</state>
    <postalCode>04242</postalCode>
    <country>US</country>
</addr>

          
          
            <assignedPerson>
              <name>
                <given>Jose</given>
                <family>Harrison</family>
              </name>
            </assignedPerson>
          
          <representedOrganization>
            
              
            
              
                <id root="2.16.840.1.113883.4.2" extension="276542170" />
              
            
              
            
            
              <addr use="HP">
    
      <streetAddressLine>8322 Chet Plains Bypass</streetAddressLine>
    
    <city>Donavonshire</city>
    <state>ME</state>
    <postalCode>04242</postalCode>
    <country>US</country>
</addr>

            
          </representedOrganization>
        </assignedEntity>
      </performer>
    
  
  </serviceEvent>
</documentationOf>

  <component>
    <structuredBody>
      <component>
  <section>
    <!--
      *****************************************************************
      Measure Section
      *****************************************************************
    -->
    <!-- This is the templateId for Measure Section -->
    <templateId root="2.16.840.1.113883.10.20.24.2.2"/>
    <!-- This is the templateId for Measure Section QDM -->
    <templateId root="2.16.840.1.113883.10.20.24.2.3"/>
    <!-- This is the LOINC code for "Measure document". This stays the same for all measure section required by QRDA standard -->
    <code code="55186-1" codeSystem="2.16.840.1.113883.6.1"/>
    <title>Measure Section</title>
    <text>
      <table border="1" width="100%">
        <thead>
          <tr>
            <th>eMeasure Title</th>
            <th>Version Neutral Identifier</th>
            <th>eMeasure Version Number</th>
            <th>Version Specific Identifier</th>
          </tr>
        </thead>
        <tbody>
          
          <tr>
            <td>Venous Thromboembolism Prophylaxis</td>
            <td>38B0B5EC-0F63-466F-8FE3-2CD20DDD1622</td>
            <td>0</td>
            <td>40280382-5ABD-FA46-015B-1F6B95092A9D</td>
            <td></td>
          </tr>
          
        </tbody>
      </table>
    </text>
    <!-- 1..* Organizers, each containing a reference to an eMeasure -->
    
    <entry>
      <organizer classCode="CLUSTER" moodCode="EVN">
        <!-- This is the templateId for Measure Reference -->
        <templateId root="2.16.840.1.113883.10.20.24.3.98"/>
        <!-- This is the templateId for eMeasure Reference QDM -->
        <templateId root="2.16.840.1.113883.10.20.24.3.97"/>
        <id root="1.3.6.1.4.1.115" extension="40280382-5ABD-FA46-015B-1F6B95092A9D"/>
        <statusCode code="completed"/>
        <!-- Containing isBranch external references -->
        <reference typeCode="REFR">
          <externalDocument classCode="DOC" moodCode="EVN">
            <!-- SHALL: This is the version specific identifier for eMeasure: QualityMeasureDocument/id it is a GUID-->
            <id root="2.16.840.1.113883.4.738" extension="40280382-5ABD-FA46-015B-1F6B95092A9D"/>
            <!-- SHOULD This is the title of the eMeasure -->
            <text>Venous Thromboembolism Prophylaxis</text>
            <!-- SHOULD: setId is the eMeasure version neutral id  -->
            <setId root="38B0B5EC-0F63-466F-8FE3-2CD20DDD1622"/>
          </externalDocument>
        </reference>
      </organizer>
    </entry>
    
  </section>
</component>

      <component>
  <section>
    <!-- This is the templateId for Reporting Parameters section -->
    <templateId root="2.16.840.1.113883.10.20.17.2.1"/>
    
      <templateId root="2.16.840.1.113883.10.20.17.2.1.1" extension="2016-03-01" />
    
    <code code="55187-9" codeSystem="2.16.840.1.113883.6.1"/>
    <title>Reporting Parameters</title>
    <text>
      <list>
        <item>Reporting period: Fri, 01 Jan 2016 00:00:00 +0000 - Sat, 31 Dec 2016 23:59:59 +0000</item>
      </list>
    </text>
    <entry typeCode="DRIV">
      <act classCode="ACT" moodCode="EVN">
        <!-- This is the templateId for Reporting Parameteres Act -->
        <templateId root="2.16.840.1.113883.10.20.17.3.8"/>
        <templateId root="2.16.840.1.113883.10.20.17.3.8.1" extension="2016-03-01"/>
        <id root="1.3.6.1.4.1.115" extension="8A81CFBE1B0AE1165C737E9CF415BB25" />
        <code code="252116004" codeSystem="2.16.840.1.113883.6.96" displayName="Observation Parameters"/>
        <effectiveTime>
          <low value="20160101000000+0000"/>
          <high value="20161231235959+0000"/>
        </effectiveTime>
      </act>
    </entry>
  </section>
</component>

      <component>
<section>
    <!-- This is the templateId for Patient Data section -->
    <templateId root="2.16.840.1.113883.10.20.17.2.4"/>
    <!-- This is the templateId for Patient Data QDM section -->
    <templateId root="2.16.840.1.113883.10.20.24.2.1" extension="2016-08-01" />
    
      <templateId root="2.16.840.1.113883.10.20.24.2.1.1" extension="2017-07-01"/>
    

    <code code="55188-7" codeSystem="2.16.840.1.113883.6.1"/>
    <title>Patient Data</title>
    <text>

    </text>
    
      <entry>
  <act classCode="ACT" moodCode="RQO" negationInd='true'>
    <templateId root="2.16.840.1.113883.10.20.24.3.130"/>
    <id root="1.3.6.1.4.1.115" extension="5a59048e572446001872ca32"/>
    <code code="SPLY" codeSystem="2.16.840.1.113883.5.6" displayName="Supply" codeSystemName="ActClass"/>

    <entryRelationship typeCode="SUBJ">
      <supply classCode="SPLY" moodCode="RQO">
        <!-- Plan of Care Activity Supply -->
        <templateId root="2.16.840.1.113883.10.20.22.4.43" extension="2014-06-09"/>
        <!-- Device, Order -->
        <templateId root="2.16.840.1.113883.10.20.24.3.9" extension="2016-02-01"/>
        <id root="1.3.6.1.4.1.115" extension="5a59048e572446001872ca32"/>
        <text>Device, Order: Venous Foot Pumps (Vfp)</text>
        <statusCode code="active"/>

        <effectiveTime xsi:type="IVL_TS">
          <low value='201604190800+0000'/>
          <high value='201604190800+0000'/>
        </effectiveTime>

        <author>
          <templateId root="2.16.840.1.113883.10.20.22.4.119"/>
          <time nullFlavor='UNK'/>
          <assignedAuthor>
            <id nullFlavor="NA" root="f768b2ad-4e49-4e9b-b579-59ecb50aa8e1"/>
          </assignedAuthor>
        </author>

        <participant typeCode="DEV">
          <participantRole classCode="MANU">
            <playingDevice classCode="DEV">
              <code nullFlavor="NA"
    sdtc:valueSet="2.16.840.1.113883.3.117.1.7.1.230">
    <originalText>Device, Order: Graduated Compression Stockings (Gcs)</originalText>
</code>
            </playingDevice>
          </participantRole>
        </participant>
      </supply>
    </entryRelationship>
    
  
  
  
    <entryRelationship typeCode="RSON">
      <observation classCode="OBS" moodCode="EVN">
        <templateId root="2.16.840.1.113883.10.20.24.3.88" extension="2014-12-01"/>
        <id root="1.3.6.1.4.1.115" extension="23589DBD5A311F2FC1873B9D12AA0A1D"/>
          <code code="77301-0" codeSystem="2.16.840.1.113883.6.1" displayName="reason" codeSystemName="LOINC"/>
        <statusCode code="completed"/>
          <effectiveTime>
            <low value='201604190800+0000'/>
          </effectiveTime>
        <value xsi:type="CD" code="105480006" codeSystem="2.16.840.1.113883.6.96" sdtc:valueSet="2.16.840.1.113883.3.117.1.7.1.93"/>
      </observation>
    </entryRelationship>
  


  </act>
</entry>

    
      <entry>
  <act classCode="ACT" moodCode="RQO" negationInd='true'>
    <templateId root="2.16.840.1.113883.10.20.24.3.130"/>
    <id root="1.3.6.1.4.1.115" extension="5a59048e572446001872ca31"/>
    <code code="SPLY" codeSystem="2.16.840.1.113883.5.6" displayName="Supply" codeSystemName="ActClass"/>

    <entryRelationship typeCode="SUBJ">
      <supply classCode="SPLY" moodCode="RQO">
        <!-- Plan of Care Activity Supply -->
        <templateId root="2.16.840.1.113883.10.20.22.4.43" extension="2014-06-09"/>
        <!-- Device, Order -->
        <templateId root="2.16.840.1.113883.10.20.24.3.9" extension="2016-02-01"/>
        <id root="1.3.6.1.4.1.115" extension="5a59048e572446001872ca31"/>
        <text>Device, Order: Intermittent Pneumatic Compression Devices (Ipc)</text>
        <statusCode code="active"/>

        <effectiveTime xsi:type="IVL_TS">
          <low value='201604190800+0000'/>
          <high value='201604190800+0000'/>
        </effectiveTime>

        <author>
          <templateId root="2.16.840.1.113883.10.20.22.4.119"/>
          <time nullFlavor='UNK'/>
          <assignedAuthor>
            <id nullFlavor="NA" root="67144b84-e9d2-4eb4-a8ff-0b9e06e0d5e7"/>
          </assignedAuthor>
        </author>

        <participant typeCode="DEV">
          <participantRole classCode="MANU">
            <playingDevice classCode="DEV">
              <code nullFlavor="NA"
    sdtc:valueSet="2.16.840.1.113883.3.117.1.7.1.214">
    <originalText>Device, Order: Graduated Compression Stockings (Gcs)</originalText>
</code>
            </playingDevice>
          </participantRole>
        </participant>
      </supply>
    </entryRelationship>
    
  
  
  
    <entryRelationship typeCode="RSON">
      <observation classCode="OBS" moodCode="EVN">
        <templateId root="2.16.840.1.113883.10.20.24.3.88" extension="2014-12-01"/>
        <id root="1.3.6.1.4.1.115" extension="23589DBD5A311F2FC1873B9D12AA0A1D"/>
          <code code="77301-0" codeSystem="2.16.840.1.113883.6.1" displayName="reason" codeSystemName="LOINC"/>
        <statusCode code="completed"/>
          <effectiveTime>
            <low value='201604190800+0000'/>
          </effectiveTime>
        <value xsi:type="CD" code="105480006" codeSystem="2.16.840.1.113883.6.96" sdtc:valueSet="2.16.840.1.113883.3.117.1.7.1.93"/>
      </observation>
    </entryRelationship>
  


  </act>
</entry>

    
      <entry>
  <!-- Patient Characteristic Payer -->
  <observation classCode="OBS" moodCode="EVN">
    <templateId root="2.16.840.1.113883.10.20.24.3.55"/>
    <id root="1.3.6.1.4.1.115" extension="5a59048e572446001872ca38"/>
    <code code="48768-6" codeSystemName="LOINC" codeSystem="2.16.840.1.113883.6.1" displayName="Payment source"/> 
    <statusCode code="completed"/>
    <effectiveTime>
      <!-- Attribute: Start Datetime -->
      <low value='201403250659+0000'/>
      
    </effectiveTime>
    <value code="349" codeSystem="2.16.840.1.113883.3.221.5"
    xsi:type="CD" sdtc:valueSet="2.16.840.1.114222.4.11.3591">
    <originalText></originalText>
</value>

  </observation>            
</entry>
    
      <entry>
  <!--Medication Order -->
  <substanceAdministration classCode="SBADM" moodCode="RQO" negationInd='true'>
    <templateId root="2.16.840.1.113883.10.20.22.4.42" extension="2014-06-09"/>
    <!-- Medication, Order template -->
    <templateId root="2.16.840.1.113883.10.20.24.3.47" extension="2016-02-01"/>
    <id root="1.3.6.1.4.1.115" extension="5a59048e572446001872ca35"/>
    <text>Medication, Order: Warfarin</text>
    <statusCode code="active"/>
    <effectiveTime xsi:type="IVL_TS">
      <low value='201604190800+0000'/>
      <high value='201604190800+0000'/>
    </effectiveTime>
    
      <effectiveTime xsi:type="PIVL_TS" institutionSpecified="true" operator="A">
        <period nullFlavor="NA"/>
      </effectiveTime>
    
    
    

	<doseQuantity nullFlavor="NA"/>

    <consumable>
      <manufacturedProduct classCode="MANU">
        <!-- Medication Information (consolidation) template -->
        <templateId root="2.16.840.1.113883.10.20.22.4.23" extension="2014-06-09"/>
        <id root="c012af4c-e568-459c-815d-602b6876fa26"/>
        <manufacturedMaterial>
          <code nullFlavor="NA"
    sdtc:valueSet="2.16.840.1.113883.3.117.1.7.1.232">
    <originalText>Medication, Order: Low Molecular Weight Heparin For Vte Prophylaxis</originalText>
</code>
        </manufacturedMaterial>
      </manufacturedProduct>
    </consumable>
    <author>
      <templateId root="2.16.840.1.113883.10.20.22.4.119"/>
      <time value='201604190800+0000'/>
      <assignedAuthor>
        <id root="3c552626-d628-4f19-9d42-6fdc3145dcf9"/>
      </assignedAuthor>
    </author>
    
  
  
  
    <entryRelationship typeCode="RSON">
      <observation classCode="OBS" moodCode="EVN">
        <templateId root="2.16.840.1.113883.10.20.24.3.88" extension="2014-12-01"/>
        <id root="1.3.6.1.4.1.115" extension="23589DBD5A311F2FC1873B9D12AA0A1D"/>
          <code code="77301-0" codeSystem="2.16.840.1.113883.6.1" displayName="reason" codeSystemName="LOINC"/>
        <statusCode code="completed"/>
          <effectiveTime>
            <low value='201604190800+0000'/>
          </effectiveTime>
        <value xsi:type="CD" code="105480006" codeSystem="2.16.840.1.113883.6.96" sdtc:valueSet="2.16.840.1.113883.3.117.1.7.1.93"/>
      </observation>
    </entryRelationship>
  


  </substanceAdministration>
</entry>

    
      <entry>
  <act classCode="ACT" moodCode="EVN" negationInd='true'>
    <!-- Medication, Administered template -->
    <templateId root="2.16.840.1.113883.10.20.24.3.42" extension="2016-02-01"/>
    <id root="1.3.6.1.4.1.115" extension="5a59048e572446001872ca36"/>
    <code code="416118004" codeSystem="2.16.840.1.113883.6.96" codeSystemName="SNOMED CT" displayName="Administration"/>
    <statusCode code="completed"/>
    <effectiveTime xsi:type="IVL_TS">
      <low value='201604190800+0000'/>
      <high value='201604190800+0000'/>
    </effectiveTime>
    <entryRelationship typeCode="COMP">
      <substanceAdministration classCode="SBADM" moodCode="EVN">
        <!-- Medication Activity (consolidation) template -->
        <templateId root="2.16.840.1.113883.10.20.22.4.16" extension="2014-06-09"/>
        <id root="2cfed141-1e73-470b-8f24-157cfcd7756a"/>
        <text>Medication, Administered: Low Dose Unfractionated Heparin For Vte Prophylaxis</text>
        <statusCode code="completed"/>
        <effectiveTime xsi:type="IVL_TS">
          <low value='201604190800+0000'/>
          <high value='201604190800+0000'/>
        </effectiveTime>
        

	<doseQuantity nullFlavor="NA"/>

        <consumable>
          <manufacturedProduct classCode="MANU">
            <!-- Medication Information (consolidation) template -->
            <templateId root="2.16.840.1.113883.10.20.22.4.23" extension="2014-06-09"/>
            <id root="a610255e-4f52-4bf4-96da-40e2c0f1011c"/>
            <manufacturedMaterial>
              <code nullFlavor="NA"
    sdtc:valueSet="2.16.840.1.113762.1.4.1045.39">
    <originalText>Medication, Administered: Low Dose Unfractionated Heparin For Vte Prophylaxis</originalText>
</code>
            </manufacturedMaterial>
          </manufacturedProduct>
        </consumable>
      </substanceAdministration>
    </entryRelationship>
    
  
  
  
    <entryRelationship typeCode="RSON">
      <observation classCode="OBS" moodCode="EVN">
        <templateId root="2.16.840.1.113883.10.20.24.3.88" extension="2014-12-01"/>
        <id root="1.3.6.1.4.1.115" extension="23589DBD5A311F2FC1873B9D12AA0A1D"/>
          <code code="77301-0" codeSystem="2.16.840.1.113883.6.1" displayName="reason" codeSystemName="LOINC"/>
        <statusCode code="completed"/>
          <effectiveTime>
            <low value='201604190800+0000'/>
          </effectiveTime>
        <value xsi:type="CD" code="105480006" codeSystem="2.16.840.1.113883.6.96" sdtc:valueSet="2.16.840.1.113883.3.117.1.7.1.93"/>
      </observation>
    </entryRelationship>
  


  </act>
</entry>
    
      <entry>
  <act classCode="ACT" moodCode="RQO" negationInd='true'>
    <templateId root="2.16.840.1.113883.10.20.24.3.130"/>
    <id root="1.3.6.1.4.1.115" extension="5a59048e572446001872ca30"/>
    <code code="SPLY" codeSystem="2.16.840.1.113883.5.6" displayName="Supply" codeSystemName="ActClass"/>

    <entryRelationship typeCode="SUBJ">
      <supply classCode="SPLY" moodCode="RQO">
        <!-- Plan of Care Activity Supply -->
        <templateId root="2.16.840.1.113883.10.20.22.4.43" extension="2014-06-09"/>
        <!-- Device, Order -->
        <templateId root="2.16.840.1.113883.10.20.24.3.9" extension="2016-02-01"/>
        <id root="1.3.6.1.4.1.115" extension="5a59048e572446001872ca30"/>
        <text>Device, Order: Graduated Compression Stockings (Gcs)</text>
        <statusCode code="active"/>

        <effectiveTime xsi:type="IVL_TS">
          <low value='201604190800+0000'/>
          <high value='201604190800+0000'/>
        </effectiveTime>

        <author>
          <templateId root="2.16.840.1.113883.10.20.22.4.119"/>
          <time nullFlavor='UNK'/>
          <assignedAuthor>
            <id nullFlavor="NA" root="334aee57-5607-4faa-bfd2-fdf28df22106"/>
          </assignedAuthor>
        </author>

        <participant typeCode="DEV">
          <participantRole classCode="MANU">
            <playingDevice classCode="DEV">
              <code nullFlavor="NA"
    sdtc:valueSet="2.16.840.1.113883.3.117.1.7.1.256">
    <originalText>Device, Order: Graduated Compression Stockings (Gcs)</originalText>
</code>
            </playingDevice>
          </participantRole>
        </participant>
      </supply>
    </entryRelationship>
    
  
  
  
    <entryRelationship typeCode="RSON">
      <observation classCode="OBS" moodCode="EVN">
        <templateId root="2.16.840.1.113883.10.20.24.3.88" extension="2014-12-01"/>
        <id root="1.3.6.1.4.1.115" extension="23589DBD5A311F2FC1873B9D12AA0A1D"/>
          <code code="77301-0" codeSystem="2.16.840.1.113883.6.1" displayName="reason" codeSystemName="LOINC"/>
        <statusCode code="completed"/>
          <effectiveTime>
            <low value='201604190800+0000'/>
          </effectiveTime>
        <value xsi:type="CD" code="105480006" codeSystem="2.16.840.1.113883.6.96" sdtc:valueSet="2.16.840.1.113883.3.117.1.7.1.93"/>
      </observation>
    </entryRelationship>
  


  </act>
</entry>

    
      <entry>
  <act classCode="ACT" moodCode="EVN" >
    <!--Encounter performed Act -->
    <templateId root="2.16.840.1.113883.10.20.24.3.133"/>
    <id root="1.3.6.1.4.1.115" extension="5a59048e572446001872ca2f"/>
    <code code="ENC" codeSystem="2.16.840.1.113883.5.6" displayName="Encounter" codeSystemName="ActClass"/>
    <entryRelationship typeCode="SUBJ">
      <encounter classCode="ENC" moodCode="EVN">
        <!--  Encounter activities template -->
        <templateId root="2.16.840.1.113883.10.20.22.4.49" extension="2015-08-01"/> 
        <!-- Encounter performed template -->
        <templateId root="2.16.840.1.113883.10.20.24.3.23" extension="2016-02-01" />
        <id root="1.3.6.1.4.1.115" extension="5a59048e572446001872ca2f"/>
        <code code="32485007" codeSystem="2.16.840.1.113883.6.96"
    sdtc:valueSet="2.16.840.1.113883.3.666.5.307">
    <originalText>Encounter, Performed: Encounter Inpatient</originalText>
</code>
        <text>Encounter, Performed: Encounter Inpatient</text>
        <statusCode code="completed"/>
        <effectiveTime>
          <!-- We try to look for the admit/discharge times on the encounter if they are there. If not, we fall back to the typical start/end date. -->
          
          
          <low value='201604180800+0000'/>
          <high value='201604220815+0000'/>
        </effectiveTime>
        
        
        
          

        
        
        
      </encounter>
    </entryRelationship>
  </act>
</entry>

    
      <entry>
  <!--Medication Order -->
  <substanceAdministration classCode="SBADM" moodCode="RQO" negationInd='true'>
    <templateId root="2.16.840.1.113883.10.20.22.4.42" extension="2014-06-09"/>
    <!-- Medication, Order template -->
    <templateId root="2.16.840.1.113883.10.20.24.3.47" extension="2016-02-01"/>
    <id root="1.3.6.1.4.1.115" extension="5a59048e572446001872ca33"/>
    <text>Medication, Order: Injectable Factor Xa Inhibitor For Vte Prophylaxis</text>
    <statusCode code="active"/>
    <effectiveTime xsi:type="IVL_TS">
      <low value='201604190800+0000'/>
      <high value='201604190800+0000'/>
    </effectiveTime>
    
      <effectiveTime xsi:type="PIVL_TS" institutionSpecified="true" operator="A">
        <period nullFlavor="NA"/>
      </effectiveTime>
    
    
    

	<doseQuantity nullFlavor="NA"/>

    <consumable>
      <manufacturedProduct classCode="MANU">
        <!-- Medication Information (consolidation) template -->
        <templateId root="2.16.840.1.113883.10.20.22.4.23" extension="2014-06-09"/>
        <id root="784628f6-6eaf-49ec-98c8-fbd4a065a253"/>
        <manufacturedMaterial>
          <code nullFlavor="NA"
    sdtc:valueSet="2.16.840.1.113883.3.117.1.7.1.211">
    <originalText>Medication, Order: Low Molecular Weight Heparin For Vte Prophylaxis</originalText>
</code>
        </manufacturedMaterial>
      </manufacturedProduct>
    </consumable>
    <author>
      <templateId root="2.16.840.1.113883.10.20.22.4.119"/>
      <time value='201604190800+0000'/>
      <assignedAuthor>
        <id root="8df7b8a3-7f19-496d-91ba-ad35ca0de5f3"/>
      </assignedAuthor>
    </author>
    
  
  
  
    <entryRelationship typeCode="RSON">
      <observation classCode="OBS" moodCode="EVN">
        <templateId root="2.16.840.1.113883.10.20.24.3.88" extension="2014-12-01"/>
        <id root="1.3.6.1.4.1.115" extension="23589DBD5A311F2FC1873B9D12AA0A1D"/>
          <code code="77301-0" codeSystem="2.16.840.1.113883.6.1" displayName="reason" codeSystemName="LOINC"/>
        <statusCode code="completed"/>
          <effectiveTime>
            <low value='201604190800+0000'/>
          </effectiveTime>
        <value xsi:type="CD" code="105480006" codeSystem="2.16.840.1.113883.6.96" sdtc:valueSet="2.16.840.1.113883.3.117.1.7.1.93"/>
      </observation>
    </entryRelationship>
  


  </substanceAdministration>
</entry>

    
      <entry>
  <!--Medication Order -->
  <substanceAdministration classCode="SBADM" moodCode="RQO" negationInd='true'>
    <templateId root="2.16.840.1.113883.10.20.22.4.42" extension="2014-06-09"/>
    <!-- Medication, Order template -->
    <templateId root="2.16.840.1.113883.10.20.24.3.47" extension="2016-02-01"/>
    <id root="1.3.6.1.4.1.115" extension="5a59048e572446001872ca34"/>
    <text>Medication, Order: Low Molecular Weight Heparin For Vte Prophylaxis</text>
    <statusCode code="active"/>
    <effectiveTime xsi:type="IVL_TS">
      <low value='201604190800+0000'/>
      <high value='201604190800+0000'/>
    </effectiveTime>
    
      <effectiveTime xsi:type="PIVL_TS" institutionSpecified="true" operator="A">
        <period nullFlavor="NA"/>
      </effectiveTime>
    
    
    

	<doseQuantity nullFlavor="NA"/>

    <consumable>
      <manufacturedProduct classCode="MANU">
        <!-- Medication Information (consolidation) template -->
        <templateId root="2.16.840.1.113883.10.20.22.4.23" extension="2014-06-09"/>
        <id root="fbe1ed8d-c9d7-452e-a3d0-bc447e4922ec"/>
        <manufacturedMaterial>
          <code nullFlavor="NA"
    sdtc:valueSet="2.16.840.1.113883.3.117.1.7.1.219">
    <originalText>Medication, Order: Low Molecular Weight Heparin For Vte Prophylaxis</originalText>
</code>
        </manufacturedMaterial>
      </manufacturedProduct>
    </consumable>
    <author>
      <templateId root="2.16.840.1.113883.10.20.22.4.119"/>
      <time value='201604190800+0000'/>
      <assignedAuthor>
        <id root="e7a91ab3-0159-4e5d-bbcd-57be5294d20b"/>
      </assignedAuthor>
    </author>
    
  
  
  
    <entryRelationship typeCode="RSON">
      <observation classCode="OBS" moodCode="EVN">
        <templateId root="2.16.840.1.113883.10.20.24.3.88" extension="2014-12-01"/>
        <id root="1.3.6.1.4.1.115" extension="23589DBD5A311F2FC1873B9D12AA0A1D"/>
          <code code="77301-0" codeSystem="2.16.840.1.113883.6.1" displayName="reason" codeSystemName="LOINC"/>
        <statusCode code="completed"/>
          <effectiveTime>
            <low value='201604190800+0000'/>
          </effectiveTime>
        <value xsi:type="CD" code="105480006" codeSystem="2.16.840.1.113883.6.96" sdtc:valueSet="2.16.840.1.113883.3.117.1.7.1.93"/>
      </observation>
    </entryRelationship>
  


  </substanceAdministration>
</entry>

    
</section>
</component>

    </structuredBody>
  </component>

</ClinicalDocument>
