<?xml version="1.0" encoding="utf-8"?>

<ClinicalDocument xmlns:xsi="http://www.w3.org/2001/XMLSchema-instance"
 xmlns="urn:hl7-org:v3"
 xmlns:voc="urn:hl7-org:v3/voc"
 xmlns:sdtc="urn:hl7-org:sdtc">
  <!-- QRDA Header -->
  <realmCode code="US"/>
  <typeId root="2.16.840.1.113883.1.3" extension="POCD_HD000040"/>
  <!-- US Realm Header Template Id -->
  <templateId root="2.16.840.1.113883.10.20.22.1.1" extension="2015-08-01" />
  <!-- QRDA templateId -->
  <templateId root="2.16.840.1.113883.10.20.24.1.1" extension="2016-02-01" />
  <!-- QDM-based QRDA templateId -->
  <templateId root="2.16.840.1.113883.10.20.24.1.2" extension="2016-08-01"/>
  
    <!-- CMS QRDA templateId -->
    <templateId root="2.16.840.1.113883.10.20.24.1.3" extension="2017-07-01" />
  
  <!-- This is the globally unique identifier for this QRDA document -->
  <id root="70a7d8b0-4c88-4f32-aeb1-5cac0ec5082d"/>
  <!-- QRDA document type code -->
  <code code="55182-0" codeSystem="2.16.840.1.113883.6.1" codeSystemName="LOINC" displayName="Quality Measure Report"/>
  <title>QRDA Incidence Report</title>
  <!-- This is the document creation time -->
  <effectiveTime value="20180112185515+0000"/>
  <confidentialityCode code="N" codeSystem="2.16.840.1.113883.5.25"/>
  <languageCode code="en"/>
  <!-- reported patient -->
  
  <recordTarget>
  <patientRole>
    
      
        <id extension="f0d84841-6d79-4862-a0db-54b01da5f407_32" root="2.16.840.1.113883.4.572" />
        
          <id extension="f0d84841-6d79-4862-a0db-54b01da5f407_32" root="1.3.6.1.4.1.115" />
        
      
    
    <addr use="HP">
      
        
          
            <streetAddressLine>375 Dudley Locks Expressway</streetAddressLine>
          
          <city>Whitefurt</city>
          <state>ND</state>
          <postalCode>58682</postalCode>
          <country>US</country>
        
      
    </addr>
    <telecom use="WP" value="tel:+1-781-271-3000"/>
    <patient>
      <name>
        <given>Heidi</given>
        <family>Williamson</family>
      </name>
      <administrativeGenderCode code="F" codeSystem="2.16.840.1.113883.5.1" codeSystemName="HL7 AdministrativeGender"/>
      <birthTime value="19381128"/>
      
        <raceCode code="1002-5"  codeSystemName="CDC Race and Ethnicity" codeSystem="2.16.840.1.113883.6.238"/>
      
      
        <ethnicGroupCode code="2135-2"  codeSystemName="CDC Race and Ethnicity" codeSystem="2.16.840.1.113883.6.238"/>
      
      
        <languageCommunication>
          <templateId root="2.16.840.1.113883.3.88.11.83.2" assigningAuthorityName="HITSP/C83"/>
          <templateId root="1.3.6.1.4.1.19376.1.5.3.1.2.1" assigningAuthorityName="IHE/PCC"/>
          <languageCode code="en"/>
        </languageCommunication>
      
    </patient>
  </patientRole>
</recordTarget>


  
    <author>
      <time value="20180112185515+0000"/>
      <assignedAuthor>
        <!-- NPI -->
        
          <id root="2.16.840.1.113883.4.6" extension="1723328377" />
        
        <addr>
          <streetAddressLine>202 Burlington Rd.</streetAddressLine>
          <city>Bedford</city>
          <state>MA</state>
          <postalCode>01730</postalCode>
          <country>US</country>
        </addr>
        <telecom use="WP" value="tel:(781)271-3000"/>
        <assignedAuthoringDevice>
          <manufacturerModelName>Cypress</manufacturerModelName >
          <softwareName>Cypress</softwareName >
        </assignedAuthoringDevice >
      </assignedAuthor>
    </author>
    <custodian>
      <assignedCustodian>
        <representedCustodianOrganization>
          
            <!-- HQR Only -->
            
              <id root="2.16.840.1.113883.4.336" extension="516824" />
            
          
          <name>Cypress Test Deck</name>
          <telecom use="WP" value="tel:(781)271-3000"/>
          <addr>
            <streetAddressLine>202 Burlington Rd.</streetAddressLine>
            <city>Bedford</city>
            <state>MA</state>
            <postalCode>01730</postalCode>
            <country>US</country>
          </addr>
        </representedCustodianOrganization>
      </assignedCustodian>
    </custodian>
    <!-- This needs to take reporting program into account EH/EP-->
    
      <informationRecipient>
        <intendedRecipient>
          <id root="2.16.840.1.113883.3.249.7" extension="HQR_EHR"/>
        </intendedRecipient>
      </informationRecipient>
    
    <legalAuthenticator>
      <time value="20180112185515+0000"/>
      <signatureCode code="S"/>
      <assignedEntity>
        <id root="bc01a5d1-3a34-4286-82cc-43eb04c972a7"/>
        <addr>
          <streetAddressLine>202 Burlington Rd.</streetAddressLine>
          <city>Bedford</city>
          <state>MA</state>
          <postalCode>01730</postalCode>
          <country>US</country>
        </addr>
        <telecom use="WP" value="tel:(781)271-3000"/>
        <assignedPerson>
          <name>
            <given>Henry</given>
            <family>Seven</family>
          </name>
      </assignedPerson>
        <representedOrganization>
          <id root="2.16.840.1.113883.19.5"/>
          <name>Cypress</name>
        </representedOrganization>
      </assignedEntity>
    </legalAuthenticator>
  
  
    <participant typeCode="DEV">
      <associatedEntity classCode="RGPR">
        <id root="2.16.840.1.113883.3.2074.1" extension="0014ABC1D1EFG1H"/>
      </associatedEntity>
    </participant>
  
  <documentationOf typeCode="DOC">
  <serviceEvent classCode="PCPR"> <!-- care provision -->
  
    
      <effectiveTime>
        <low nullFlavor='UNK'/>
        <high nullFlavor='UNK'/>
      </effectiveTime>
      <!-- You can include multiple performers, each with an NPI, TIN, CCN. -->
      <performer typeCode="PRF">
        <time>
          <low nullFlavor='UNK'/>
          <high nullFlavor='UNK'/>
        </time>
        <assignedEntity>
          
            
              <id root="2.16.840.1.113883.4.6" extension="1723328377" />
            
          
            
          
            
              <id root="2.16.840.1.113883.4.336" extension="516824" />
            
          
          
            <code code="282N00000X" codeSystemName="Healthcare Provider Taxonomy (HIPAA)" codeSystem="2.16.840.1.113883.6.101"/>
          
          
            <addr use="HP">
    
      <streetAddressLine>8322 Chet Plains Bypass</streetAddressLine>
    
    <city>Donavonshire</city>
    <state>ME</state>
    <postalCode>04242</postalCode>
    <country>US</country>
</addr>

          
          
            <assignedPerson>
              <name>
                <given>Jose</given>
                <family>Harrison</family>
              </name>
            </assignedPerson>
          
          <representedOrganization>
            
              
            
              
                <id root="2.16.840.1.113883.4.2" extension="276542170" />
              
            
              
            
            
              <addr use="HP">
    
      <streetAddressLine>8322 Chet Plains Bypass</streetAddressLine>
    
    <city>Donavonshire</city>
    <state>ME</state>
    <postalCode>04242</postalCode>
    <country>US</country>
</addr>

            
          </representedOrganization>
        </assignedEntity>
      </performer>
    
  
  </serviceEvent>
</documentationOf>

  <component>
    <structuredBody>
      <component>
  <section>
    <!--
      *****************************************************************
      Measure Section
      *****************************************************************
    -->
    <!-- This is the templateId for Measure Section -->
    <templateId root="2.16.840.1.113883.10.20.24.2.2"/>
    <!-- This is the templateId for Measure Section QDM -->
    <templateId root="2.16.840.1.113883.10.20.24.2.3"/>
    <!-- This is the LOINC code for "Measure document". This stays the same for all measure section required by QRDA standard -->
    <code code="55186-1" codeSystem="2.16.840.1.113883.6.1"/>
    <title>Measure Section</title>
    <text>
      <table border="1" width="100%">
        <thead>
          <tr>
            <th>eMeasure Title</th>
            <th>Version Neutral Identifier</th>
            <th>eMeasure Version Number</th>
            <th>Version Specific Identifier</th>
          </tr>
        </thead>
        <tbody>
          
          <tr>
            <td>Venous Thromboembolism Prophylaxis</td>
            <td>38B0B5EC-0F63-466F-8FE3-2CD20DDD1622</td>
            <td>0</td>
            <td>40280382-5ABD-FA46-015B-1F6B95092A9D</td>
            <td></td>
          </tr>
          
        </tbody>
      </table>
    </text>
    <!-- 1..* Organizers, each containing a reference to an eMeasure -->
    
    <entry>
      <organizer classCode="CLUSTER" moodCode="EVN">
        <!-- This is the templateId for Measure Reference -->
        <templateId root="2.16.840.1.113883.10.20.24.3.98"/>
        <!-- This is the templateId for eMeasure Reference QDM -->
        <templateId root="2.16.840.1.113883.10.20.24.3.97"/>
        <id root="1.3.6.1.4.1.115" extension="40280382-5ABD-FA46-015B-1F6B95092A9D"/>
        <statusCode code="completed"/>
        <!-- Containing isBranch external references -->
        <reference typeCode="REFR">
          <externalDocument classCode="DOC" moodCode="EVN">
            <!-- SHALL: This is the version specific identifier for eMeasure: QualityMeasureDocument/id it is a GUID-->
            <id root="2.16.840.1.113883.4.738" extension="40280382-5ABD-FA46-015B-1F6B95092A9D"/>
            <!-- SHOULD This is the title of the eMeasure -->
            <text>Venous Thromboembolism Prophylaxis</text>
            <!-- SHOULD: setId is the eMeasure version neutral id  -->
            <setId root="38B0B5EC-0F63-466F-8FE3-2CD20DDD1622"/>
          </externalDocument>
        </reference>
      </organizer>
    </entry>
    
  </section>
</component>

      <component>
  <section>
    <!-- This is the templateId for Reporting Parameters section -->
    <templateId root="2.16.840.1.113883.10.20.17.2.1"/>
    
      <templateId root="2.16.840.1.113883.10.20.17.2.1.1" extension="2016-03-01" />
    
    <code code="55187-9" codeSystem="2.16.840.1.113883.6.1"/>
    <title>Reporting Parameters</title>
    <text>
      <list>
        <item>Reporting period: Fri, 01 Jan 2016 00:00:00 +0000 - Sat, 31 Dec 2016 23:59:59 +0000</item>
      </list>
    </text>
    <entry typeCode="DRIV">
      <act classCode="ACT" moodCode="EVN">
        <!-- This is the templateId for Reporting Parameteres Act -->
        <templateId root="2.16.840.1.113883.10.20.17.3.8"/>
        <templateId root="2.16.840.1.113883.10.20.17.3.8.1" extension="2016-03-01"/>
        <id root="1.3.6.1.4.1.115" extension="8A81CFBE1B0AE1165C737E9CF415BB25" />
        <code code="252116004" codeSystem="2.16.840.1.113883.6.96" displayName="Observation Parameters"/>
        <effectiveTime>
          <low value="20160101000000+0000"/>
          <high value="20161231235959+0000"/>
        </effectiveTime>
      </act>
    </entry>
  </section>
</component>

      <component>
<section>
    <!-- This is the templateId for Patient Data section -->
    <templateId root="2.16.840.1.113883.10.20.17.2.4"/>
    <!-- This is the templateId for Patient Data QDM section -->
    <templateId root="2.16.840.1.113883.10.20.24.2.1" extension="2016-08-01" />
    
      <templateId root="2.16.840.1.113883.10.20.24.2.1.1" extension="2017-07-01"/>
    

    <code code="55188-7" codeSystem="2.16.840.1.113883.6.1"/>
    <title>Patient Data</title>
    <text>

    </text>
    
      <entry>
  <act classCode="ACT" moodCode="EVN" >
    <!-- Medication, Administered template -->
    <templateId root="2.16.840.1.113883.10.20.24.3.42" extension="2016-02-01"/>
    <id root="1.3.6.1.4.1.115" extension="5a59048e572446001872c970"/>
    <code code="416118004" codeSystem="2.16.840.1.113883.6.96" codeSystemName="SNOMED CT" displayName="Administration"/>
    <statusCode code="completed"/>
    <effectiveTime xsi:type="IVL_TS">
      <low value='201605211100+0000'/>
      <high value='201605211100+0000'/>
    </effectiveTime>
    <entryRelationship typeCode="COMP">
      <substanceAdministration classCode="SBADM" moodCode="EVN">
        <!-- Medication Activity (consolidation) template -->
        <templateId root="2.16.840.1.113883.10.20.22.4.16" extension="2014-06-09"/>
        <id root="e81c7863-b04d-4f29-95b6-d5c700e653e3"/>
        <text>Medication, Administered: Oral Factor Xa Inhibitor for VTE Prophylaxis or VTE Treatment</text>
        <statusCode code="completed"/>
        <effectiveTime xsi:type="IVL_TS">
          <low value='201605211100+0000'/>
          <high value='201605211100+0000'/>
        </effectiveTime>
        

    <doseQuantity value="1" unit="{tbl}"/>

        <consumable>
          <manufacturedProduct classCode="MANU">
            <!-- Medication Information (consolidation) template -->
            <templateId root="2.16.840.1.113883.10.20.22.4.23" extension="2014-06-09"/>
            <id root="6355ee33-9b42-44d7-9452-03d36076d386"/>
            <manufacturedMaterial>
              <code code="1364435" codeSystem="2.16.840.1.113883.6.88"
    sdtc:valueSet="2.16.840.1.113883.3.117.1.7.1.134">
    <originalText>Medication, Administered: Oral Factor Xa Inhibitor for VTE Prophylaxis or VTE Treatment</originalText>
</code>
            </manufacturedMaterial>
          </manufacturedProduct>
        </consumable>
      </substanceAdministration>
    </entryRelationship>
    

  </act>
</entry>
    
      <entry>
  <procedure classCode="PROC" moodCode="EVN" >
    <!-- Procedure Activity Procedure -->
    <templateId root="2.16.840.1.113883.10.20.22.4.14" extension="2014-06-09"/>
    <!-- Device Applied -->
    <templateId root="2.16.840.1.113883.10.20.24.3.7" extension="2016-02-01"/>
    <id root="1.3.6.1.4.1.115" extension="5a59048e572446001872c96f"/>
    <code code="360030002" codeSystem="2.16.840.1.113883.6.96" codeSystemName="SNOMED CT" displayName="application of device"/>
    <text>Device, Applied: Intermittent pneumatic compression devices (IPC)</text>
    <statusCode code="completed"/>
    
    <effectiveTime>
      <low value='201605201200+0000'/>
      <high value='201605201200+0000'/>
    </effectiveTime>

    
    
    <participant typeCode="DEV">
      <participantRole classCode="MANU">
        <playingDevice classCode="DEV">
          <code code="428421000124107" codeSystem="2.16.840.1.113883.6.96"
    sdtc:valueSet="2.16.840.1.113883.3.117.1.7.1.214">
    <originalText>Device, Applied: Graduated compression stockings (GCS)</originalText>
</code>
        </playingDevice>
      </participantRole>
    </participant>
    

  </procedure>
</entry>
    
      <entry>
  <act classCode="ACT" moodCode="EVN">
    <!-- Conforms to C-CDA 2.1 Problem Concern Act (V3) -->
    <templateId root="2.16.840.1.113883.10.20.22.4.3" extension="2015-08-01" />
    <!-- Diagnosis Concern Act -->
    <templateId root="2.16.840.1.113883.10.20.24.3.137" extension="2016-08-01" />
    <id root="6ec7f1d9-603f-4c63-934c-926cdf204f91" />
    <code code="CONC" codeSystem="2.16.840.1.113883.5.6" displayName="Concern" />
    
      <statusCode code="active" />
    
    <effectiveTime>
      <low value='201210160800+0000' />
    </effectiveTime>
    <entryRelationship typeCode="SUBJ">
      <observation classCode="OBS" moodCode="EVN">
        <!-- Conforms to C-CDA R2.1 Problem Observation (V3) -->
        <templateId root="2.16.840.1.113883.10.20.22.4.4" extension="2015-08-01" />
        <!-- Diagnosis template -->
        <templateId root="2.16.840.1.113883.10.20.24.3.135" />
        <id root="1.3.6.1.4.1.115" extension="5a59048e572446001872c96b" />
        <code code="29308-4" codeSystem="2.16.840.1.113883.6.1">
          <translation code="282291009" codeSystem="2.16.840.1.113883.6.96"/>
        </code>
        <statusCode code="completed" />
        <effectiveTime>
          <!-- Attribute: onset datetime -->
          <low value='201210160800+0000' />
          <!-- Attribute: abatement datetime -->
          <high nullFlavor='UNK' />
        </effectiveTime>
        <value code="49436004" codeSystem="2.16.840.1.113883.6.96"
    xsi:type="CD" sdtc:valueSet="2.16.840.1.113883.3.117.1.7.1.202">
    <originalText>Diagnosis: Atrial Fibrillation/Flutter</originalText>
    <translation code="427.31" codeSystem="2.16.840.1.113883.6.103"/>
    <translation code="I48.1" codeSystem="2.16.840.1.113883.6.90"/>
</value>
        
        
        
      </observation>
    </entryRelationship>
  </act>
</entry>

    
      <entry>
  <procedure classCode="PROC" moodCode="EVN" >
    <!--  Procedure performed template -->
    <templateId root="2.16.840.1.113883.10.20.24.3.64" extension="2016-02-01"/>
    <!-- Procedure Activity Procedure-->
    <templateId root="2.16.840.1.113883.10.20.22.4.14" extension="2014-06-09"/>
    <id root="1.3.6.1.4.1.115" extension="5a59048e572446001872c972"/>
    <code code="52734007" codeSystem="2.16.840.1.113883.6.96"
    sdtc:valueSet="2.16.840.1.113883.3.117.1.7.1.259">
    <originalText>Procedure, Performed: General or Neuraxial Anesthesia</originalText>
    <translation code="0SR90JZ" codeSystem="2.16.840.1.113883.6.4"/>
</code>
    <text>Procedure, Performed: Hip Replacement Surgery</text>
    <statusCode code="completed"/>
    <effectiveTime>
      <low value='201605200930+0000'/>
      <high value='201605201100+0000'/>
    </effectiveTime>
    
    

    
    

  </procedure>
</entry>
    
      <entry>
  <!-- Patient Characteristic Payer -->
  <observation classCode="OBS" moodCode="EVN">
    <templateId root="2.16.840.1.113883.10.20.24.3.55"/>
    <id root="1.3.6.1.4.1.115" extension="5a59048e572446001872c974"/>
    <code code="48768-6" codeSystemName="LOINC" codeSystem="2.16.840.1.113883.6.1" displayName="Payment source"/> 
    <statusCode code="completed"/>
    <effectiveTime>
      <!-- Attribute: Start Datetime -->
      <low value='200705010145+0000'/>
      
    </effectiveTime>
    <value code="2" codeSystem="2.16.840.1.113883.3.221.5"
    xsi:type="CD" sdtc:valueSet="2.16.840.1.114222.4.11.3591">
    <originalText></originalText>
</value>

  </observation>            
</entry>
    
      <entry>
  <procedure classCode="PROC" moodCode="EVN" >
    <!--  Procedure performed template -->
    <templateId root="2.16.840.1.113883.10.20.24.3.64" extension="2016-02-01"/>
    <!-- Procedure Activity Procedure-->
    <templateId root="2.16.840.1.113883.10.20.22.4.14" extension="2014-06-09"/>
    <id root="1.3.6.1.4.1.115" extension="5a59048e572446001872c971"/>
    <code code="50697003" codeSystem="2.16.840.1.113883.6.96"
    sdtc:valueSet="2.16.840.1.113883.3.666.5.1743">
    <originalText>Procedure, Performed: General or Neuraxial Anesthesia</originalText>
    <translation code="3E030FZ" codeSystem="2.16.840.1.113883.6.4"/>
</code>
    <text>Procedure, Performed: General or Neuraxial Anesthesia</text>
    <statusCode code="completed"/>
    <effectiveTime>
      <low value='201605200925+0000'/>
      <high value='201605201105+0000'/>
    </effectiveTime>
    
    

    
    

  </procedure>
</entry>
    
      <entry>
  <act classCode="ACT" moodCode="EVN" >
    <!--Encounter performed Act -->
    <templateId root="2.16.840.1.113883.10.20.24.3.133"/>
    <id root="1.3.6.1.4.1.115" extension="5a59048e572446001872c96c"/>
    <code code="ENC" codeSystem="2.16.840.1.113883.5.6" displayName="Encounter" codeSystemName="ActClass"/>
    <entryRelationship typeCode="SUBJ">
      <encounter classCode="ENC" moodCode="EVN">
        <!--  Encounter activities template -->
        <templateId root="2.16.840.1.113883.10.20.22.4.49" extension="2015-08-01"/> 
        <!-- Encounter performed template -->
        <templateId root="2.16.840.1.113883.10.20.24.3.23" extension="2016-02-01" />
        <id root="1.3.6.1.4.1.115" extension="5a59048e572446001872c96c"/>
        <code code="305351004" codeSystem="2.16.840.1.113883.6.96"
    sdtc:valueSet="2.16.840.1.113883.3.117.1.7.1.305">
    <originalText>Encounter, Performed: Encounter Inpatient</originalText>
</code>
        <text>Encounter, Performed: ICU Admission or Transfer</text>
        <statusCode code="completed"/>
        <effectiveTime>
          <!-- We try to look for the admit/discharge times on the encounter if they are there. If not, we fall back to the typical start/end date. -->
          
          
          <low value='201605200800+0000'/>
          <high value='201605220800+0000'/>
        </effectiveTime>
        
        
        
          

        
        
        
      </encounter>
    </entryRelationship>
  </act>
</entry>

    
      <entry>
  <act classCode="ACT" moodCode="EVN" >
    <!--Encounter performed Act -->
    <templateId root="2.16.840.1.113883.10.20.24.3.133"/>
    <id root="1.3.6.1.4.1.115" extension="5a59048e572446001872c96d"/>
    <code code="ENC" codeSystem="2.16.840.1.113883.5.6" displayName="Encounter" codeSystemName="ActClass"/>
    <entryRelationship typeCode="SUBJ">
      <encounter classCode="ENC" moodCode="EVN">
        <!--  Encounter activities template -->
        <templateId root="2.16.840.1.113883.10.20.22.4.49" extension="2015-08-01"/> 
        <!-- Encounter performed template -->
        <templateId root="2.16.840.1.113883.10.20.24.3.23" extension="2016-02-01" />
        <id root="1.3.6.1.4.1.115" extension="5a59048e572446001872c96d"/>
        <code code="32485007" codeSystem="2.16.840.1.113883.6.96"
    sdtc:valueSet="2.16.840.1.113883.3.666.5.307">
    <originalText>Encounter, Performed: Encounter Inpatient</originalText>
</code>
        <text>Encounter, Performed: Encounter Inpatient</text>
        <statusCode code="completed"/>
        <effectiveTime>
          <!-- We try to look for the admit/discharge times on the encounter if they are there. If not, we fall back to the typical start/end date. -->
          
          
          <low value='201605200800+0000'/>
          <high value='201605251000+0000'/>
        </effectiveTime>
        
        
        
          

        
        
        
      </encounter>
    </entryRelationship>
  </act>
</entry>

    
      <entry>
  <procedure classCode="PROC" moodCode="EVN" >
    <!-- Procedure Activity Procedure -->
    <templateId root="2.16.840.1.113883.10.20.22.4.14" extension="2014-06-09"/>
    <!-- Device Applied -->
    <templateId root="2.16.840.1.113883.10.20.24.3.7" extension="2016-02-01"/>
    <id root="1.3.6.1.4.1.115" extension="5a59048e572446001872c96e"/>
    <code code="360030002" codeSystem="2.16.840.1.113883.6.96" codeSystemName="SNOMED CT" displayName="application of device"/>
    <text>Device, Applied: Graduated compression stockings (GCS)</text>
    <statusCode code="completed"/>
    
    <effectiveTime>
      <low value='201605200900+0000'/>
      <high value='201605200900+0000'/>
    </effectiveTime>

    
    
    <participant typeCode="DEV">
      <participantRole classCode="MANU">
        <playingDevice classCode="DEV">
          <code code="348681001" codeSystem="2.16.840.1.113883.6.96"
    sdtc:valueSet="2.16.840.1.113883.3.117.1.7.1.256">
    <originalText>Device, Applied: Graduated compression stockings (GCS)</originalText>
</code>
        </playingDevice>
      </participantRole>
    </participant>
    

  </procedure>
</entry>
    
</section>
</component>

    </structuredBody>
  </component>

</ClinicalDocument>
