<?xml version="1.0" encoding="utf-8"?>

<ClinicalDocument xmlns:xsi="http://www.w3.org/2001/XMLSchema-instance"
 xmlns="urn:hl7-org:v3"
 xmlns:voc="urn:hl7-org:v3/voc"
 xmlns:sdtc="urn:hl7-org:sdtc">
  <!-- QRDA Header -->
  <realmCode code="US"/>
  <typeId root="2.16.840.1.113883.1.3" extension="POCD_HD000040"/>
  <!-- US Realm Header Template Id -->
  <templateId root="2.16.840.1.113883.10.20.22.1.1" extension="2015-08-01" />
  <!-- QRDA templateId -->
  <templateId root="2.16.840.1.113883.10.20.24.1.1" extension="2016-02-01" />
  <!-- QDM-based QRDA templateId -->
  <templateId root="2.16.840.1.113883.10.20.24.1.2" extension="2016-08-01"/>
  
    <!-- CMS QRDA templateId -->
    <templateId root="2.16.840.1.113883.10.20.24.1.3" extension="2017-07-01" />
  
  <!-- This is the globally unique identifier for this QRDA document -->
  <id root="54680c0e-b955-40da-b689-c7a500b9b947"/>
  <!-- QRDA document type code -->
  <code code="55182-0" codeSystem="2.16.840.1.113883.6.1" codeSystemName="LOINC" displayName="Quality Measure Report"/>
  <title>QRDA Incidence Report</title>
  <!-- This is the document creation time -->
  <effectiveTime value="20180112185452+0000"/>
  <confidentialityCode code="N" codeSystem="2.16.840.1.113883.5.25"/>
  <languageCode code="en"/>
  <!-- reported patient -->
  
  <recordTarget>
  <patientRole>
    
      
        <id extension="512f30a1-f45c-42c9-9147-c38abd5eed00_4" root="2.16.840.1.113883.4.572" />
        
          <id extension="512f30a1-f45c-42c9-9147-c38abd5eed00_4" root="1.3.6.1.4.1.115" />
        
      
    
    <addr use="HP">
      
        
          
            <streetAddressLine>12188 Jast Ridge Vista</streetAddressLine>
          
          <city>Johnshaven</city>
          <state>WA</state>
          <postalCode>99035</postalCode>
          <country>US</country>
        
      
    </addr>
    <telecom use="WP" value="tel:+1-781-271-3000"/>
    <patient>
      <name>
        <given>Cassandra</given>
        <family>Schneider</family>
      </name>
      <administrativeGenderCode code="F" codeSystem="2.16.840.1.113883.5.1" codeSystemName="HL7 AdministrativeGender"/>
      <birthTime value="19910211"/>
      
        <raceCode code="2076-8"  codeSystemName="CDC Race and Ethnicity" codeSystem="2.16.840.1.113883.6.238"/>
      
      
        <ethnicGroupCode code="2186-5"  codeSystemName="CDC Race and Ethnicity" codeSystem="2.16.840.1.113883.6.238"/>
      
      
        <languageCommunication>
          <templateId root="2.16.840.1.113883.3.88.11.83.2" assigningAuthorityName="HITSP/C83"/>
          <templateId root="1.3.6.1.4.1.19376.1.5.3.1.2.1" assigningAuthorityName="IHE/PCC"/>
          <languageCode code="en"/>
        </languageCommunication>
      
    </patient>
  </patientRole>
</recordTarget>


  
    <author>
      <time value="20180112185452+0000"/>
      <assignedAuthor>
        <!-- NPI -->
        
          <id root="2.16.840.1.113883.4.6" extension="1680139122" />
        
        <addr>
          <streetAddressLine>202 Burlington Rd.</streetAddressLine>
          <city>Bedford</city>
          <state>MA</state>
          <postalCode>01730</postalCode>
          <country>US</country>
        </addr>
        <telecom use="WP" value="tel:(781)271-3000"/>
        <assignedAuthoringDevice>
          <manufacturerModelName>Cypress</manufacturerModelName >
          <softwareName>Cypress</softwareName >
        </assignedAuthoringDevice >
      </assignedAuthor>
    </author>
    <custodian>
      <assignedCustodian>
        <representedCustodianOrganization>
          
            <!-- HQR Only -->
            
              <id root="2.16.840.1.113883.4.336" extension="452890" />
            
          
          <name>Cypress Test Deck</name>
          <telecom use="WP" value="tel:(781)271-3000"/>
          <addr>
            <streetAddressLine>202 Burlington Rd.</streetAddressLine>
            <city>Bedford</city>
            <state>MA</state>
            <postalCode>01730</postalCode>
            <country>US</country>
          </addr>
        </representedCustodianOrganization>
      </assignedCustodian>
    </custodian>
    <!-- This needs to take reporting program into account EH/EP-->
    
      <informationRecipient>
        <intendedRecipient>
          <id root="2.16.840.1.113883.3.249.7" extension="HQR_EHR"/>
        </intendedRecipient>
      </informationRecipient>
    
    <legalAuthenticator>
      <time value="20180112185452+0000"/>
      <signatureCode code="S"/>
      <assignedEntity>
        <id root="bc01a5d1-3a34-4286-82cc-43eb04c972a7"/>
        <addr>
          <streetAddressLine>202 Burlington Rd.</streetAddressLine>
          <city>Bedford</city>
          <state>MA</state>
          <postalCode>01730</postalCode>
          <country>US</country>
        </addr>
        <telecom use="WP" value="tel:(781)271-3000"/>
        <assignedPerson>
          <name>
            <given>Henry</given>
            <family>Seven</family>
          </name>
      </assignedPerson>
        <representedOrganization>
          <id root="2.16.840.1.113883.19.5"/>
          <name>Cypress</name>
        </representedOrganization>
      </assignedEntity>
    </legalAuthenticator>
  
  
    <participant typeCode="DEV">
      <associatedEntity classCode="RGPR">
        <id root="2.16.840.1.113883.3.2074.1" extension="0014ABC1D1EFG1H"/>
      </associatedEntity>
    </participant>
  
  <documentationOf typeCode="DOC">
  <serviceEvent classCode="PCPR"> <!-- care provision -->
  
    
      <effectiveTime>
        <low nullFlavor='UNK'/>
        <high nullFlavor='UNK'/>
      </effectiveTime>
      <!-- You can include multiple performers, each with an NPI, TIN, CCN. -->
      <performer typeCode="PRF">
        <time>
          <low nullFlavor='UNK'/>
          <high nullFlavor='UNK'/>
        </time>
        <assignedEntity>
          
            
              <id root="2.16.840.1.113883.4.6" extension="1680139122" />
            
          
            
          
            
              <id root="2.16.840.1.113883.4.336" extension="452890" />
            
          
          
            <code code="282N00000X" codeSystemName="Healthcare Provider Taxonomy (HIPAA)" codeSystem="2.16.840.1.113883.6.101"/>
          
          
            <addr use="HP">
    
      <streetAddressLine>107 Edd Center Tunnel</streetAddressLine>
    
    <city>Wuckertmouth</city>
    <state>NY</state>
    <postalCode>12255</postalCode>
    <country>US</country>
</addr>

          
          
            <assignedPerson>
              <name>
                <given>Jared</given>
                <family>French</family>
              </name>
            </assignedPerson>
          
          <representedOrganization>
            
              
            
              
                <id root="2.16.840.1.113883.4.2" extension="096089356" />
              
            
              
            
            
              <addr use="HP">
    
      <streetAddressLine>107 Edd Center Tunnel</streetAddressLine>
    
    <city>Wuckertmouth</city>
    <state>NY</state>
    <postalCode>12255</postalCode>
    <country>US</country>
</addr>

            
          </representedOrganization>
        </assignedEntity>
      </performer>
    
  
  </serviceEvent>
</documentationOf>

  <component>
    <structuredBody>
      <component>
  <section>
    <!--
      *****************************************************************
      Measure Section
      *****************************************************************
    -->
    <!-- This is the templateId for Measure Section -->
    <templateId root="2.16.840.1.113883.10.20.24.2.2"/>
    <!-- This is the templateId for Measure Section QDM -->
    <templateId root="2.16.840.1.113883.10.20.24.2.3"/>
    <!-- This is the LOINC code for "Measure document". This stays the same for all measure section required by QRDA standard -->
    <code code="55186-1" codeSystem="2.16.840.1.113883.6.1"/>
    <title>Measure Section</title>
    <text>
      <table border="1" width="100%">
        <thead>
          <tr>
            <th>eMeasure Title</th>
            <th>Version Neutral Identifier</th>
            <th>eMeasure Version Number</th>
            <th>Version Specific Identifier</th>
          </tr>
        </thead>
        <tbody>
          
          <tr>
            <td>Elective Delivery</td>
            <td>FD7CA18D-B56D-4BCA-AF35-71CE36B15246</td>
            <td>0</td>
            <td>40280382-5ABD-FA46-015B-1643986224CB</td>
            <td></td>
          </tr>
          
        </tbody>
      </table>
    </text>
    <!-- 1..* Organizers, each containing a reference to an eMeasure -->
    
    <entry>
      <organizer classCode="CLUSTER" moodCode="EVN">
        <!-- This is the templateId for Measure Reference -->
        <templateId root="2.16.840.1.113883.10.20.24.3.98"/>
        <!-- This is the templateId for eMeasure Reference QDM -->
        <templateId root="2.16.840.1.113883.10.20.24.3.97"/>
        <id root="1.3.6.1.4.1.115" extension="40280382-5ABD-FA46-015B-1643986224CB"/>
        <statusCode code="completed"/>
        <!-- Containing isBranch external references -->
        <reference typeCode="REFR">
          <externalDocument classCode="DOC" moodCode="EVN">
            <!-- SHALL: This is the version specific identifier for eMeasure: QualityMeasureDocument/id it is a GUID-->
            <id root="2.16.840.1.113883.4.738" extension="40280382-5ABD-FA46-015B-1643986224CB"/>
            <!-- SHOULD This is the title of the eMeasure -->
            <text>Elective Delivery</text>
            <!-- SHOULD: setId is the eMeasure version neutral id  -->
            <setId root="FD7CA18D-B56D-4BCA-AF35-71CE36B15246"/>
          </externalDocument>
        </reference>
      </organizer>
    </entry>
    
  </section>
</component>

      <component>
  <section>
    <!-- This is the templateId for Reporting Parameters section -->
    <templateId root="2.16.840.1.113883.10.20.17.2.1"/>
    
      <templateId root="2.16.840.1.113883.10.20.17.2.1.1" extension="2016-03-01" />
    
    <code code="55187-9" codeSystem="2.16.840.1.113883.6.1"/>
    <title>Reporting Parameters</title>
    <text>
      <list>
        <item>Reporting period: Fri, 01 Jan 2016 00:00:00 +0000 - Sat, 31 Dec 2016 23:59:59 +0000</item>
      </list>
    </text>
    <entry typeCode="DRIV">
      <act classCode="ACT" moodCode="EVN">
        <!-- This is the templateId for Reporting Parameteres Act -->
        <templateId root="2.16.840.1.113883.10.20.17.3.8"/>
        <templateId root="2.16.840.1.113883.10.20.17.3.8.1" extension="2016-03-01"/>
        <id root="1.3.6.1.4.1.115" extension="8A81CFBE1B0AE1165C737E9CF415BB25" />
        <code code="252116004" codeSystem="2.16.840.1.113883.6.96" displayName="Observation Parameters"/>
        <effectiveTime>
          <low value="20160101000000+0000"/>
          <high value="20161231235959+0000"/>
        </effectiveTime>
      </act>
    </entry>
  </section>
</component>

      <component>
<section>
    <!-- This is the templateId for Patient Data section -->
    <templateId root="2.16.840.1.113883.10.20.17.2.4"/>
    <!-- This is the templateId for Patient Data QDM section -->
    <templateId root="2.16.840.1.113883.10.20.24.2.1" extension="2016-08-01" />
    
      <templateId root="2.16.840.1.113883.10.20.24.2.1.1" extension="2017-07-01"/>
    

    <code code="55188-7" codeSystem="2.16.840.1.113883.6.1"/>
    <title>Patient Data</title>
    <text>

    </text>
    
      <entry>
  <procedure classCode="PROC" moodCode="EVN" >
    <!--  Procedure performed template -->
    <templateId root="2.16.840.1.113883.10.20.24.3.64" extension="2016-02-01"/>
    <!-- Procedure Activity Procedure-->
    <templateId root="2.16.840.1.113883.10.20.22.4.14" extension="2014-06-09"/>
    <id root="1.3.6.1.4.1.115" extension="5a59047b572446001c7802dd"/>
    <code code="288189000" codeSystem="2.16.840.1.113883.6.96"
    sdtc:valueSet="2.16.840.1.113883.3.117.1.7.1.288">
    <originalText>Procedure, Performed: Cesarean Birth</originalText>
    <translation code="3E033VJ" codeSystem="2.16.840.1.113883.6.4"/>
</code>
    <text>Procedure, Performed: Medical Induction of Labor</text>
    <statusCode code="completed"/>
    <effectiveTime>
      <low value='201604011315+0000'/>
      <high value='201604011415+0000'/>
    </effectiveTime>
    
    

    
    

  </procedure>
</entry>
    
      
  <entry>
    <observation classCode="OBS" moodCode="EVN" >
      <!-- Assessment Performed -->
      <templateId root="2.16.840.1.113883.10.20.24.3.144" extension="2016-08-01" />
      <id root="1.3.6.1.4.1.115" extension="5a59047b572446001c7802e1"/>
      <code code="444135009" codeSystem="2.16.840.1.113883.6.96"
    sdtc:valueSet="2.16.840.1.113762.1.4.1045.26">
    <originalText>Assessment, Performed: Time of Delivery</originalText>
</code>
      <text>Assessment, Performed: Estimated Gestational Age at Delivery</text>
      <statusCode code="completed"/>
      <effectiveTime>
        <low value='201604012200+0000'/>
        <high value='201604012200+0000'/>
      </effectiveTime>
      
    
        
            <value xsi:type="PQ" value="38" unit="weeks"/>
        
    


      

      
<entryRelationship typeCode="REFR">
     <observation classCode="OBS" moodCode="EVN">
        <!-- Conforms to C-CDA R2.1 Result Observation (V3) -->
        <templateId root="2.16.840.1.113883.10.20.22.4.2" extension="2015-08-01" />
        <!-- Result (V3) -->
        <templateId root="2.16.840.1.113883.10.20.24.3.87" extension="2016-02-01" />
        <id root="1.3.6.1.4.1.115" extension="D41D8CD98F00B204E9800998ECF8427E"/>
        <code code="444135009" codeSystem="2.16.840.1.113883.6.96"
    sdtc:valueSet="2.16.840.1.113762.1.4.1045.26">
    <originalText>Assessment, Performed: Time of Delivery</originalText>
</code>
        <statusCode code="completed"/>
        <effectiveTime>
            <low value='201604012200+0000'/>
            <high value='201604012200+0000'/>
        </effectiveTime>
        
    
        
            <value xsi:type="PQ" value="38" unit="weeks"/>
        
    


    </observation>
</entryRelationship>


    </observation>
  </entry>

    
      <entry>
  <procedure classCode="PROC" moodCode="EVN" >
    <!--  Procedure performed template -->
    <templateId root="2.16.840.1.113883.10.20.24.3.64" extension="2016-02-01"/>
    <!-- Procedure Activity Procedure-->
    <templateId root="2.16.840.1.113883.10.20.22.4.14" extension="2014-06-09"/>
    <id root="1.3.6.1.4.1.115" extension="5a59047b572446001c7802de"/>
    <code code="177143000" codeSystem="2.16.840.1.113883.6.96"
    sdtc:valueSet="2.16.840.1.113883.3.117.1.7.1.282">
    <originalText>Procedure, Performed: Cesarean Birth</originalText>
    <translation code="10D00Z1" codeSystem="2.16.840.1.113883.6.4"/>
</code>
    <text>Procedure, Performed: Cesarean Birth</text>
    <statusCode code="completed"/>
    <effectiveTime>
      <low value='201604012200+0000'/>
      <high value='201604012300+0000'/>
    </effectiveTime>
    
    

    
    

  </procedure>
</entry>
    
      <entry>
  <!-- Patient Characteristic Payer -->
  <observation classCode="OBS" moodCode="EVN">
    <templateId root="2.16.840.1.113883.10.20.24.3.55"/>
    <id root="1.3.6.1.4.1.115" extension="5a59047b572446001c7802e0"/>
    <code code="48768-6" codeSystemName="LOINC" codeSystem="2.16.840.1.113883.6.1" displayName="Payment source"/> 
    <statusCode code="completed"/>
    <effectiveTime>
      <!-- Attribute: Start Datetime -->
      <low value='200711030658+0000'/>
      
    </effectiveTime>
    <value code="349" codeSystem="2.16.840.1.113883.3.221.5"
    xsi:type="CD" sdtc:valueSet="2.16.840.1.114222.4.11.3591">
    <originalText></originalText>
</value>

  </observation>            
</entry>
    
      <entry>
  <act classCode="ACT" moodCode="EVN" >
    <!--Encounter performed Act -->
    <templateId root="2.16.840.1.113883.10.20.24.3.133"/>
    <id root="1.3.6.1.4.1.115" extension="5a59047b572446001c7802db"/>
    <code code="ENC" codeSystem="2.16.840.1.113883.5.6" displayName="Encounter" codeSystemName="ActClass"/>
    <entryRelationship typeCode="SUBJ">
      <encounter classCode="ENC" moodCode="EVN">
        <!--  Encounter activities template -->
        <templateId root="2.16.840.1.113883.10.20.22.4.49" extension="2015-08-01"/> 
        <!-- Encounter performed template -->
        <templateId root="2.16.840.1.113883.10.20.24.3.23" extension="2016-02-01" />
        <id root="1.3.6.1.4.1.115" extension="5a59047b572446001c7802db"/>
        <code code="32485007" codeSystem="2.16.840.1.113883.6.96"
    sdtc:valueSet="2.16.840.1.113883.3.666.5.307">
    <originalText>Encounter, Performed: Encounter Inpatient</originalText>
</code>
        <text>Encounter, Performed: Encounter Inpatient</text>
        <statusCode code="completed"/>
        <effectiveTime>
          <!-- We try to look for the admit/discharge times on the encounter if they are there. If not, we fall back to the typical start/end date. -->
          
          
          <low value='201604011315+0000'/>
          <high value='201604062030+0000'/>
        </effectiveTime>
        
        
        
          

        
        
        
      </encounter>
    </entryRelationship>
  </act>
</entry>

    
      <entry>
  <procedure classCode="PROC" moodCode="EVN" >
    <!--  Procedure performed template -->
    <templateId root="2.16.840.1.113883.10.20.24.3.64" extension="2016-02-01"/>
    <!-- Procedure Activity Procedure-->
    <templateId root="2.16.840.1.113883.10.20.22.4.14" extension="2014-06-09"/>
    <id root="1.3.6.1.4.1.115" extension="5a59047b572446001c7802de"/>
    <code code="177143000" codeSystem="2.16.840.1.113883.6.96"
    sdtc:valueSet="2.16.840.1.113762.1.4.1045.59">
    <originalText>Procedure, Performed: Cesarean Birth</originalText>
    <translation code="10D00Z1" codeSystem="2.16.840.1.113883.6.4"/>
</code>
    <text>Procedure, Performed: Cesarean Birth</text>
    <statusCode code="completed"/>
    <effectiveTime>
      <low value='201604012200+0000'/>
      <high value='201604012300+0000'/>
    </effectiveTime>
    
    

    
    

  </procedure>
</entry>
    
      <entry>
  <act classCode="ACT" moodCode="EVN" >
    <!-- Medication, Administered template -->
    <templateId root="2.16.840.1.113883.10.20.24.3.42" extension="2016-02-01"/>
    <id root="1.3.6.1.4.1.115" extension="5a59047b572446001c7802dc"/>
    <code code="416118004" codeSystem="2.16.840.1.113883.6.96" codeSystemName="SNOMED CT" displayName="Administration"/>
    <statusCode code="completed"/>
    <effectiveTime xsi:type="IVL_TS">
      <low value='201604011315+0000'/>
      <high value='201604011415+0000'/>
    </effectiveTime>
    <entryRelationship typeCode="COMP">
      <substanceAdministration classCode="SBADM" moodCode="EVN">
        <!-- Medication Activity (consolidation) template -->
        <templateId root="2.16.840.1.113883.10.20.22.4.16" extension="2014-06-09"/>
        <id root="2305407a-0a2f-4022-9bea-7cf1a72129c0"/>
        <text>Medication, Administered: Oxytocin</text>
        <statusCode code="completed"/>
        <effectiveTime xsi:type="IVL_TS">
          <low value='201604011315+0000'/>
          <high value='201604011415+0000'/>
        </effectiveTime>
        

    <doseQuantity value="1" unit="unit(s)"/>

        <consumable>
          <manufacturedProduct classCode="MANU">
            <!-- Medication Information (consolidation) template -->
            <templateId root="2.16.840.1.113883.10.20.22.4.23" extension="2014-06-09"/>
            <id root="2aca59bd-9c3a-42f7-bd5a-e9e2ae5009c5"/>
            <manufacturedMaterial>
              <code code="238013" codeSystem="2.16.840.1.113883.6.88"
    sdtc:valueSet="2.16.840.1.113762.1.4.1045.55">
    <originalText>Medication, Administered: Oxytocin</originalText>
</code>
            </manufacturedMaterial>
          </manufacturedProduct>
        </consumable>
      </substanceAdministration>
    </entryRelationship>
    

  </act>
</entry>
    
      
  <entry>
    <observation classCode="OBS" moodCode="EVN" >
      <!-- Assessment Performed -->
      <templateId root="2.16.840.1.113883.10.20.24.3.144" extension="2016-08-01" />
      <id root="1.3.6.1.4.1.115" extension="5a59047b572446001c7802e2"/>
      <code code="397836004" codeSystem="2.16.840.1.113883.6.96"
    sdtc:valueSet="2.16.840.1.113762.1.4.1045.28">
    <originalText>Assessment, Performed: Time of Delivery</originalText>
</code>
      <text>Assessment, Performed: Time of Delivery</text>
      <statusCode code="completed"/>
      <effectiveTime>
        <low value='201604012215+0000'/>
        <high value='201604012215+0000'/>
      </effectiveTime>
      
    <value xsi:type="CD" nullFlavor="UNK"/>


      

      

    </observation>
  </entry>

    
</section>
</component>

    </structuredBody>
  </component>

</ClinicalDocument>
