<?xml version="1.0" encoding="utf-8"?>
<ClinicalDocument xmlns:xsi="http://www.w3.org/2001/XMLSchema-instance" xmlns="urn:hl7-org:v3" xmlns:voc="urn:hl7-org:v3/voc" xmlns:sdtc="urn:hl7-org:sdtc">

<!-- QRDA Header -->
<realmCode code="US"/>
<typeId root="2.16.840.1.113883.1.3" extension="POCD_HD000040"/>
<!-- US Realm Header Template Id -->
<templateId root="2.16.840.1.113883.10.20.22.1.1" extension="2015-08-01"/>
<!-- QRDA templateId -->
<templateId root="2.16.840.1.113883.10.20.24.1.1" extension="2017-08-01"/>
<!-- QDM-based QRDA templateId -->
<templateId root="2.16.840.1.113883.10.20.24.1.2" extension="2018-10-01"/>
<!-- CMS QRDA templateId -->
<templateId root="2.16.840.1.113883.10.20.24.1.3" extension="2019-02-01"/>
<!-- This is the globally unique identifier for this QRDA document -->
<id root="221c80f0-fb50-0138-88e2-080027e672fa"/>
<!-- QRDA document type code -->
<code code="55182-0" codeSystem="2.16.840.1.113883.6.1" codeSystemName="LOINC" displayName="Quality Measure Report"/>
<title>QRDA Incidence Report</title>
<!-- This is the document creation time -->
<effectiveTime value="20201028133348"/>
<confidentialityCode code="N" codeSystem="2.16.840.1.113883.5.25"/>
<languageCode code="en"/>
<!-- reported patient -->
<recordTarget>
  <patientRole>
    <id extension="5f99733c63623903c1fbba99" root="1.3.6.1.4.1.115" />
      <addr use="HP">
          <streetAddressLine>8782 Emerald Fort Cliffs</streetAddressLine>
        <city>Lake Zoilatown</city>
        <state>ME</state>
        <postalCode>04273</postalCode>
        <country>US</country>
      </addr>
      <telecom use="HP" value="tel:563.933.8612"/>
    <patient>
        <name>
          <given>Bernard</given>
          <family>Morgan</family>
        </name>
          <administrativeGenderCode code="M" codeSystem="2.16.840.1.113883.5.1" codeSystemName="AdministrativeGender"/>
        <birthTime value='19450306153000'/>
          <raceCode code="2054-5" codeSystem="2.16.840.1.113883.6.238" codeSystemName="CDCREC"/>
          <ethnicGroupCode code="2186-5" codeSystem="2.16.840.1.113883.6.238" codeSystemName="CDCREC"/>
      <languageCommunication>
        <languageCode code="eng"/>
      </languageCommunication>
    </patient>
  </patientRole>
</recordTarget>
<author>
  <time value="20201028133348"/>
  <assignedAuthor>
    <!-- NPI -->
      <id extension="1279283992" root="2.16.840.1.113883.4.6"/>
    <addr>
      <streetAddressLine>202 Burlington Rd.</streetAddressLine>
      <city>Bedford</city>
      <state>MA</state>
      <postalCode>01730</postalCode>
      <country>US</country>
    </addr>
    <telecom use="WP" value="tel:(781)271-3000"/>
    <assignedAuthoringDevice>
      <manufacturerModelName>Cypress</manufacturerModelName>
      <softwareName>Cypress</softwareName>
    </assignedAuthoringDevice>
  </assignedAuthor>
</author><custodian>
  <assignedCustodian>
    <representedCustodianOrganization>
        <id extension="629396" root="2.16.840.1.113883.4.336"/>
      <name>Cypress Test Deck</name>
      <telecom use="WP" value="tel:(781)271-3000"/>
      <addr use="HP">
        <streetAddressLine>416 Arlo Village Spur</streetAddressLine>
        <city>Quitzonbury</city>
        <state>NJ</state>
        <postalCode>07632</postalCode>
        <country>US</country>
      </addr>
    </representedCustodianOrganization>
  </assignedCustodian>
</custodian>
<informationRecipient>
  <intendedRecipient>
    <id extension="HQR_IQR" root="2.16.840.1.113883.3.249.7"/>
  </intendedRecipient>
</informationRecipient>
<legalAuthenticator>
  <time value="20201028133348"/>
  <signatureCode code="S"/>
  <assignedEntity>
    <id root="bc01a5d1-3a34-4286-82cc-43eb04c972a7"/>
    <addr>
      <streetAddressLine>202 Burlington Rd.</streetAddressLine>
      <city>Bedford</city>
      <state>MA</state>
      <postalCode>01730</postalCode>
      <country>US</country>
    </addr>
    <telecom use="WP" value="tel:(781)271-3000"/>
    <assignedPerson>
      <name>
        <given>Henry</given>
        <family>Seven</family>
      </name>
    </assignedPerson>
    <representedOrganization>
      <id root="2.16.840.1.113883.19.5"/>
      <name>Cypress</name>
    </representedOrganization>
  </assignedEntity>
</legalAuthenticator><participant typeCode="DEV">
  <associatedEntity classCode="RGPR">
    <!-- CMS EHR Certification Number (formerly known as Office of the 
        National Coordinator Certification Number) -->
    <id extension="123456789" root="2.16.840.1.113883.3.2074.1"/>
  </associatedEntity>
</participant><documentationOf typeCode="DOC">
  <serviceEvent classCode="PCPR">
    <!-- care provision -->
    <effectiveTime>
      <low nullFlavor="UNK"/>
      <high nullFlavor="UNK"/>
    </effectiveTime>
    <!-- You can include multiple performers, each with an NPI, TIN, CCN. -->
    <performer typeCode="PRF">
      <time>
        <low nullFlavor="UNK"/>
        <high nullFlavor="UNK"/>
      </time>
      <assignedEntity>
          <id extension="1279283992" root="2.16.840.1.113883.4.6"/>
          <id extension="629396" root="2.16.840.1.113883.4.336"/>
        <code code="282N00000X" codeSystem="2.16.840.1.113883.6.101" codeSystemName="Healthcare Provider Taxonomy (HIPAA)"/>
        <addr use="HP">
          <streetAddressLine>416 Arlo Village Spur</streetAddressLine>
          <city>Quitzonbury</city>
          <state>NJ</state>
          <postalCode>07632</postalCode>
          <country>US</country>
        </addr>
        <assignedPerson>
          <name>
            <given>Jeffrey</given>
            <family>Dixon</family>
          </name>
        </assignedPerson>
        <representedOrganization>
          <id extension="388575244" root="2.16.840.1.113883.4.2"/>
          <addr use="HP">
            <streetAddressLine>416 Arlo Village Spur</streetAddressLine>
            <city>Quitzonbury</city>
            <state>NJ</state>
            <postalCode>07632</postalCode>
            <country>US</country>
          </addr>
        </representedOrganization>
      </assignedEntity>
    </performer>
  </serviceEvent>
</documentationOf>
<component>
  <structuredBody>
    <component>
      <section>
        <!-- 
          *****************************************************************
          Measure Section
          *****************************************************************
        -->
        <!-- This is the templateId for Measure Section -->
        <templateId root="2.16.840.1.113883.10.20.24.2.2"/>
        <!-- This is the templateId for Measure Section QDM -->
        <templateId root="2.16.840.1.113883.10.20.24.2.3"/>
        <!-- This is the LOINC code for "Measure document". This stays the same for all measure section required by QRDA standard -->
        <code code="55186-1" codeSystem="2.16.840.1.113883.6.1"/>
        <title>Measure Section</title>
        <text>
          <table border="1" width="100%">
            <thead>
              <tr>
                <th>eMeasure Title</th>
                <th>Version specific identifier</th>
              </tr>
            </thead>
            <tbody>
              <tr>
                <td>Median time (in minutes) from admit decision time to time of departure from the emergency department for emergency department patients admitted to inpatient status</td>
                <td>40280382-68D3-A5FE-0169-06FF09260E87</td>
                <td/>
              </tr>
            </tbody>
          </table>
        </text>
        <!-- 1..* Organizers, each containing a reference to an eMeasure -->
        <entry>
          <organizer classCode="CLUSTER" moodCode="EVN">
            <!-- This is the templateId for Measure Reference -->
            <templateId root="2.16.840.1.113883.10.20.24.3.98"/>
            <!-- This is the templateId for eMeasure Reference QDM -->
            <templateId root="2.16.840.1.113883.10.20.24.3.97"/>
            <id extension="2229ea50-fb50-0138-88e2-080027e672fa" root="1.3.6.1.4.1.115"/>
            <statusCode code="completed"/>
            <!-- Containing isBranch external references -->
            <reference typeCode="REFR">
              <externalDocument classCode="DOC" moodCode="EVN">
                <!-- SHALL: This is the version specific identifier for eMeasure: QualityMeasureDocument/id it is a GUID-->
                <id extension="40280382-68D3-A5FE-0169-06FF09260E87" root="2.16.840.1.113883.4.738"/>
                <!-- SHOULD This is the title of the eMeasure -->
                <text>Median time (in minutes) from admit decision time to time of departure from the emergency department for emergency department patients admitted to inpatient status</text>
                <!-- SHOULD: setId is the eMeasure version neutral id  -->
                <setId root="979F21BD-3F93-4CDD-8273-B23DFE9C0513"/>
              </externalDocument>
            </reference>
          </organizer>
        </entry>
      </section>
    </component>    <component>
      <section>
        <!-- This is the templateId for Reporting Parameters section -->
        <templateId root="2.16.840.1.113883.10.20.17.2.1"/>
        <templateId extension="2016-03-01" root="2.16.840.1.113883.10.20.17.2.1.1"/>
        <code code="55187-9" codeSystem="2.16.840.1.113883.6.1"/>
        <title>Reporting Parameters</title>
        <text></text>
        <entry typeCode="DRIV">
          <act classCode="ACT" moodCode="EVN">
            <!-- This is the templateId for Reporting Parameteres Act -->
            <templateId root="2.16.840.1.113883.10.20.17.3.8"/>
            <templateId extension="2016-03-01" root="2.16.840.1.113883.10.20.17.3.8.1"/>
            <id extension="222a0f20-fb50-0138-88e2-080027e672fa" root="1.3.6.1.4.1.115"/>
            <code code="252116004" codeSystem="2.16.840.1.113883.6.96" displayName="Observation Parameters"/>
            <effectiveTime>
              <low value="20200101000000"/>
              <high value="20201231235959"/>
            </effectiveTime>
          </act>
        </entry>
      </section>
    </component>    <component>
        <section>
          <!-- This is the templateId for Patient Data section -->
          <templateId root="2.16.840.1.113883.10.20.17.2.4"/>
          <!-- This is the templateId for Patient Data QDM section -->
          <templateId extension="2018-10-01" root="2.16.840.1.113883.10.20.24.2.1"/>
          <templateId extension="2019-02-01" root="2.16.840.1.113883.10.20.24.2.1.1"/>
          <code code="55188-7" codeSystem="2.16.840.1.113883.6.1"/>
          <title>Patient Data</title>
          <text/>














            <entry>
              <act classCode="ACT" moodCode="RQO" >
                <templateId root="2.16.840.1.113883.10.20.24.3.132" extension="2017-08-01"/>
                <code code="ENC" codeSystem="2.16.840.1.113883.5.6" displayName="Encounter" codeSystemName="ActClass"/>
                <entryRelationship typeCode="SUBJ">
                  <encounter classCode="ENC" moodCode="RQO">
                    <!--  Plan of Care Activity Encounter template -->
                    <templateId root="2.16.840.1.113883.10.20.22.4.40" extension="2014-06-09"/>
                    <!-- Encounter order template -->
                    <templateId root="2.16.840.1.113883.10.20.24.3.22" extension="2017-08-01"/>
                    <id root="1.3.6.1.4.1.115" extension="5f99733663623903c1fbb840"/>
                    <!-- QDM Attribute: Code -->
                      <code code="19951005" codeSystem="2.16.840.1.113883.6.96" codeSystemName="SNOMEDCT"/>
                    <text>Decision to Admit to Hospital Inpatient</text>
                    <statusCode code="active"/>
                      <!-- QDM Attribute: Author dateTime -->
                      <author>
                        <templateId root="2.16.840.1.113883.10.20.24.3.155" extension="2017-08-01"/>
                        <time value='20200521161500'/>
                        <assignedAuthor>
                              <id nullFlavor="NA"/>
                        </assignedAuthor>
                      </author>                  </encounter>
                </entryRelationship>
              </act>
            </entry>
            <entry>
              <act classCode="ACT" moodCode="EVN" >
                <!--Encounter performed Act -->
                <templateId extension="2017-08-01" root="2.16.840.1.113883.10.20.24.3.133"/>
                <code code="ENC" codeSystem="2.16.840.1.113883.5.6" codeSystemName="ActClass" displayName="Encounter"/>
                <entryRelationship typeCode="SUBJ">
                  <encounter classCode="ENC" moodCode="EVN">
                    <!--  Encounter activities template -->
                    <templateId extension="2015-08-01" root="2.16.840.1.113883.10.20.22.4.49"/>
                    <!-- Encounter performed template -->
                    <templateId extension="2017-08-01" root="2.16.840.1.113883.10.20.24.3.23"/>
                    <id extension="5f99733663623903c1fbb842" root="1.3.6.1.4.1.115"/>
                    <!-- QDM Attribute: Code -->
                      <code code="4525004" codeSystem="2.16.840.1.113883.6.96" codeSystemName="SNOMEDCT"/>
                    <text>Emergency Department Visit</text>
                    <statusCode code="completed"/>
                      <!-- QDM Attribute: Relevant Period -->
                      <effectiveTime><low value='20200402170000'/><high value='20200402210000'/></effectiveTime>
                      <!-- QDM Attribute: Facility Locations -->
                      <participant typeCode="LOC">
                        <!-- Facility Location template -->
                        <templateId extension="2017-08-01" root="2.16.840.1.113883.10.20.24.3.100"/>
                        <!-- QDM Attribute: Location Period -->
                        <time>
                          <low value='20200402170000'/><high value='20200402210000'/>
                        </time>
                        <participantRole classCode="SDLOC">
                          <code code="4525004" codeSystem="2.16.840.1.113883.6.96" codeSystemName="SNOMEDCT"/>
                          <addr>
                            <streetAddressLine>202 Burlington Rd.</streetAddressLine>
                            <city>Bedford</city>
                            <state>MA</state>
                            <postalCode>01730</postalCode>
                            <country>US</country>
                          </addr>
                          <telecom use="WP" value="tel:(781)271-3000"/>
                          <playingEntity classCode="PLC">
                            <name>Cypress Test Deck</name>
                          </playingEntity>
                        </participantRole>
                      </participant>                  </encounter>
                </entryRelationship>
              </act>
            </entry>            <entry>
              <act classCode="ACT" moodCode="EVN" >
                <!--Encounter performed Act -->
                <templateId extension="2017-08-01" root="2.16.840.1.113883.10.20.24.3.133"/>
                <code code="ENC" codeSystem="2.16.840.1.113883.5.6" codeSystemName="ActClass" displayName="Encounter"/>
                <entryRelationship typeCode="SUBJ">
                  <encounter classCode="ENC" moodCode="EVN">
                    <!--  Encounter activities template -->
                    <templateId extension="2015-08-01" root="2.16.840.1.113883.10.20.22.4.49"/>
                    <!-- Encounter performed template -->
                    <templateId extension="2017-08-01" root="2.16.840.1.113883.10.20.24.3.23"/>
                    <id extension="5f99733663623903c1fbb844" root="1.3.6.1.4.1.115"/>
                    <!-- QDM Attribute: Code -->
                      <code code="4525004" codeSystem="2.16.840.1.113883.6.96" codeSystemName="SNOMEDCT"/>
                    <text>Emergency Department Visit</text>
                    <statusCode code="completed"/>
                      <!-- QDM Attribute: Relevant Period -->
                      <effectiveTime><low value='20200521150000'/><high value='20200521163000'/></effectiveTime>
                      <!-- QDM Attribute: Facility Locations -->
                      <participant typeCode="LOC">
                        <!-- Facility Location template -->
                        <templateId extension="2017-08-01" root="2.16.840.1.113883.10.20.24.3.100"/>
                        <!-- QDM Attribute: Location Period -->
                        <time>
                          <low value='20200521150000'/><high value='20200521163000'/>
                        </time>
                        <participantRole classCode="SDLOC">
                          <code code="4525004" codeSystem="2.16.840.1.113883.6.96" codeSystemName="SNOMEDCT"/>
                          <addr>
                            <streetAddressLine>202 Burlington Rd.</streetAddressLine>
                            <city>Bedford</city>
                            <state>MA</state>
                            <postalCode>01730</postalCode>
                            <country>US</country>
                          </addr>
                          <telecom use="WP" value="tel:(781)271-3000"/>
                          <playingEntity classCode="PLC">
                            <name>Cypress Test Deck</name>
                          </playingEntity>
                        </participantRole>
                      </participant>                      <!-- QDM Attribute: Admission Source -->
                      <participant typeCode="LOC">
                        <participantRole classCode="SDLOC">
                          <templateId root="2.16.840.1.113883.10.20.24.3.151" extension="2017-08-01"/>
                          <code code="18095007" codeSystem="2.16.840.1.113883.6.96" codeSystemName="SNOMEDCT"/>
                        </participantRole>
                      </participant>                  </encounter>
                </entryRelationship>
              </act>
            </entry>            <entry>
              <act classCode="ACT" moodCode="EVN" >
                <!--Encounter performed Act -->
                <templateId extension="2017-08-01" root="2.16.840.1.113883.10.20.24.3.133"/>
                <code code="ENC" codeSystem="2.16.840.1.113883.5.6" codeSystemName="ActClass" displayName="Encounter"/>
                <entryRelationship typeCode="SUBJ">
                  <encounter classCode="ENC" moodCode="EVN">
                    <!--  Encounter activities template -->
                    <templateId extension="2015-08-01" root="2.16.840.1.113883.10.20.22.4.49"/>
                    <!-- Encounter performed template -->
                    <templateId extension="2017-08-01" root="2.16.840.1.113883.10.20.24.3.23"/>
                    <id extension="5f99733663623903c1fbb846" root="1.3.6.1.4.1.115"/>
                    <!-- QDM Attribute: Code -->
                      <code code="32485007" codeSystem="2.16.840.1.113883.6.96" codeSystemName="SNOMEDCT"/>
                    <text>Encounter Inpatient</text>
                    <statusCode code="completed"/>
                      <!-- QDM Attribute: Relevant Period -->
                      <effectiveTime><low value='20200521170000'/><high value='20200524180000'/></effectiveTime>
                      <!-- QDM Attribute: Discharge Disposition -->
                      <sdtc:dischargeDispositionCode code="10161009" codeSystem="2.16.840.1.113883.6.96" codeSystemName="SNOMEDCT"/>
                      <!-- QDM Attribute: Facility Locations -->
                      <participant typeCode="LOC">
                        <!-- Facility Location template -->
                        <templateId extension="2017-08-01" root="2.16.840.1.113883.10.20.24.3.100"/>
                        <!-- QDM Attribute: Location Period -->
                        <time>
                          <low value='20200521170000'/><high value='20200524180000'/>
                        </time>
                        <participantRole classCode="SDLOC">
                          <code code="183452005" codeSystem="2.16.840.1.113883.6.96" codeSystemName="SNOMEDCT"/>
                          <addr>
                            <streetAddressLine>202 Burlington Rd.</streetAddressLine>
                            <city>Bedford</city>
                            <state>MA</state>
                            <postalCode>01730</postalCode>
                            <country>US</country>
                          </addr>
                          <telecom use="WP" value="tel:(781)271-3000"/>
                          <playingEntity classCode="PLC">
                            <name>Cypress Test Deck</name>
                          </playingEntity>
                        </participantRole>
                      </participant>                      <!-- QDM Attribute: Principal Diagnosis -->
                      <entryRelationship typeCode="REFR">
                        <observation classCode="OBS" moodCode="EVN">
                            <templateId root="2.16.840.1.113883.10.20.24.3.152" extension="2017-08-01"/>
                            <id root="222e1770-fb50-0138-88e2-080027e672fa"/>
                            <code code="8319008" codeSystem="2.16.840.1.113883.6.96" displayName="Principal Diagnosis" codeSystemName="SNOMED"/>
                            <value code="111297002" codeSystem="2.16.840.1.113883.6.96" codeSystemName="SNOMEDCT" xsi:type="CD"/>
                        </observation>
                      </entryRelationship>                      <!-- QDM Attribute: Diagnoses -->
                      <entryRelationship typeCode="REFR">
                        <act classCode="ACT" moodCode="EVN">
                          <templateId extension="2015-08-01" root="2.16.840.1.113883.10.20.22.4.80"/>
                          <code code="29308-4" codeSystem="2.16.840.1.113883.6.1" codeSystemName="LOINC" displayName="Diagnosis"/>
                          <entryRelationship typeCode="SUBJ">
                            <observation classCode="OBS" moodCode="EVN">
                              <!--  Problem observation template -->
                              <templateId extension="2015-08-01" root="2.16.840.1.113883.10.20.22.4.4"/>
                              <id root="222e37f0-fb50-0138-88e2-080027e672fa"/>
                              <code code="29308-4" codeSystem="2.16.840.1.113883.6.1">
                                <translation code="282291009" codeSystem="2.16.840.1.113883.6.96"/>
                              </code>
                              <statusCode code="completed"/>
                              <effectiveTime><low value='20200521170000'/><high value='20200524180000'/></effectiveTime>
                              <value code="111297002" codeSystem="2.16.840.1.113883.6.96" codeSystemName="SNOMEDCT" xsi:type="CD"/>
                            </observation>
                          </entryRelationship>
                        </act>
                      </entryRelationship>                  </encounter>
                </entryRelationship>
              </act>
            </entry>






























            <entry>
              <!-- Patient Characteristic Payer -->
              <observation classCode="OBS" moodCode="EVN">
                <templateId root="2.16.840.1.113883.10.20.24.3.55"/>
                <id root="222fb970-fb50-0138-88e2-080027e672fa"/> 
                <code code="48768-6" codeSystemName="LOINC" codeSystem="2.16.840.1.113883.6.1" displayName="Payment source"/> 
                <statusCode code="completed"/>
                  <!-- QDM Attribute: Relevant Period -->
                  <effectiveTime><low value='19450306153000'/><high nullFlavor='UNK'/></effectiveTime>
                  <value xsi:type="CD" code="349" codeSystem="2.16.840.1.113883.3.221.5" codeSystemName="Source of Payment Typology"/>
              </observation>            
            </entry>
        </section>
      </component>
    </structuredBody>
  </component>
</ClinicalDocument>